{
    "timestamp": "2026-05-30T11:11:59.564908",
    "model_type": "1D CNN",
    "test_size": 0.3,
    "batch_size": 32,
    "epochs": 10,
    "final_epoch": 10,
    "metrics": {
        "mean_squared_error": 0.008517656475305557,
        "root_mean_squared_error": 0.09229115057959543,
        "mean_absolute_error": 0.058540284633636475,
        "r2_score": 0.997951090335846
    },
    "training_history": {
        "final_train_loss": 0.011501530185341835,
        "final_val_loss": 0.03085094317793846,
        "final_train_r2": -62.90703582763672,
        "final_val_r2": -59.52505874633789
    }
}