{
    "timestamp": "2026-05-29T16:42:39.192079",
    "model_type": "1D CNN",
    "test_size": 0.3,
    "batch_size": 32,
    "epochs": 10,
    "final_epoch": 10,
    "metrics": {
        "mean_squared_error": 0.026084700599312782,
        "root_mean_squared_error": 0.16150758681657273,
        "mean_absolute_error": 0.09191042184829712,
        "r2_score": 0.9936612248420715
    },
    "training_history": {
        "final_train_loss": 0.10055598616600037,
        "final_val_loss": 0.026084700599312782,
        "final_train_r2": -62.83679962158203,
        "final_val_r2": -62.004638671875
    }
}