{
    "timestamp": "2026-05-30T00:56:37.427880",
    "model_type": "1D CNN",
    "test_size": 0.3,
    "batch_size": 32,
    "epochs": 10,
    "final_epoch": 10,
    "metrics": {
        "mean_squared_error": 0.007497401442378759,
        "root_mean_squared_error": 0.08658753629927785,
        "mean_absolute_error": 0.0544215552508831,
        "r2_score": 0.9981942176818848
    },
    "training_history": {
        "final_train_loss": 0.021758684888482094,
        "final_val_loss": 0.00749739957973361,
        "final_train_r2": -62.87659454345703,
        "final_val_r2": -61.5568733215332
    }
}