{
    "timestamp": "2026-05-30T02:28:41.932756",
    "model_type": "1D CNN",
    "test_size": 0.3,
    "batch_size": 32,
    "epochs": 10,
    "final_epoch": 10,
    "metrics": {
        "mean_squared_error": 0.006872191559523344,
        "root_mean_squared_error": 0.08289868249570281,
        "mean_absolute_error": 0.050105076283216476,
        "r2_score": 0.9983513951301575
    },
    "training_history": {
        "final_train_loss": 0.016916969791054726,
        "final_val_loss": 0.009231128729879856,
        "final_train_r2": -62.909767150878906,
        "final_val_r2": -61.410335540771484
    }
}