{
    "timestamp": "2026-05-29T15:54:48.567057",
    "model_type": "1D CNN",
    "test_size": 0.3,
    "batch_size": 32,
    "epochs": 10,
    "final_epoch": 10,
    "metrics": {
        "mean_squared_error": 0.10224302113056183,
        "root_mean_squared_error": 0.3197546264412164,
        "mean_absolute_error": 0.21909351646900177,
        "r2_score": 0.9749708771705627
    },
    "training_history": {
        "final_train_loss": 0.2062699943780899,
        "final_val_loss": 0.10224302113056183,
        "final_train_r2": -62.49631881713867,
        "final_val_r2": -60.66693878173828
    }
}