{
    "timestamp": "2026-05-30T07:10:21.759922",
    "model_type": "1D CNN",
    "test_size": 0.3,
    "batch_size": 32,
    "epochs": 10,
    "final_epoch": 10,
    "metrics": {
        "mean_squared_error": 0.007713538594543934,
        "root_mean_squared_error": 0.08782675329615648,
        "mean_absolute_error": 0.050038162618875504,
        "r2_score": 0.9981480240821838
    },
    "training_history": {
        "final_train_loss": 0.013158748857676983,
        "final_val_loss": 0.012229145504534245,
        "final_train_r2": -62.90057373046875,
        "final_val_r2": -60.81479263305664
    }
}