{
    "timestamp": "2026-05-30T17:25:30.670603",
    "model_type": "1D CNN",
    "test_size": 0.3,
    "batch_size": 32,
    "epochs": 10,
    "final_epoch": 10,
    "metrics": {
        "mean_squared_error": 0.002534947358071804,
        "root_mean_squared_error": 0.05034826072538955,
        "mean_absolute_error": 0.02575802430510521,
        "r2_score": 0.9993941783905029
    },
    "training_history": {
        "final_train_loss": 0.008443286642432213,
        "final_val_loss": 0.002534947358071804,
        "final_train_r2": -62.930625915527344,
        "final_val_r2": -62.470420837402344
    }
}