{
    "timestamp": "2026-05-30T07:39:12.819738",
    "model_type": "1D CNN",
    "test_size": 0.3,
    "batch_size": 32,
    "epochs": 10,
    "final_epoch": 10,
    "metrics": {
        "mean_squared_error": 0.004478048533201218,
        "root_mean_squared_error": 0.06691822272894893,
        "mean_absolute_error": 0.041019514203071594,
        "r2_score": 0.9989273548126221
    },
    "training_history": {
        "final_train_loss": 0.011607551015913486,
        "final_val_loss": 0.011700218543410301,
        "final_train_r2": -62.908416748046875,
        "final_val_r2": -76.29197692871094
    }
}