{
    "timestamp": "2026-05-29T19:48:50.330823",
    "model_type": "1D CNN",
    "test_size": 0.3,
    "batch_size": 32,
    "epochs": 10,
    "final_epoch": 10,
    "metrics": {
        "mean_squared_error": 0.012056483887135983,
        "root_mean_squared_error": 0.10980202132536533,
        "mean_absolute_error": 0.06591083109378815,
        "r2_score": 0.9970948696136475
    },
    "training_history": {
        "final_train_loss": 0.04231266677379608,
        "final_val_loss": 0.019901353865861893,
        "final_train_r2": -62.786067962646484,
        "final_val_r2": -60.664920806884766
    }
}