{
    "timestamp": "2026-05-29T17:28:19.639330",
    "model_type": "1D CNN",
    "test_size": 0.3,
    "batch_size": 32,
    "epochs": 10,
    "final_epoch": 10,
    "metrics": {
        "mean_squared_error": 0.023812729865312576,
        "root_mean_squared_error": 0.15431373842050675,
        "mean_absolute_error": 0.08762094378471375,
        "r2_score": 0.9943236708641052
    },
    "training_history": {
        "final_train_loss": 0.07918164879083633,
        "final_val_loss": 0.02718689665198326,
        "final_train_r2": -62.84739303588867,
        "final_val_r2": -61.00090408325195
    }
}