{
    "timestamp": "2026-05-29T18:28:59.282685",
    "model_type": "1D CNN",
    "test_size": 0.3,
    "batch_size": 32,
    "epochs": 10,
    "final_epoch": 10,
    "metrics": {
        "mean_squared_error": 0.013598130084574223,
        "root_mean_squared_error": 0.11661102042506198,
        "mean_absolute_error": 0.06160218268632889,
        "r2_score": 0.9967271089553833
    },
    "training_history": {
        "final_train_loss": 0.0545208677649498,
        "final_val_loss": 0.014698348008096218,
        "final_train_r2": -62.81869888305664,
        "final_val_r2": -61.51561737060547
    }
}