{
    "timestamp": "2026-05-05T19:17:59.938878",
    "model_type": "1D CNN",
    "test_size": 0.3,
    "batch_size": 32,
    "epochs": 10,
    "final_epoch": 10,
    "metrics": {
        "mean_squared_error": 149.27296799096692,
        "root_mean_squared_error": 12.217731704001643,
        "mean_absolute_error": 9.181384332141885,
        "r2_score": -1.0616260837305904
    },
    "training_history": {
        "final_train_loss": 139.97073364257812,
        "final_val_loss": 669.18798828125,
        "final_train_r2": -94.58219146728516,
        "final_val_r2": -411.8258361816406
    }
}