{
    "timestamp": "2026-05-30T11:07:25.429208",
    "model_type": "1D CNN",
    "test_size": 0.3,
    "batch_size": 32,
    "epochs": 10,
    "final_epoch": 10,
    "metrics": {
        "mean_squared_error": 0.021577296778559685,
        "root_mean_squared_error": 0.14689212633276055,
        "mean_absolute_error": 0.10577879101037979,
        "r2_score": 0.9948065280914307
    },
    "training_history": {
        "final_train_loss": 0.012017796747386456,
        "final_val_loss": 0.0659058690071106,
        "final_train_r2": -62.914306640625,
        "final_val_r2": -58.120296478271484
    }
}