{
    "timestamp": "2026-05-30T18:18:19.624240",
    "model_type": "1D CNN Classifier",
    "test_size": 0.3,
    "batch_size": 32,
    "epochs": 10,
    "final_epoch": 10,
    "metrics": {
        "accuracy": 0.9987943762288088,
        "precision": 0.9987948204731567,
        "recall": 0.9987943762288088,
        "f1_score": 0.9987944409089308
    },
    "training_history": {
        "final_train_loss": 0.0026659383438527584,
        "final_val_loss": 0.00879406463354826,
        "final_train_accuracy": 0.9992527365684509,
        "final_val_accuracy": 0.9983306527137756
    }
}