{
    "timestamp": "2026-05-30T02:50:24.771583",
    "model_type": "1D CNN",
    "test_size": 0.3,
    "batch_size": 32,
    "epochs": 10,
    "final_epoch": 10,
    "metrics": {
        "mean_squared_error": 0.012871156446635723,
        "root_mean_squared_error": 0.11345111919516582,
        "mean_absolute_error": 0.07279402762651443,
        "r2_score": 0.9969175457954407
    },
    "training_history": {
        "final_train_loss": 0.02085289917886257,
        "final_val_loss": 0.018235299736261368,
        "final_train_r2": -62.88412094116211,
        "final_val_r2": -60.35212326049805
    }
}