{
    "timestamp": "2026-05-29T18:35:51.174856",
    "model_type": "1D CNN",
    "test_size": 0.3,
    "batch_size": 32,
    "epochs": 10,
    "final_epoch": 10,
    "metrics": {
        "mean_squared_error": 0.014326398260891438,
        "root_mean_squared_error": 0.11969293321199642,
        "mean_absolute_error": 0.07287954539060593,
        "r2_score": 0.9965460896492004
    },
    "training_history": {
        "final_train_loss": 0.06216861680150032,
        "final_val_loss": 0.018288766965270042,
        "final_train_r2": -62.928348541259766,
        "final_val_r2": -61.11500549316406
    }
}