{
    "timestamp": "2026-05-30T05:05:06.755002",
    "model_type": "1D CNN",
    "test_size": 0.3,
    "batch_size": 32,
    "epochs": 10,
    "final_epoch": 10,
    "metrics": {
        "mean_squared_error": 0.0050925640389323235,
        "root_mean_squared_error": 0.0713622031535765,
        "mean_absolute_error": 0.04660668224096298,
        "r2_score": 0.9987777471542358
    },
    "training_history": {
        "final_train_loss": 0.015176302753388882,
        "final_val_loss": 0.0050925612449646,
        "final_train_r2": -62.907020568847656,
        "final_val_r2": -61.864959716796875
    }
}