{
    "timestamp": "2026-05-30T15:14:26.217990",
    "model_type": "1D CNN",
    "test_size": 0.3,
    "batch_size": 32,
    "epochs": 10,
    "final_epoch": 10,
    "metrics": {
        "mean_squared_error": 0.008754589594900608,
        "root_mean_squared_error": 0.0935659638698849,
        "mean_absolute_error": 0.04436445236206055,
        "r2_score": 0.9979060292243958
    },
    "training_history": {
        "final_train_loss": 0.007863606326282024,
        "final_val_loss": 0.008754594251513481,
        "final_train_r2": -62.925113677978516,
        "final_val_r2": -61.43559646606445
    }
}