{
    "timestamp": "2026-05-29T17:19:59.255511",
    "model_type": "1D CNN",
    "test_size": 0.3,
    "batch_size": 32,
    "epochs": 10,
    "final_epoch": 10,
    "metrics": {
        "mean_squared_error": 0.018823236227035522,
        "root_mean_squared_error": 0.13719779964356396,
        "mean_absolute_error": 0.07579728215932846,
        "r2_score": 0.9955033659934998
    },
    "training_history": {
        "final_train_loss": 0.08065538853406906,
        "final_val_loss": 0.018823236227035522,
        "final_train_r2": -62.779232025146484,
        "final_val_r2": -61.60525894165039
    }
}