{
    "timestamp": "2026-05-29T18:59:45.119809",
    "model_type": "1D CNN",
    "test_size": 0.3,
    "batch_size": 32,
    "epochs": 10,
    "final_epoch": 10,
    "metrics": {
        "mean_squared_error": 0.021516256034374237,
        "root_mean_squared_error": 0.14668420512916255,
        "mean_absolute_error": 0.09439501911401749,
        "r2_score": 0.9948133826255798
    },
    "training_history": {
        "final_train_loss": 0.05120200291275978,
        "final_val_loss": 0.033603690564632416,
        "final_train_r2": -62.793418884277344,
        "final_val_r2": -59.3983154296875
    }
}