{
    "timestamp": "2026-05-29T15:56:40.136466",
    "model_type": "1D CNN",
    "test_size": 0.3,
    "batch_size": 32,
    "epochs": 10,
    "final_epoch": 10,
    "metrics": {
        "mean_squared_error": 0.07880867272615433,
        "root_mean_squared_error": 0.2807288241811915,
        "mean_absolute_error": 0.19691312313079834,
        "r2_score": 0.9803581237792969
    },
    "training_history": {
        "final_train_loss": 0.1795361340045929,
        "final_val_loss": 0.07880868762731552,
        "final_train_r2": -62.44782638549805,
        "final_val_r2": -60.253055572509766
    }
}