{
    "timestamp": "2026-05-29T18:19:37.454224",
    "model_type": "1D CNN",
    "test_size": 0.3,
    "batch_size": 32,
    "epochs": 10,
    "final_epoch": 10,
    "metrics": {
        "mean_squared_error": 0.01169445738196373,
        "root_mean_squared_error": 0.10814091446794655,
        "mean_absolute_error": 0.05846594646573067,
        "r2_score": 0.9971996545791626
    },
    "training_history": {
        "final_train_loss": 0.05925983190536499,
        "final_val_loss": 0.02658180706202984,
        "final_train_r2": -62.878753662109375,
        "final_val_r2": -60.569580078125
    }
}