{
    "timestamp": "2026-05-30T16:19:39.366933",
    "model_type": "1D CNN",
    "test_size": 0.3,
    "batch_size": 32,
    "epochs": 10,
    "final_epoch": 10,
    "metrics": {
        "mean_squared_error": 0.028051333501935005,
        "root_mean_squared_error": 0.16748532324336662,
        "mean_absolute_error": 0.1262654960155487,
        "r2_score": 0.9932764172554016
    },
    "training_history": {
        "final_train_loss": 0.008430746383965015,
        "final_val_loss": 0.05088995397090912,
        "final_train_r2": -62.94731140136719,
        "final_val_r2": -58.74481201171875
    }
}