{
    "timestamp": "2026-05-30T00:00:41.871070",
    "model_type": "1D CNN",
    "test_size": 0.3,
    "batch_size": 32,
    "epochs": 10,
    "final_epoch": 10,
    "metrics": {
        "mean_squared_error": 0.014206619933247566,
        "root_mean_squared_error": 0.11919152626444367,
        "mean_absolute_error": 0.08252526819705963,
        "r2_score": 0.9965899586677551
    },
    "training_history": {
        "final_train_loss": 0.02181284688413143,
        "final_val_loss": 0.01691371202468872,
        "final_train_r2": -62.87666702270508,
        "final_val_r2": -60.48988723754883
    }
}