{
    "timestamp": "2026-05-30T01:13:01.312908",
    "model_type": "1D CNN",
    "test_size": 0.3,
    "batch_size": 32,
    "epochs": 10,
    "final_epoch": 10,
    "metrics": {
        "mean_squared_error": 0.011007312685251236,
        "root_mean_squared_error": 0.10491574088406008,
        "mean_absolute_error": 0.06576145440340042,
        "r2_score": 0.9973649382591248
    },
    "training_history": {
        "final_train_loss": 0.021259795874357224,
        "final_val_loss": 0.011007316410541534,
        "final_train_r2": -62.87919998168945,
        "final_val_r2": -61.05733871459961
    }
}