{
    "timestamp": "2026-05-29T19:09:01.438444",
    "model_type": "1D CNN",
    "test_size": 0.3,
    "batch_size": 32,
    "epochs": 10,
    "final_epoch": 10,
    "metrics": {
        "mean_squared_error": 0.011716076172888279,
        "root_mean_squared_error": 0.10824082489009532,
        "mean_absolute_error": 0.05526532605290413,
        "r2_score": 0.9971928000450134
    },
    "training_history": {
        "final_train_loss": 0.05591866746544838,
        "final_val_loss": 0.01664559170603752,
        "final_train_r2": -62.8577766418457,
        "final_val_r2": -60.58590316772461
    }
}