{
    "timestamp": "2026-05-30T07:06:14.422340",
    "model_type": "1D CNN",
    "test_size": 0.3,
    "batch_size": 32,
    "epochs": 10,
    "final_epoch": 10,
    "metrics": {
        "mean_squared_error": 0.007050634827464819,
        "root_mean_squared_error": 0.08396805837617552,
        "mean_absolute_error": 0.047314707189798355,
        "r2_score": 0.9983015060424805
    },
    "training_history": {
        "final_train_loss": 0.012092742137610912,
        "final_val_loss": 0.007050636690109968,
        "final_train_r2": -62.90899658203125,
        "final_val_r2": -146.93199157714844
    }
}