{
    "timestamp": "2026-05-29T21:18:14.752247",
    "model_type": "1D CNN",
    "test_size": 0.3,
    "batch_size": 32,
    "epochs": 10,
    "final_epoch": 10,
    "metrics": {
        "mean_squared_error": 0.00952817965298891,
        "root_mean_squared_error": 0.09761239497619609,
        "mean_absolute_error": 0.05751322582364082,
        "r2_score": 0.9976968765258789
    },
    "training_history": {
        "final_train_loss": 0.0322127565741539,
        "final_val_loss": 0.028163280338048935,
        "final_train_r2": -62.843997955322266,
        "final_val_r2": -59.56646728515625
    }
}