{
    "timestamp": "2026-05-29T17:09:45.860849",
    "model_type": "1D CNN",
    "test_size": 0.3,
    "batch_size": 32,
    "epochs": 10,
    "final_epoch": 10,
    "metrics": {
        "mean_squared_error": 0.021663619205355644,
        "root_mean_squared_error": 0.1471856623634097,
        "mean_absolute_error": 0.08022405952215195,
        "r2_score": 0.99485182762146
    },
    "training_history": {
        "final_train_loss": 0.08644092828035355,
        "final_val_loss": 0.021663621068000793,
        "final_train_r2": -62.80168533325195,
        "final_val_r2": -724.0049438476562
    }
}