{
    "timestamp": "2026-05-29T18:21:48.733897",
    "model_type": "1D CNN",
    "test_size": 0.3,
    "batch_size": 32,
    "epochs": 10,
    "final_epoch": 10,
    "metrics": {
        "mean_squared_error": 0.029705269262194633,
        "root_mean_squared_error": 0.1723521663983213,
        "mean_absolute_error": 0.11409194022417068,
        "r2_score": 0.9928483366966248
    },
    "training_history": {
        "final_train_loss": 0.05739926919341087,
        "final_val_loss": 0.030385246500372887,
        "final_train_r2": -62.84723663330078,
        "final_val_r2": -60.58673095703125
    }
}