{
    "timestamp": "2026-05-30T16:55:24.279651",
    "model_type": "1D CNN",
    "test_size": 0.3,
    "batch_size": 32,
    "epochs": 10,
    "final_epoch": 10,
    "metrics": {
        "mean_squared_error": 0.0016678024549037218,
        "root_mean_squared_error": 0.04083873718546794,
        "mean_absolute_error": 0.01630682311952114,
        "r2_score": 0.9995999336242676
    },
    "training_history": {
        "final_train_loss": 0.009283479303121567,
        "final_val_loss": 0.0016678019892424345,
        "final_train_r2": -62.91481018066406,
        "final_val_r2": -62.70620346069336
    }
}