{
    "timestamp": "2026-05-30T16:24:38.514309",
    "model_type": "1D CNN",
    "test_size": 0.3,
    "batch_size": 32,
    "epochs": 10,
    "final_epoch": 10,
    "metrics": {
        "mean_squared_error": 0.011135431937873363,
        "root_mean_squared_error": 0.10552455608943997,
        "mean_absolute_error": 0.057547248899936676,
        "r2_score": 0.9973304867744446
    },
    "training_history": {
        "final_train_loss": 0.007929620333015919,
        "final_val_loss": 0.018394652754068375,
        "final_train_r2": -62.9334716796875,
        "final_val_r2": -60.34363555908203
    }
}