{
    "timestamp": "2026-05-30T15:43:39.859041",
    "model_type": "1D CNN",
    "test_size": 0.3,
    "batch_size": 32,
    "epochs": 10,
    "final_epoch": 10,
    "metrics": {
        "mean_squared_error": 0.004632282070815563,
        "root_mean_squared_error": 0.06806087033542521,
        "mean_absolute_error": 0.03504807874560356,
        "r2_score": 0.9988923072814941
    },
    "training_history": {
        "final_train_loss": 0.0076427701860666275,
        "final_val_loss": 0.007398384157568216,
        "final_train_r2": -62.93218231201172,
        "final_val_r2": -61.39764404296875
    }
}