{
    "timestamp": "2026-05-30T05:36:46.698612",
    "model_type": "1D CNN",
    "test_size": 0.3,
    "batch_size": 32,
    "epochs": 10,
    "final_epoch": 10,
    "metrics": {
        "mean_squared_error": 0.002964201383292675,
        "root_mean_squared_error": 0.05444447982387815,
        "mean_absolute_error": 0.02546542137861252,
        "r2_score": 0.9992902874946594
    },
    "training_history": {
        "final_train_loss": 0.015489999204874039,
        "final_val_loss": 0.0029642016161233187,
        "final_train_r2": -62.90212631225586,
        "final_val_r2": -62.918556213378906
    }
}