{
    "timestamp": "2026-05-30T13:47:59.269774",
    "model_type": "1D CNN",
    "test_size": 0.3,
    "batch_size": 32,
    "epochs": 10,
    "final_epoch": 10,
    "metrics": {
        "mean_squared_error": 0.012558096088469028,
        "root_mean_squared_error": 0.11206291129748963,
        "mean_absolute_error": 0.07937207072973251,
        "r2_score": 0.9969859719276428
    },
    "training_history": {
        "final_train_loss": 0.011577611789107323,
        "final_val_loss": 0.01530364342033863,
        "final_train_r2": -62.91801071166992,
        "final_val_r2": -60.721134185791016
    }
}