{
    "timestamp": "2026-05-30T14:07:17.432327",
    "model_type": "1D CNN",
    "test_size": 0.3,
    "batch_size": 32,
    "epochs": 10,
    "final_epoch": 10,
    "metrics": {
        "mean_squared_error": 0.011456486769020557,
        "root_mean_squared_error": 0.10703497918447295,
        "mean_absolute_error": 0.059440385550260544,
        "r2_score": 0.9972559213638306
    },
    "training_history": {
        "final_train_loss": 0.009440198540687561,
        "final_val_loss": 0.011456488631665707,
        "final_train_r2": -62.92581558227539,
        "final_val_r2": -60.932247161865234
    }
}