{
    "timestamp": "2026-05-29T17:43:33.379319",
    "model_type": "1D CNN",
    "test_size": 0.3,
    "batch_size": 32,
    "epochs": 10,
    "final_epoch": 10,
    "metrics": {
        "mean_squared_error": 0.0207524336874485,
        "root_mean_squared_error": 0.14405705011365635,
        "mean_absolute_error": 0.09253615885972977,
        "r2_score": 0.9950306415557861
    },
    "training_history": {
        "final_train_loss": 0.07162243127822876,
        "final_val_loss": 0.0207524336874485,
        "final_train_r2": -62.8980712890625,
        "final_val_r2": -60.615116119384766
    }
}