{
    "timestamp": "2026-05-29T22:47:20.733541",
    "model_type": "1D CNN",
    "test_size": 0.3,
    "batch_size": 32,
    "epochs": 10,
    "final_epoch": 10,
    "metrics": {
        "mean_squared_error": 0.008216376416385174,
        "root_mean_squared_error": 0.09064422991225185,
        "mean_absolute_error": 0.05642130970954895,
        "r2_score": 0.9980146288871765
    },
    "training_history": {
        "final_train_loss": 0.028532974421977997,
        "final_val_loss": 0.008216376416385174,
        "final_train_r2": -62.877105712890625,
        "final_val_r2": -61.49571990966797
    }
}