{
    "timestamp": "2026-05-29T22:20:43.775934",
    "model_type": "1D CNN",
    "test_size": 0.3,
    "batch_size": 32,
    "epochs": 10,
    "final_epoch": 10,
    "metrics": {
        "mean_squared_error": 0.008265994489192963,
        "root_mean_squared_error": 0.09091751475482028,
        "mean_absolute_error": 0.055582474917173386,
        "r2_score": 0.998004674911499
    },
    "training_history": {
        "final_train_loss": 0.02835109457373619,
        "final_val_loss": 0.008695969358086586,
        "final_train_r2": -62.81814193725586,
        "final_val_r2": -62.23020935058594
    }
}