{
    "timestamp": "2026-05-30T17:04:56.956390",
    "model_type": "1D CNN",
    "test_size": 0.3,
    "batch_size": 32,
    "epochs": 10,
    "final_epoch": 10,
    "metrics": {
        "mean_squared_error": 0.001998970750719309,
        "root_mean_squared_error": 0.0447098507123353,
        "mean_absolute_error": 0.02010434679687023,
        "r2_score": 0.9995208382606506
    },
    "training_history": {
        "final_train_loss": 0.008531791158020496,
        "final_val_loss": 0.004102562554180622,
        "final_train_r2": -62.92540740966797,
        "final_val_r2": -61.89210510253906
    }
}