{
    "timestamp": "2026-05-29T20:37:52.369035",
    "model_type": "1D CNN",
    "test_size": 0.3,
    "batch_size": 32,
    "epochs": 10,
    "final_epoch": 10,
    "metrics": {
        "mean_squared_error": 0.011284139938652515,
        "root_mean_squared_error": 0.10622683247961653,
        "mean_absolute_error": 0.07122466713190079,
        "r2_score": 0.9972939491271973
    },
    "training_history": {
        "final_train_loss": 0.036548372358083725,
        "final_val_loss": 0.011284147389233112,
        "final_train_r2": -62.79926681518555,
        "final_val_r2": -61.197479248046875
    }
}