{
    "timestamp": "2026-05-29T17:21:59.408904",
    "model_type": "1D CNN",
    "test_size": 0.3,
    "batch_size": 32,
    "epochs": 10,
    "final_epoch": 10,
    "metrics": {
        "mean_squared_error": 0.017506055533885956,
        "root_mean_squared_error": 0.13231045134034558,
        "mean_absolute_error": 0.0655016228556633,
        "r2_score": 0.9958385825157166
    },
    "training_history": {
        "final_train_loss": 0.08330057561397552,
        "final_val_loss": 0.01750604808330536,
        "final_train_r2": -62.92188262939453,
        "final_val_r2": -62.141578674316406
    }
}