{
    "timestamp": "2026-05-29T15:43:46.515076",
    "model_type": "1D CNN",
    "test_size": 0.3,
    "batch_size": 32,
    "epochs": 10,
    "final_epoch": 10,
    "metrics": {
        "mean_squared_error": 0.18249079585075378,
        "root_mean_squared_error": 0.4271894144881797,
        "mean_absolute_error": 0.2930569648742676,
        "r2_score": 0.9530472159385681
    },
    "training_history": {
        "final_train_loss": 0.3406795263290405,
        "final_val_loss": 0.18249079585075378,
        "final_train_r2": -60.92450714111328,
        "final_val_r2": -61.709129333496094
    }
}