{
    "timestamp": "2026-05-29T20:11:58.202434",
    "model_type": "1D CNN",
    "test_size": 0.3,
    "batch_size": 32,
    "epochs": 10,
    "final_epoch": 10,
    "metrics": {
        "mean_squared_error": 0.01853310875594616,
        "root_mean_squared_error": 0.1361363608884348,
        "mean_absolute_error": 0.09074908494949341,
        "r2_score": 0.9955523610115051
    },
    "training_history": {
        "final_train_loss": 0.04868080094456673,
        "final_val_loss": 0.021102217957377434,
        "final_train_r2": -62.864845275878906,
        "final_val_r2": -60.015586853027344
    }
}