{
    "timestamp": "2026-05-30T02:25:03.753115",
    "model_type": "1D CNN",
    "test_size": 0.3,
    "batch_size": 32,
    "epochs": 10,
    "final_epoch": 10,
    "metrics": {
        "mean_squared_error": 0.00811048410832882,
        "root_mean_squared_error": 0.09005822621131741,
        "mean_absolute_error": 0.05210132524371147,
        "r2_score": 0.998049795627594
    },
    "training_history": {
        "final_train_loss": 0.01817621849477291,
        "final_val_loss": 0.008110481314361095,
        "final_train_r2": -62.877994537353516,
        "final_val_r2": -61.652713775634766
    }
}