{
    "timestamp": "2026-05-29T21:26:53.698427",
    "model_type": "1D CNN",
    "test_size": 0.3,
    "batch_size": 32,
    "epochs": 10,
    "final_epoch": 10,
    "metrics": {
        "mean_squared_error": 0.016386456787586212,
        "root_mean_squared_error": 0.1280095964667736,
        "mean_absolute_error": 0.09317507594823837,
        "r2_score": 0.996071457862854
    },
    "training_history": {
        "final_train_loss": 0.03405481204390526,
        "final_val_loss": 0.01638646051287651,
        "final_train_r2": -62.86941146850586,
        "final_val_r2": -60.155941009521484
    }
}