{
    "timestamp": "2026-05-30T04:58:02.821005",
    "model_type": "1D CNN",
    "test_size": 0.3,
    "batch_size": 32,
    "epochs": 10,
    "final_epoch": 10,
    "metrics": {
        "mean_squared_error": 0.013939823023974895,
        "root_mean_squared_error": 0.11806702767485466,
        "mean_absolute_error": 0.08093353360891342,
        "r2_score": 0.9966480135917664
    },
    "training_history": {
        "final_train_loss": 0.01422233134508133,
        "final_val_loss": 0.018004540354013443,
        "final_train_r2": -62.903072357177734,
        "final_val_r2": -60.374481201171875
    }
}