{
    "timestamp": "2026-05-29T17:07:39.441160",
    "model_type": "1D CNN",
    "test_size": 0.3,
    "batch_size": 32,
    "epochs": 10,
    "final_epoch": 10,
    "metrics": {
        "mean_squared_error": 0.02469956874847412,
        "root_mean_squared_error": 0.15716096445515382,
        "mean_absolute_error": 0.09578792005777359,
        "r2_score": 0.9940298199653625
    },
    "training_history": {
        "final_train_loss": 0.09420772641897202,
        "final_val_loss": 0.024699578061699867,
        "final_train_r2": -62.85590362548828,
        "final_val_r2": -61.77821350097656
    }
}