{
    "timestamp": "2026-05-30T07:01:50.816315",
    "model_type": "1D CNN",
    "test_size": 0.3,
    "batch_size": 32,
    "epochs": 10,
    "final_epoch": 10,
    "metrics": {
        "mean_squared_error": 0.004008960444480181,
        "root_mean_squared_error": 0.06331635210970528,
        "mean_absolute_error": 0.03550824895501137,
        "r2_score": 0.9990369081497192
    },
    "training_history": {
        "final_train_loss": 0.012416297569870949,
        "final_val_loss": 0.004008961841464043,
        "final_train_r2": -62.89961624145508,
        "final_val_r2": -62.19453811645508
    }
}