{
    "timestamp": "2026-05-29T23:14:13.226205",
    "model_type": "1D CNN",
    "test_size": 0.3,
    "batch_size": 32,
    "epochs": 10,
    "final_epoch": 10,
    "metrics": {
        "mean_squared_error": 0.010353153571486473,
        "root_mean_squared_error": 0.10175044752474789,
        "mean_absolute_error": 0.06833536922931671,
        "r2_score": 0.9975047707557678
    },
    "training_history": {
        "final_train_loss": 0.0257576834410429,
        "final_val_loss": 0.027805428951978683,
        "final_train_r2": -62.86417007446289,
        "final_val_r2": -59.53327941894531
    }
}