{
    "timestamp": "2026-05-30T01:43:15.037430",
    "model_type": "1D CNN",
    "test_size": 0.3,
    "batch_size": 32,
    "epochs": 10,
    "final_epoch": 10,
    "metrics": {
        "mean_squared_error": 0.006286104675382376,
        "root_mean_squared_error": 0.0792849586957222,
        "mean_absolute_error": 0.04522346705198288,
        "r2_score": 0.9984911680221558
    },
    "training_history": {
        "final_train_loss": 0.02292066253721714,
        "final_val_loss": 0.009032069705426693,
        "final_train_r2": -62.881717681884766,
        "final_val_r2": -61.50197982788086
    }
}