{
    "timestamp": "2026-05-30T04:07:32.328658",
    "model_type": "1D CNN",
    "test_size": 0.3,
    "batch_size": 32,
    "epochs": 10,
    "final_epoch": 10,
    "metrics": {
        "mean_squared_error": 0.0068104928359389305,
        "root_mean_squared_error": 0.0825257101510731,
        "mean_absolute_error": 0.04640215262770653,
        "r2_score": 0.9983580112457275
    },
    "training_history": {
        "final_train_loss": 0.014610144309699535,
        "final_val_loss": 0.009212488308548927,
        "final_train_r2": -62.89043426513672,
        "final_val_r2": -61.306766510009766
    }
}