{
    "timestamp": "2026-05-29T19:02:11.667544",
    "model_type": "1D CNN",
    "test_size": 0.3,
    "batch_size": 32,
    "epochs": 10,
    "final_epoch": 10,
    "metrics": {
        "mean_squared_error": 0.012359002605080605,
        "root_mean_squared_error": 0.11117105111080225,
        "mean_absolute_error": 0.058244992047548294,
        "r2_score": 0.9970203638076782
    },
    "training_history": {
        "final_train_loss": 0.05854889005422592,
        "final_val_loss": 0.01923173852264881,
        "final_train_r2": -62.938011169433594,
        "final_val_r2": -61.19967269897461
    }
}