{
    "timestamp": "2026-05-30T15:59:19.004344",
    "model_type": "1D CNN",
    "test_size": 0.3,
    "batch_size": 32,
    "epochs": 10,
    "final_epoch": 10,
    "metrics": {
        "mean_squared_error": 0.010238735936582088,
        "root_mean_squared_error": 0.10118663912089426,
        "mean_absolute_error": 0.0624401681125164,
        "r2_score": 0.997552752494812
    },
    "training_history": {
        "final_train_loss": 0.007556553464382887,
        "final_val_loss": 0.013721413910388947,
        "final_train_r2": -62.93798065185547,
        "final_val_r2": -60.787288665771484
    }
}