{
    "timestamp": "2026-05-29T23:17:18.347744",
    "model_type": "1D CNN",
    "test_size": 0.3,
    "batch_size": 32,
    "epochs": 10,
    "final_epoch": 10,
    "metrics": {
        "mean_squared_error": 0.0041294582188129425,
        "root_mean_squared_error": 0.06426086070706603,
        "mean_absolute_error": 0.03478260710835457,
        "r2_score": 0.9990090131759644
    },
    "training_history": {
        "final_train_loss": 0.025178855285048485,
        "final_val_loss": 0.008189183659851551,
        "final_train_r2": -62.855831146240234,
        "final_val_r2": -62.519203186035156
    }
}