{
    "timestamp": "2026-05-30T01:36:53.051950",
    "model_type": "1D CNN",
    "test_size": 0.3,
    "batch_size": 32,
    "epochs": 10,
    "final_epoch": 10,
    "metrics": {
        "mean_squared_error": 0.0037952344864606857,
        "root_mean_squared_error": 0.06160547448450248,
        "mean_absolute_error": 0.030033698305487633,
        "r2_score": 0.9990919232368469
    },
    "training_history": {
        "final_train_loss": 0.023947853595018387,
        "final_val_loss": 0.0037952340207993984,
        "final_train_r2": -62.87997817993164,
        "final_val_r2": -62.79572677612305
    }
}