{
    "timestamp": "2026-05-30T05:32:53.322026",
    "model_type": "1D CNN",
    "test_size": 0.3,
    "batch_size": 32,
    "epochs": 10,
    "final_epoch": 10,
    "metrics": {
        "mean_squared_error": 0.0038167962338775396,
        "root_mean_squared_error": 0.061780225265674935,
        "mean_absolute_error": 0.034487273544073105,
        "r2_score": 0.999082624912262
    },
    "training_history": {
        "final_train_loss": 0.01454851496964693,
        "final_val_loss": 0.0038167948368936777,
        "final_train_r2": -62.88459777832031,
        "final_val_r2": -62.32381057739258
    }
}