{
    "timestamp": "2026-05-30T05:20:43.701294",
    "model_type": "1D CNN",
    "test_size": 0.3,
    "batch_size": 32,
    "epochs": 10,
    "final_epoch": 10,
    "metrics": {
        "mean_squared_error": 0.0027968604117631912,
        "root_mean_squared_error": 0.05288535158021729,
        "mean_absolute_error": 0.02596588432788849,
        "r2_score": 0.9993311166763306
    },
    "training_history": {
        "final_train_loss": 0.01589343510568142,
        "final_val_loss": 0.005096154287457466,
        "final_train_r2": -62.910972595214844,
        "final_val_r2": -61.723594665527344
    }
}