{
    "timestamp": "2026-05-30T02:07:25.872944",
    "model_type": "1D CNN",
    "test_size": 0.3,
    "batch_size": 32,
    "epochs": 10,
    "final_epoch": 10,
    "metrics": {
        "mean_squared_error": 0.011609304696321487,
        "root_mean_squared_error": 0.10774648345222913,
        "mean_absolute_error": 0.06654524058103561,
        "r2_score": 0.9972003698348999
    },
    "training_history": {
        "final_train_loss": 0.019772639498114586,
        "final_val_loss": 0.016477493569254875,
        "final_train_r2": -62.89393997192383,
        "final_val_r2": -60.46915817260742
    }
}