{
    "timestamp": "2026-05-30T10:09:49.383662",
    "model_type": "1D CNN",
    "test_size": 0.3,
    "batch_size": 32,
    "epochs": 10,
    "final_epoch": 10,
    "metrics": {
        "mean_squared_error": 0.004259922541677952,
        "root_mean_squared_error": 0.06526808210509906,
        "mean_absolute_error": 0.03394283354282379,
        "r2_score": 0.9989784359931946
    },
    "training_history": {
        "final_train_loss": 0.009758325293660164,
        "final_val_loss": 0.004259924869984388,
        "final_train_r2": -62.926055908203125,
        "final_val_r2": -62.203956604003906
    }
}