{
    "timestamp": "2026-05-29T16:59:04.368530",
    "model_type": "1D CNN",
    "test_size": 0.3,
    "batch_size": 32,
    "epochs": 10,
    "final_epoch": 10,
    "metrics": {
        "mean_squared_error": 0.03936176374554634,
        "root_mean_squared_error": 0.19839799330020033,
        "mean_absolute_error": 0.13508877158164978,
        "r2_score": 0.9905971884727478
    },
    "training_history": {
        "final_train_loss": 0.09665472060441971,
        "final_val_loss": 0.04780937358736992,
        "final_train_r2": -62.8198127746582,
        "final_val_r2": -60.10551834106445
    }
}