{
    "timestamp": "2026-05-29T18:33:35.766760",
    "model_type": "1D CNN",
    "test_size": 0.3,
    "batch_size": 32,
    "epochs": 10,
    "final_epoch": 10,
    "metrics": {
        "mean_squared_error": 0.01900181733071804,
        "root_mean_squared_error": 0.13784707951464928,
        "mean_absolute_error": 0.08262170851230621,
        "r2_score": 0.9954870939254761
    },
    "training_history": {
        "final_train_loss": 0.06269750744104385,
        "final_val_loss": 0.02400783821940422,
        "final_train_r2": -62.90668487548828,
        "final_val_r2": -60.45829772949219
    }
}