{
    "timestamp": "2026-05-30T10:48:51.501003",
    "model_type": "1D CNN",
    "test_size": 0.3,
    "batch_size": 32,
    "epochs": 10,
    "final_epoch": 10,
    "metrics": {
        "mean_squared_error": 0.003419889137148857,
        "root_mean_squared_error": 0.05847981820379452,
        "mean_absolute_error": 0.03473703935742378,
        "r2_score": 0.9991797208786011
    },
    "training_history": {
        "final_train_loss": 0.009920194745063782,
        "final_val_loss": 0.004293818026781082,
        "final_train_r2": -62.918121337890625,
        "final_val_r2": -61.94951248168945
    }
}