{
    "timestamp": "2026-05-29T20:14:31.097869",
    "model_type": "1D CNN",
    "test_size": 0.3,
    "batch_size": 32,
    "epochs": 10,
    "final_epoch": 10,
    "metrics": {
        "mean_squared_error": 0.01341360341757536,
        "root_mean_squared_error": 0.11581711193763795,
        "mean_absolute_error": 0.07128158211708069,
        "r2_score": 0.9967666864395142
    },
    "training_history": {
        "final_train_loss": 0.04391533136367798,
        "final_val_loss": 0.013413602486252785,
        "final_train_r2": -62.8580207824707,
        "final_val_r2": -60.9500617980957
    }
}