{
    "timestamp": "2026-05-30T02:21:16.444930",
    "model_type": "1D CNN",
    "test_size": 0.3,
    "batch_size": 32,
    "epochs": 10,
    "final_epoch": 10,
    "metrics": {
        "mean_squared_error": 0.00729840062558651,
        "root_mean_squared_error": 0.08543067730965563,
        "mean_absolute_error": 0.05004989355802536,
        "r2_score": 0.9982421398162842
    },
    "training_history": {
        "final_train_loss": 0.02016858384013176,
        "final_val_loss": 0.007298407144844532,
        "final_train_r2": -62.87601852416992,
        "final_val_r2": -61.56224822998047
    }
}