{
    "timestamp": "2026-05-29T21:40:48.440709",
    "model_type": "1D CNN",
    "test_size": 0.3,
    "batch_size": 32,
    "epochs": 10,
    "final_epoch": 10,
    "metrics": {
        "mean_squared_error": 0.005342818796634674,
        "root_mean_squared_error": 0.0730945880119361,
        "mean_absolute_error": 0.036698807030916214,
        "r2_score": 0.9987159967422485
    },
    "training_history": {
        "final_train_loss": 0.03474724665284157,
        "final_val_loss": 0.005342820193618536,
        "final_train_r2": -62.84987258911133,
        "final_val_r2": -62.710777282714844
    }
}