{
    "timestamp": "2026-05-29T17:13:52.203489",
    "model_type": "1D CNN",
    "test_size": 0.3,
    "batch_size": 32,
    "epochs": 10,
    "final_epoch": 10,
    "metrics": {
        "mean_squared_error": 0.023460406810045242,
        "root_mean_squared_error": 0.15316790398136693,
        "mean_absolute_error": 0.08470962941646576,
        "r2_score": 0.9943798780441284
    },
    "training_history": {
        "final_train_loss": 0.07918988913297653,
        "final_val_loss": 0.024468474090099335,
        "final_train_r2": -62.94676971435547,
        "final_val_r2": -62.214935302734375
    }
}