{
    "timestamp": "2026-05-29T23:20:18.474230",
    "model_type": "1D CNN",
    "test_size": 0.3,
    "batch_size": 32,
    "epochs": 10,
    "final_epoch": 10,
    "metrics": {
        "mean_squared_error": 0.007133889477699995,
        "root_mean_squared_error": 0.0844623553880662,
        "mean_absolute_error": 0.053419336676597595,
        "r2_score": 0.9982895255088806
    },
    "training_history": {
        "final_train_loss": 0.026090022176504135,
        "final_val_loss": 0.010661525651812553,
        "final_train_r2": -62.84402084350586,
        "final_val_r2": -61.06476593017578
    }
}