{
    "timestamp": "2026-05-30T03:15:53.592773",
    "model_type": "1D CNN",
    "test_size": 0.3,
    "batch_size": 32,
    "epochs": 10,
    "final_epoch": 10,
    "metrics": {
        "mean_squared_error": 0.005027620121836662,
        "root_mean_squared_error": 0.07090571289985499,
        "mean_absolute_error": 0.037553638219833374,
        "r2_score": 0.9987921118736267
    },
    "training_history": {
        "final_train_loss": 0.020540552213788033,
        "final_val_loss": 0.005027619656175375,
        "final_train_r2": -62.87811279296875,
        "final_val_r2": -62.19668960571289
    }
}