{
    "timestamp": "2026-05-29T20:19:51.637037",
    "model_type": "1D CNN",
    "test_size": 0.3,
    "batch_size": 32,
    "epochs": 10,
    "final_epoch": 10,
    "metrics": {
        "mean_squared_error": 0.009694736450910568,
        "root_mean_squared_error": 0.09846185277004779,
        "mean_absolute_error": 0.05872664973139763,
        "r2_score": 0.9976645112037659
    },
    "training_history": {
        "final_train_loss": 0.04443492740392685,
        "final_val_loss": 0.00969473272562027,
        "final_train_r2": -62.84478759765625,
        "final_val_r2": -61.48927688598633
    }
}