{
    "timestamp": "2026-05-29T19:16:35.462079",
    "model_type": "1D CNN",
    "test_size": 0.3,
    "batch_size": 32,
    "epochs": 10,
    "final_epoch": 10,
    "metrics": {
        "mean_squared_error": 0.015427296981215477,
        "root_mean_squared_error": 0.12420667043768413,
        "mean_absolute_error": 0.07475601881742477,
        "r2_score": 0.9962812066078186
    },
    "training_history": {
        "final_train_loss": 0.04486903175711632,
        "final_val_loss": 0.023718100041151047,
        "final_train_r2": -62.812461853027344,
        "final_val_r2": -60.11750793457031
    }
}