{
    "timestamp": "2026-05-29T19:28:48.855827",
    "model_type": "1D CNN",
    "test_size": 0.3,
    "batch_size": 32,
    "epochs": 10,
    "final_epoch": 10,
    "metrics": {
        "mean_squared_error": 0.012037997134029865,
        "root_mean_squared_error": 0.10971780682291214,
        "mean_absolute_error": 0.06238055229187012,
        "r2_score": 0.997093141078949
    },
    "training_history": {
        "final_train_loss": 0.04981628432869911,
        "final_val_loss": 0.026945313438773155,
        "final_train_r2": -62.818260192871094,
        "final_val_r2": -60.02191925048828
    }
}