{
    "timestamp": "2026-05-30T17:30:45.861304",
    "model_type": "1D CNN",
    "test_size": 0.3,
    "batch_size": 32,
    "epochs": 10,
    "final_epoch": 10,
    "metrics": {
        "mean_squared_error": 0.007878034375607967,
        "root_mean_squared_error": 0.08875829186959361,
        "mean_absolute_error": 0.050441447645425797,
        "r2_score": 0.9981133341789246
    },
    "training_history": {
        "final_train_loss": 0.007806012872606516,
        "final_val_loss": 0.02315780147910118,
        "final_train_r2": -62.929443359375,
        "final_val_r2": -59.958656311035156
    }
}