{
    "timestamp": "2026-05-30T06:45:31.265767",
    "model_type": "1D CNN",
    "test_size": 0.3,
    "batch_size": 32,
    "epochs": 10,
    "final_epoch": 10,
    "metrics": {
        "mean_squared_error": 0.008751851506531239,
        "root_mean_squared_error": 0.0935513308645646,
        "mean_absolute_error": 0.05231159180402756,
        "r2_score": 0.9979000091552734
    },
    "training_history": {
        "final_train_loss": 0.01219111680984497,
        "final_val_loss": 0.008751852437853813,
        "final_train_r2": -62.90538787841797,
        "final_val_r2": -61.29874801635742
    }
}