{
    "timestamp": "2026-05-30T04:38:56.913788",
    "model_type": "1D CNN",
    "test_size": 0.3,
    "batch_size": 32,
    "epochs": 10,
    "final_epoch": 10,
    "metrics": {
        "mean_squared_error": 0.004074755124747753,
        "root_mean_squared_error": 0.06383380863420068,
        "mean_absolute_error": 0.03347638621926308,
        "r2_score": 0.9990200400352478
    },
    "training_history": {
        "final_train_loss": 0.01598191075026989,
        "final_val_loss": 0.0040747541934251785,
        "final_train_r2": -62.8844108581543,
        "final_val_r2": -62.148719787597656
    }
}