{
    "timestamp": "2026-05-30T12:30:39.469026",
    "model_type": "1D CNN",
    "test_size": 0.3,
    "batch_size": 32,
    "epochs": 10,
    "final_epoch": 10,
    "metrics": {
        "mean_squared_error": 0.014012062922120094,
        "root_mean_squared_error": 0.11837255983596914,
        "mean_absolute_error": 0.06875304877758026,
        "r2_score": 0.9966272115707397
    },
    "training_history": {
        "final_train_loss": 0.008757103234529495,
        "final_val_loss": 0.0379674918949604,
        "final_train_r2": -62.932762145996094,
        "final_val_r2": -59.185794830322266
    }
}