{
    "timestamp": "2026-05-29T22:23:39.832340",
    "model_type": "1D CNN",
    "test_size": 0.3,
    "batch_size": 32,
    "epochs": 10,
    "final_epoch": 10,
    "metrics": {
        "mean_squared_error": 0.020624343305826187,
        "root_mean_squared_error": 0.14361177982960238,
        "mean_absolute_error": 0.09700530767440796,
        "r2_score": 0.9950292706489563
    },
    "training_history": {
        "final_train_loss": 0.033415284007787704,
        "final_val_loss": 0.04999050498008728,
        "final_train_r2": -62.86058807373047,
        "final_val_r2": -58.21487808227539
    }
}