{
    "timestamp": "2026-05-30T07:56:05.608765",
    "model_type": "1D CNN",
    "test_size": 0.3,
    "batch_size": 32,
    "epochs": 10,
    "final_epoch": 10,
    "metrics": {
        "mean_squared_error": 0.01286127045750618,
        "root_mean_squared_error": 0.11340754144899791,
        "mean_absolute_error": 0.07439867407083511,
        "r2_score": 0.996904194355011
    },
    "training_history": {
        "final_train_loss": 0.013637560419738293,
        "final_val_loss": 0.024328002706170082,
        "final_train_r2": -62.89873123168945,
        "final_val_r2": -59.90686798095703
    }
}