{
    "timestamp": "2026-05-29T09:59:51.708510",
    "model_type": "1D CNN",
    "test_size": 0.3,
    "batch_size": 32,
    "epochs": 10,
    "final_epoch": 10,
    "metrics": {
        "mean_squared_error": 0.3045915365219116,
        "root_mean_squared_error": 0.5518981215060544,
        "mean_absolute_error": 0.40795743465423584,
        "r2_score": 0.9211347699165344
    },
    "training_history": {
        "final_train_loss": 0.44415777921676636,
        "final_val_loss": 0.30459150671958923,
        "final_train_r2": -60.367469787597656,
        "final_val_r2": -58.2380256652832
    }
}