{
    "timestamp": "2026-05-30T08:17:03.579876",
    "model_type": "1D CNN",
    "test_size": 0.3,
    "batch_size": 32,
    "epochs": 10,
    "final_epoch": 10,
    "metrics": {
        "mean_squared_error": 0.028939593583345413,
        "root_mean_squared_error": 0.17011641185771997,
        "mean_absolute_error": 0.12283233553171158,
        "r2_score": 0.9930870532989502
    },
    "training_history": {
        "final_train_loss": 0.011319868266582489,
        "final_val_loss": 0.0506417490541935,
        "final_train_r2": -62.91557312011719,
        "final_val_r2": -58.70012283325195
    }
}