{
    "timestamp": "2026-05-30T16:34:46.651313",
    "model_type": "1D CNN",
    "test_size": 0.3,
    "batch_size": 32,
    "epochs": 10,
    "final_epoch": 10,
    "metrics": {
        "mean_squared_error": 0.006258418783545494,
        "root_mean_squared_error": 0.07911016864819272,
        "mean_absolute_error": 0.04459283873438835,
        "r2_score": 0.9985010027885437
    },
    "training_history": {
        "final_train_loss": 0.008180161006748676,
        "final_val_loss": 0.011657672934234142,
        "final_train_r2": -62.92576599121094,
        "final_val_r2": -61.07127380371094
    }
}