{
    "timestamp": "2026-05-30T05:16:49.406162",
    "model_type": "1D CNN",
    "test_size": 0.3,
    "batch_size": 32,
    "epochs": 10,
    "final_epoch": 10,
    "metrics": {
        "mean_squared_error": 0.015917809680104256,
        "root_mean_squared_error": 0.1261658023400329,
        "mean_absolute_error": 0.08911304920911789,
        "r2_score": 0.9961740374565125
    },
    "training_history": {
        "final_train_loss": 0.020241089165210724,
        "final_val_loss": 0.027810776606202126,
        "final_train_r2": -62.87653732299805,
        "final_val_r2": -59.718631744384766
    }
}