{
    "timestamp": "2026-05-29T18:10:09.867886",
    "model_type": "1D CNN",
    "test_size": 0.3,
    "batch_size": 32,
    "epochs": 10,
    "final_epoch": 10,
    "metrics": {
        "mean_squared_error": 0.013327864930033684,
        "root_mean_squared_error": 0.11544637252869266,
        "mean_absolute_error": 0.05892018601298332,
        "r2_score": 0.9967973232269287
    },
    "training_history": {
        "final_train_loss": 0.07026680558919907,
        "final_val_loss": 0.0136183500289917,
        "final_train_r2": -62.90455627441406,
        "final_val_r2": -61.48827362060547
    }
}