{
    "timestamp": "2026-05-30T17:00:26.560630",
    "model_type": "1D CNN",
    "test_size": 0.3,
    "batch_size": 32,
    "epochs": 10,
    "final_epoch": 10,
    "metrics": {
        "mean_squared_error": 0.011548810638487339,
        "root_mean_squared_error": 0.10746539274802534,
        "mean_absolute_error": 0.07526136189699173,
        "r2_score": 0.9972395300865173
    },
    "training_history": {
        "final_train_loss": 0.008256201632320881,
        "final_val_loss": 0.0934479609131813,
        "final_train_r2": -62.944210052490234,
        "final_val_r2": -57.24634552001953
    }
}