{
    "timestamp": "2026-05-30T09:43:16.168382",
    "model_type": "1D CNN",
    "test_size": 0.3,
    "batch_size": 32,
    "epochs": 10,
    "final_epoch": 10,
    "metrics": {
        "mean_squared_error": 0.002271070843562484,
        "root_mean_squared_error": 0.047655753520036634,
        "mean_absolute_error": 0.021749263629317284,
        "r2_score": 0.999456524848938
    },
    "training_history": {
        "final_train_loss": 0.014537728391587734,
        "final_val_loss": 0.002271071309223771,
        "final_train_r2": -62.902774810791016,
        "final_val_r2": -63.101261138916016
    }
}