{
    "timestamp": "2026-05-30T14:55:12.776406",
    "model_type": "1D CNN",
    "test_size": 0.3,
    "batch_size": 32,
    "epochs": 10,
    "final_epoch": 10,
    "metrics": {
        "mean_squared_error": 0.005031803157180548,
        "root_mean_squared_error": 0.07093520393415774,
        "mean_absolute_error": 0.04353099688887596,
        "r2_score": 0.9987941384315491
    },
    "training_history": {
        "final_train_loss": 0.0078092170879244804,
        "final_val_loss": 0.005031801760196686,
        "final_train_r2": -62.926483154296875,
        "final_val_r2": -62.0042839050293
    }
}