{
    "timestamp": "2026-05-30T08:25:32.745210",
    "model_type": "1D CNN",
    "test_size": 0.3,
    "batch_size": 32,
    "epochs": 10,
    "final_epoch": 10,
    "metrics": {
        "mean_squared_error": 0.0037594661116600037,
        "root_mean_squared_error": 0.061314485333076096,
        "mean_absolute_error": 0.032558463513851166,
        "r2_score": 0.9990991353988647
    },
    "training_history": {
        "final_train_loss": 0.012792423367500305,
        "final_val_loss": 0.005829434376209974,
        "final_train_r2": -62.920597076416016,
        "final_val_r2": -61.59317398071289
    }
}