{
    "timestamp": "2026-05-30T08:08:45.615182",
    "model_type": "1D CNN",
    "test_size": 0.3,
    "batch_size": 32,
    "epochs": 10,
    "final_epoch": 10,
    "metrics": {
        "mean_squared_error": 0.0033035350497812033,
        "root_mean_squared_error": 0.0574763868887146,
        "mean_absolute_error": 0.03557540476322174,
        "r2_score": 0.9992094039916992
    },
    "training_history": {
        "final_train_loss": 0.010303458198904991,
        "final_val_loss": 0.013185341842472553,
        "final_train_r2": -62.918704986572266,
        "final_val_r2": -60.704261779785156
    }
}