{
    "timestamp": "2026-05-30T07:43:35.738120",
    "model_type": "1D CNN",
    "test_size": 0.3,
    "batch_size": 32,
    "epochs": 10,
    "final_epoch": 10,
    "metrics": {
        "mean_squared_error": 0.0025649419985711575,
        "root_mean_squared_error": 0.05064525642714387,
        "mean_absolute_error": 0.024880217388272285,
        "r2_score": 0.9993857741355896
    },
    "training_history": {
        "final_train_loss": 0.014208118431270123,
        "final_val_loss": 0.002564941067248583,
        "final_train_r2": -62.89773941040039,
        "final_val_r2": -62.624019622802734
    }
}