{
    "timestamp": "2026-05-30T08:12:52.015930",
    "model_type": "1D CNN",
    "test_size": 0.3,
    "batch_size": 32,
    "epochs": 10,
    "final_epoch": 10,
    "metrics": {
        "mean_squared_error": 0.007064736448228359,
        "root_mean_squared_error": 0.08405198658109372,
        "mean_absolute_error": 0.049570951610803604,
        "r2_score": 0.9983116388320923
    },
    "training_history": {
        "final_train_loss": 0.011728146113455296,
        "final_val_loss": 0.007064730394631624,
        "final_train_r2": -62.90386199951172,
        "final_val_r2": -61.56074523925781
    }
}