{
    "timestamp": "2026-05-30T11:16:25.220476",
    "model_type": "1D CNN",
    "test_size": 0.3,
    "batch_size": 32,
    "epochs": 10,
    "final_epoch": 10,
    "metrics": {
        "mean_squared_error": 0.002361913677304983,
        "root_mean_squared_error": 0.048599523426726965,
        "mean_absolute_error": 0.02803359366953373,
        "r2_score": 0.9994333386421204
    },
    "training_history": {
        "final_train_loss": 0.010377058759331703,
        "final_val_loss": 0.002361912513151765,
        "final_train_r2": -62.91929244995117,
        "final_val_r2": -62.58992385864258
    }
}