{
    "timestamp": "2026-05-30T00:13:22.755847",
    "model_type": "1D CNN",
    "test_size": 0.3,
    "batch_size": 32,
    "epochs": 10,
    "final_epoch": 10,
    "metrics": {
        "mean_squared_error": 0.017132917419075966,
        "root_mean_squared_error": 0.13089277069065336,
        "mean_absolute_error": 0.09150300920009613,
        "r2_score": 0.9958683252334595
    },
    "training_history": {
        "final_train_loss": 0.027518434450030327,
        "final_val_loss": 0.038087815046310425,
        "final_train_r2": -62.88666915893555,
        "final_val_r2": -58.9970588684082
    }
}