{
    "timestamp": "2026-05-29T17:17:54.435847",
    "model_type": "1D CNN",
    "test_size": 0.3,
    "batch_size": 32,
    "epochs": 10,
    "final_epoch": 10,
    "metrics": {
        "mean_squared_error": 0.022835150361061096,
        "root_mean_squared_error": 0.1511130383556002,
        "mean_absolute_error": 0.08182790130376816,
        "r2_score": 0.9945184588432312
    },
    "training_history": {
        "final_train_loss": 0.0843164399266243,
        "final_val_loss": 0.022835150361061096,
        "final_train_r2": -62.86933135986328,
        "final_val_r2": -758.3651733398438
    }
}