{
    "timestamp": "2026-05-29T23:11:23.907409",
    "model_type": "1D CNN",
    "test_size": 0.3,
    "batch_size": 32,
    "epochs": 10,
    "final_epoch": 10,
    "metrics": {
        "mean_squared_error": 0.006547823082655668,
        "root_mean_squared_error": 0.08091862012327984,
        "mean_absolute_error": 0.05038277432322502,
        "r2_score": 0.9984297752380371
    },
    "training_history": {
        "final_train_loss": 0.027601348236203194,
        "final_val_loss": 0.007693855091929436,
        "final_train_r2": -62.870357513427734,
        "final_val_r2": -61.38178253173828
    }
}