{
    "timestamp": "2026-05-29T18:07:57.846747",
    "model_type": "1D CNN",
    "test_size": 0.3,
    "batch_size": 32,
    "epochs": 10,
    "final_epoch": 10,
    "metrics": {
        "mean_squared_error": 0.021526016294956207,
        "root_mean_squared_error": 0.14671747099427596,
        "mean_absolute_error": 0.08159566670656204,
        "r2_score": 0.9948557019233704
    },
    "training_history": {
        "final_train_loss": 0.06022033095359802,
        "final_val_loss": 0.022581001743674278,
        "final_train_r2": -62.90747833251953,
        "final_val_r2": -60.852256774902344
    }
}