{
    "timestamp": "2026-05-29T23:23:32.989991",
    "model_type": "1D CNN",
    "test_size": 0.3,
    "batch_size": 32,
    "epochs": 10,
    "final_epoch": 10,
    "metrics": {
        "mean_squared_error": 0.0066559575498104095,
        "root_mean_squared_error": 0.0815840520555973,
        "mean_absolute_error": 0.047325845807790756,
        "r2_score": 0.9983878135681152
    },
    "training_history": {
        "final_train_loss": 0.025160104036331177,
        "final_val_loss": 0.006655962206423283,
        "final_train_r2": -62.86387252807617,
        "final_val_r2": -62.045692443847656
    }
}