{
    "timestamp": "2026-05-30T04:11:48.881571",
    "model_type": "1D CNN",
    "test_size": 0.3,
    "batch_size": 32,
    "epochs": 10,
    "final_epoch": 10,
    "metrics": {
        "mean_squared_error": 0.0030233298894017935,
        "root_mean_squared_error": 0.054984815080181854,
        "mean_absolute_error": 0.023664269596338272,
        "r2_score": 0.9992716908454895
    },
    "training_history": {
        "final_train_loss": 0.017154576256871223,
        "final_val_loss": 0.00302332965657115,
        "final_train_r2": -62.909141540527344,
        "final_val_r2": -62.858673095703125
    }
}