{
    "timestamp": "2026-05-30T04:34:52.716564",
    "model_type": "1D CNN",
    "test_size": 0.3,
    "batch_size": 32,
    "epochs": 10,
    "final_epoch": 10,
    "metrics": {
        "mean_squared_error": 0.00440461840480566,
        "root_mean_squared_error": 0.06636729921283267,
        "mean_absolute_error": 0.033294677734375,
        "r2_score": 0.9989433884620667
    },
    "training_history": {
        "final_train_loss": 0.015852268785238266,
        "final_val_loss": 0.010546478442847729,
        "final_train_r2": -62.89389419555664,
        "final_val_r2": -61.20140075683594
    }
}