{
    "timestamp": "2026-05-29T23:29:59.413812",
    "model_type": "1D CNN",
    "test_size": 0.3,
    "batch_size": 32,
    "epochs": 10,
    "final_epoch": 10,
    "metrics": {
        "mean_squared_error": 0.016603238880634308,
        "root_mean_squared_error": 0.12885355594873704,
        "mean_absolute_error": 0.08773218095302582,
        "r2_score": 0.9960258603096008
    },
    "training_history": {
        "final_train_loss": 0.027109622955322266,
        "final_val_loss": 0.02100454829633236,
        "final_train_r2": -62.85280990600586,
        "final_val_r2": -60.10183334350586
    }
}