{
    "timestamp": "2026-05-29T16:54:34.673984",
    "model_type": "1D CNN",
    "test_size": 0.3,
    "batch_size": 32,
    "epochs": 10,
    "final_epoch": 10,
    "metrics": {
        "mean_squared_error": 0.024526750668883324,
        "root_mean_squared_error": 0.15661018698949097,
        "mean_absolute_error": 0.08880570530891418,
        "r2_score": 0.9940767884254456
    },
    "training_history": {
        "final_train_loss": 0.09062491357326508,
        "final_val_loss": 0.028119929134845734,
        "final_train_r2": -62.730567932128906,
        "final_val_r2": -62.29771423339844
    }
}