{
    "timestamp": "2026-05-29T15:47:25.918813",
    "model_type": "1D CNN",
    "test_size": 0.3,
    "batch_size": 32,
    "epochs": 10,
    "final_epoch": 10,
    "metrics": {
        "mean_squared_error": 0.11935547739267349,
        "root_mean_squared_error": 0.3454786207461664,
        "mean_absolute_error": 0.2326963096857071,
        "r2_score": 0.9699667096138
    },
    "training_history": {
        "final_train_loss": 0.24242982268333435,
        "final_val_loss": 0.11935547739267349,
        "final_train_r2": -62.38282775878906,
        "final_val_r2": -61.849273681640625
    }
}