{
    "timestamp": "2026-05-29T19:18:59.703903",
    "model_type": "1D CNN",
    "test_size": 0.3,
    "batch_size": 32,
    "epochs": 10,
    "final_epoch": 10,
    "metrics": {
        "mean_squared_error": 0.020223990082740784,
        "root_mean_squared_error": 0.14221107580895653,
        "mean_absolute_error": 0.0912351906299591,
        "r2_score": 0.9951480627059937
    },
    "training_history": {
        "final_train_loss": 0.051825977861881256,
        "final_val_loss": 0.038259219378232956,
        "final_train_r2": -62.84571075439453,
        "final_val_r2": -58.886295318603516
    }
}