{
    "timestamp": "2026-05-30T08:21:20.092662",
    "model_type": "1D CNN",
    "test_size": 0.3,
    "batch_size": 32,
    "epochs": 10,
    "final_epoch": 10,
    "metrics": {
        "mean_squared_error": 0.003285021521151066,
        "root_mean_squared_error": 0.057315107268076065,
        "mean_absolute_error": 0.030140923336148262,
        "r2_score": 0.9992126822471619
    },
    "training_history": {
        "final_train_loss": 0.013962514698505402,
        "final_val_loss": 0.0034508348908275366,
        "final_train_r2": -62.907711029052734,
        "final_val_r2": -62.61912155151367
    }
}