{
    "timestamp": "2026-05-30T06:00:43.086378",
    "model_type": "1D CNN",
    "test_size": 0.3,
    "batch_size": 32,
    "epochs": 10,
    "final_epoch": 10,
    "metrics": {
        "mean_squared_error": 0.0024651633575558662,
        "root_mean_squared_error": 0.04965041145404402,
        "mean_absolute_error": 0.024904707446694374,
        "r2_score": 0.9994074106216431
    },
    "training_history": {
        "final_train_loss": 0.013142567127943039,
        "final_val_loss": 0.0024651610292494297,
        "final_train_r2": -62.90042495727539,
        "final_val_r2": -62.53567123413086
    }
}