{
    "timestamp": "2026-05-29T20:30:06.625302",
    "model_type": "1D CNN",
    "test_size": 0.3,
    "batch_size": 32,
    "epochs": 10,
    "final_epoch": 10,
    "metrics": {
        "mean_squared_error": 0.019820518791675568,
        "root_mean_squared_error": 0.14078536426658692,
        "mean_absolute_error": 0.09681446105241776,
        "r2_score": 0.9952123165130615
    },
    "training_history": {
        "final_train_loss": 0.04150717332959175,
        "final_val_loss": 0.020846402272582054,
        "final_train_r2": -62.808353424072266,
        "final_val_r2": -60.1931037902832
    }
}