{
    "timestamp": "2026-05-29T19:51:37.305623",
    "model_type": "1D CNN",
    "test_size": 0.3,
    "batch_size": 32,
    "epochs": 10,
    "final_epoch": 10,
    "metrics": {
        "mean_squared_error": 0.012995767407119274,
        "root_mean_squared_error": 0.1139989798512218,
        "mean_absolute_error": 0.06709849834442139,
        "r2_score": 0.9968680739402771
    },
    "training_history": {
        "final_train_loss": 0.04636508226394653,
        "final_val_loss": 0.01453433744609356,
        "final_train_r2": -62.89185333251953,
        "final_val_r2": -61.293338775634766
    }
}