{
    "timestamp": "2026-05-30T01:23:10.655334",
    "model_type": "1D CNN",
    "test_size": 0.3,
    "batch_size": 32,
    "epochs": 10,
    "final_epoch": 10,
    "metrics": {
        "mean_squared_error": 0.008009424433112144,
        "root_mean_squared_error": 0.08949538777563984,
        "mean_absolute_error": 0.06022894009947777,
        "r2_score": 0.9980781674385071
    },
    "training_history": {
        "final_train_loss": 0.02029985748231411,
        "final_val_loss": 0.010900268331170082,
        "final_train_r2": -62.87682342529297,
        "final_val_r2": -61.46177291870117
    }
}