{
    "timestamp": "2026-05-30T11:21:15.632987",
    "model_type": "1D CNN",
    "test_size": 0.3,
    "batch_size": 32,
    "epochs": 10,
    "final_epoch": 10,
    "metrics": {
        "mean_squared_error": 0.002595052355900407,
        "root_mean_squared_error": 0.05094165639140925,
        "mean_absolute_error": 0.02510446310043335,
        "r2_score": 0.9993770718574524
    },
    "training_history": {
        "final_train_loss": 0.011454015038907528,
        "final_val_loss": 0.0025950525887310505,
        "final_train_r2": -62.911170959472656,
        "final_val_r2": -62.22141647338867
    }
}