{
    "timestamp": "2026-05-30T18:27:33.533276",
    "model_type": "1D CNN Classifier",
    "test_size": 0.3,
    "batch_size": 32,
    "epochs": 10,
    "final_epoch": 10,
    "metrics": {
        "accuracy": 0.9988685684608821,
        "precision": 0.9988687675310735,
        "recall": 0.9988685684608821,
        "f1_score": 0.9988682930975181
    },
    "training_history": {
        "final_train_loss": 0.002860499080270529,
        "final_val_loss": 0.005898165050894022,
        "final_train_accuracy": 0.999284565448761,
        "final_val_accuracy": 0.9987016320228577
    }
}