{
    "timestamp": "2026-05-30T12:03:10.772294",
    "model_type": "1D CNN",
    "test_size": 0.3,
    "batch_size": 32,
    "epochs": 10,
    "final_epoch": 10,
    "metrics": {
        "mean_squared_error": 0.031222118064761162,
        "root_mean_squared_error": 0.1766978156762589,
        "mean_absolute_error": 0.10579001158475876,
        "r2_score": 0.9925011992454529
    },
    "training_history": {
        "final_train_loss": 0.009106587618589401,
        "final_val_loss": 0.04550035670399666,
        "final_train_r2": -62.929908752441406,
        "final_val_r2": -58.9344596862793
    }
}