{
    "timestamp": "2026-05-30T15:24:39.468757",
    "model_type": "1D CNN",
    "test_size": 0.3,
    "batch_size": 32,
    "epochs": 10,
    "final_epoch": 10,
    "metrics": {
        "mean_squared_error": 0.0028761436697095633,
        "root_mean_squared_error": 0.05362969018845404,
        "mean_absolute_error": 0.02473122999072075,
        "r2_score": 0.9993102550506592
    },
    "training_history": {
        "final_train_loss": 0.007151288911700249,
        "final_val_loss": 0.002876144601032138,
        "final_train_r2": -62.9369010925293,
        "final_val_r2": -62.420326232910156
    }
}