{
    "timestamp": "2026-05-30T01:30:02.495805",
    "model_type": "1D CNN",
    "test_size": 0.3,
    "batch_size": 32,
    "epochs": 10,
    "final_epoch": 10,
    "metrics": {
        "mean_squared_error": 0.006157591938972473,
        "root_mean_squared_error": 0.07847032521260806,
        "mean_absolute_error": 0.049545176327228546,
        "r2_score": 0.9985230565071106
    },
    "training_history": {
        "final_train_loss": 0.018450649455189705,
        "final_val_loss": 0.006157590541988611,
        "final_train_r2": -62.87176513671875,
        "final_val_r2": -61.812564849853516
    }
}