{
    "timestamp": "2026-05-29T20:32:35.937533",
    "model_type": "1D CNN",
    "test_size": 0.3,
    "batch_size": 32,
    "epochs": 10,
    "final_epoch": 10,
    "metrics": {
        "mean_squared_error": 0.01019323244690895,
        "root_mean_squared_error": 0.1009615394440326,
        "mean_absolute_error": 0.057547327131032944,
        "r2_score": 0.9975457787513733
    },
    "training_history": {
        "final_train_loss": 0.03902347758412361,
        "final_val_loss": 0.016765201464295387,
        "final_train_r2": -62.84777069091797,
        "final_val_r2": -60.42369842529297
    }
}