{
    "timestamp": "2026-05-29T22:35:30.688289",
    "model_type": "1D CNN",
    "test_size": 0.3,
    "batch_size": 32,
    "epochs": 10,
    "final_epoch": 10,
    "metrics": {
        "mean_squared_error": 0.006552394479513168,
        "root_mean_squared_error": 0.08094686207329577,
        "mean_absolute_error": 0.04965048283338547,
        "r2_score": 0.9984216690063477
    },
    "training_history": {
        "final_train_loss": 0.03308305889368057,
        "final_val_loss": 0.009331779554486275,
        "final_train_r2": -62.857704162597656,
        "final_val_r2": -61.37296676635742
    }
}