{
    "timestamp": "2026-05-29T21:07:26.637602",
    "model_type": "1D CNN",
    "test_size": 0.3,
    "batch_size": 32,
    "epochs": 10,
    "final_epoch": 10,
    "metrics": {
        "mean_squared_error": 0.013801053166389465,
        "root_mean_squared_error": 0.11747788373302213,
        "mean_absolute_error": 0.08026036620140076,
        "r2_score": 0.9966844916343689
    },
    "training_history": {
        "final_train_loss": 0.035083480179309845,
        "final_val_loss": 0.016651690006256104,
        "final_train_r2": -62.81695556640625,
        "final_val_r2": -60.298912048339844
    }
}