{
    "timestamp": "2026-05-30T09:34:34.244412",
    "model_type": "1D CNN",
    "test_size": 0.3,
    "batch_size": 32,
    "epochs": 10,
    "final_epoch": 10,
    "metrics": {
        "mean_squared_error": 0.002954668365418911,
        "root_mean_squared_error": 0.05435686125429715,
        "mean_absolute_error": 0.028369124978780746,
        "r2_score": 0.9992924928665161
    },
    "training_history": {
        "final_train_loss": 0.010721134021878242,
        "final_val_loss": 0.00295466766692698,
        "final_train_r2": -62.91860580444336,
        "final_val_r2": -62.349674224853516
    }
}