{
    "timestamp": "2026-05-29T22:29:31.171394",
    "model_type": "1D CNN",
    "test_size": 0.3,
    "batch_size": 32,
    "epochs": 10,
    "final_epoch": 10,
    "metrics": {
        "mean_squared_error": 0.01479293406009674,
        "root_mean_squared_error": 0.12162620630479576,
        "mean_absolute_error": 0.0856420248746872,
        "r2_score": 0.996440589427948
    },
    "training_history": {
        "final_train_loss": 0.02880077064037323,
        "final_val_loss": 0.030881356447935104,
        "final_train_r2": -62.833099365234375,
        "final_val_r2": -59.08082580566406
    }
}