{
    "timestamp": "2026-05-29T09:58:11.434177",
    "model_type": "1D CNN",
    "test_size": 0.3,
    "batch_size": 32,
    "epochs": 10,
    "final_epoch": 10,
    "metrics": {
        "mean_squared_error": 0.37864503264427185,
        "root_mean_squared_error": 0.6153413951980411,
        "mean_absolute_error": 0.4713364541530609,
        "r2_score": 0.9037990570068359
    },
    "training_history": {
        "final_train_loss": 0.5262782573699951,
        "final_val_loss": 0.37864506244659424,
        "final_train_r2": -59.72030258178711,
        "final_val_r2": -58.438629150390625
    }
}