{
    "timestamp": "2026-05-30T00:03:46.838295",
    "model_type": "1D CNN",
    "test_size": 0.3,
    "batch_size": 32,
    "epochs": 10,
    "final_epoch": 10,
    "metrics": {
        "mean_squared_error": 0.008618183434009552,
        "root_mean_squared_error": 0.09283417169345322,
        "mean_absolute_error": 0.05929192900657654,
        "r2_score": 0.9979346990585327
    },
    "training_history": {
        "final_train_loss": 0.025554219260811806,
        "final_val_loss": 0.01987207494676113,
        "final_train_r2": -62.863624572753906,
        "final_val_r2": -60.13908386230469
    }
}