{
    "timestamp": "2026-05-30T16:39:48.368974",
    "model_type": "1D CNN",
    "test_size": 0.3,
    "batch_size": 32,
    "epochs": 10,
    "final_epoch": 10,
    "metrics": {
        "mean_squared_error": 0.0027844361029565334,
        "root_mean_squared_error": 0.0527677562812418,
        "mean_absolute_error": 0.028052398934960365,
        "r2_score": 0.9993306994438171
    },
    "training_history": {
        "final_train_loss": 0.0069929370656609535,
        "final_val_loss": 0.002784432377666235,
        "final_train_r2": -62.94224548339844,
        "final_val_r2": -62.17032241821289
    }
}