{
    "timestamp": "2026-05-29T21:10:03.209072",
    "model_type": "1D CNN",
    "test_size": 0.3,
    "batch_size": 32,
    "epochs": 10,
    "final_epoch": 10,
    "metrics": {
        "mean_squared_error": 0.009411164559423923,
        "root_mean_squared_error": 0.09701115688117487,
        "mean_absolute_error": 0.05484931543469429,
        "r2_score": 0.9977205991744995
    },
    "training_history": {
        "final_train_loss": 0.03509114310145378,
        "final_val_loss": 0.019957000389695168,
        "final_train_r2": -62.81578063964844,
        "final_val_r2": -60.360713958740234
    }
}