{
  "timestamp": "2026-05-30T10:16:17.797075",
  "test_metrics": {
    "mse": 0.006776378024369478,
    "mae": 0.055826328694820404,
    "r2": 0.9983720183372498
  },
  "new_metrics": {
    "mse": 0.004580656066536903,
    "mae": 0.05311402678489685,
    "r2": 0.9989041686058044
  },
  "performance_change": 0.0005330180121043089,
  "threshold": 0.15,
  "retrain_needed": false
}