{
  "timestamp": "2026-05-30T07:58:11.605820",
  "test_metrics": {
    "mse": 0.01286127045750618,
    "mae": 0.07439867407083511,
    "r2": 0.996904194355011
  },
  "new_metrics": {
    "mse": 0.009026494808495045,
    "mae": 0.07033082097768784,
    "r2": 0.9978405237197876
  },
  "performance_change": 0.0009392370601694668,
  "threshold": 0.15,
  "retrain_needed": false
}