{
  "timestamp": "2026-05-30T02:34:01.698024",
  "test_metrics": {
    "mse": 0.03052918240427971,
    "mae": 0.135807603597641,
    "r2": 0.9926913380622864
  },
  "new_metrics": {
    "mse": 0.02573159709572792,
    "mae": 0.13091227412223816,
    "r2": 0.9938440918922424
  },
  "performance_change": 0.0011612409474693382,
  "threshold": 0.15,
  "retrain_needed": false
}