{
  "timestamp": "2026-05-29T23:52:44.599367",
  "test_metrics": {
    "mse": 0.008948206901550293,
    "mae": 0.05302932485938072,
    "r2": 0.9978439211845398
  },
  "new_metrics": {
    "mse": 0.004135854076594114,
    "mae": 0.04690522328019142,
    "r2": 0.9990105628967285
  },
  "performance_change": 0.0011691625187271785,
  "threshold": 0.15,
  "retrain_needed": false
}