{
  "timestamp": "2026-05-30T00:18:31.950638",
  "test_metrics": {
    "mse": 0.005578055512160063,
    "mae": 0.04138898476958275,
    "r2": 0.998651385307312
  },
  "new_metrics": {
    "mse": 0.003266194835305214,
    "mae": 0.03747696802020073,
    "r2": 0.9992186427116394
  },
  "performance_change": 0.0005680234490966356,
  "threshold": 0.15,
  "retrain_needed": false
}