{
  "timestamp": "2026-05-29T16:36:04.345948",
  "test_metrics": {
    "mse": 0.030060825869441032,
    "mae": 0.1045389324426651,
    "r2": 0.9928421378135681
  },
  "new_metrics": {
    "mse": 0.008868847973644733,
    "mae": 0.07657922804355621,
    "r2": 0.9978782534599304
  },
  "performance_change": 0.005072423353679179,
  "threshold": 0.15,
  "retrain_needed": false
}