{
  "timestamp": "2026-05-30T04:41:08.278185",
  "test_metrics": {
    "mse": 0.0040747541934251785,
    "mae": 0.03347637131810188,
    "r2": 0.9990200400352478
  },
  "new_metrics": {
    "mse": 0.0022671122569590807,
    "mae": 0.030607834458351135,
    "r2": 0.9994576573371887
  },
  "performance_change": 0.0004380465700422564,
  "threshold": 0.15,
  "retrain_needed": false
}