{
  "timestamp": "2026-05-30T10:03:20.064038",
  "test_metrics": {
    "mse": 0.0071766795590519905,
    "mae": 0.044722139835357666,
    "r2": 0.9982821345329285
  },
  "new_metrics": {
    "mse": 0.005299797281622887,
    "mae": 0.042639631778001785,
    "r2": 0.9987320899963379
  },
  "performance_change": 0.00045072975649308484,
  "threshold": 0.15,
  "retrain_needed": false
}