{
  "timestamp": "2026-05-29T16:23:55.182778",
  "test_metrics": {
    "mse": 0.036048773676157,
    "mae": 0.11279642581939697,
    "r2": 0.9912912845611572
  },
  "new_metrics": {
    "mse": 0.009748873300850391,
    "mae": 0.07895956188440323,
    "r2": 0.9976677298545837
  },
  "performance_change": 0.006432463790145552,
  "threshold": 0.15,
  "retrain_needed": false
}