{
  "timestamp": "2026-05-29T16:58:28.553113",
  "test_metrics": {
    "mse": 0.027156108990311623,
    "mae": 0.08536916971206665,
    "r2": 0.993486762046814
  },
  "new_metrics": {
    "mse": 0.006011842284351587,
    "mae": 0.058938588947057724,
    "r2": 0.9985617399215698
  },
  "performance_change": 0.005108249116777585,
  "threshold": 0.15,
  "retrain_needed": false
}