{
  "timestamp": "2026-05-29T18:18:53.814896",
  "test_metrics": {
    "mse": 0.01303468830883503,
    "mae": 0.05953499302268028,
    "r2": 0.9968650341033936
  },
  "new_metrics": {
    "mse": 0.0037142366636544466,
    "mae": 0.046585094183683395,
    "r2": 0.9991114139556885
  },
  "performance_change": 0.002253444323398678,
  "threshold": 0.15,
  "retrain_needed": false
}