{
  "timestamp": "2026-05-30T05:38:45.907554",
  "test_metrics": {
    "mse": 0.0029642023146152496,
    "mae": 0.025465425103902817,
    "r2": 0.9992902874946594
  },
  "new_metrics": {
    "mse": 0.000995394540950656,
    "mae": 0.02275673858821392,
    "r2": 0.9997618794441223
  },
  "performance_change": 0.00047192688187256196,
  "threshold": 0.15,
  "retrain_needed": false
}