{
  "timestamp": "2026-05-29T19:45:25.101218",
  "test_metrics": {
    "mse": 0.01706988550722599,
    "mae": 0.07962323725223541,
    "r2": 0.9958561062812805
  },
  "new_metrics": {
    "mse": 0.010926743969321251,
    "mae": 0.07085398584604263,
    "r2": 0.9973859190940857
  },
  "performance_change": 0.0015361785735469283,
  "threshold": 0.15,
  "retrain_needed": false
}