{
  "timestamp": "2026-05-30T03:46:21.013747",
  "test_metrics": {
    "mse": 0.007791244890540838,
    "mae": 0.04853483662009239,
    "r2": 0.9981300830841064
  },
  "new_metrics": {
    "mse": 0.005193623714148998,
    "mae": 0.04503188282251358,
    "r2": 0.9987574815750122
  },
  "performance_change": 0.0006285738718215696,
  "threshold": 0.15,
  "retrain_needed": false
}