{
  "timestamp": "2026-05-29T17:00:37.588409",
  "test_metrics": {
    "mse": 0.03936176374554634,
    "mae": 0.13508877158164978,
    "r2": 0.9905971884727478
  },
  "new_metrics": {
    "mse": 0.021206770092248917,
    "mae": 0.11114559322595596,
    "r2": 0.9949266314506531
  },
  "performance_change": 0.004370538326057828,
  "threshold": 0.15,
  "retrain_needed": false
}