{
  "timestamp": "2026-05-30T04:52:27.245716",
  "test_metrics": {
    "mse": 0.0035618108231574297,
    "mae": 0.031784769147634506,
    "r2": 0.9991429448127747
  },
  "new_metrics": {
    "mse": 0.0013315409887582064,
    "mae": 0.028566336259245872,
    "r2": 0.9996814727783203
  },
  "performance_change": 0.0005389899096435764,
  "threshold": 0.15,
  "retrain_needed": false
}