{
  "timestamp": "2026-05-30T07:12:34.473794",
  "test_metrics": {
    "mse": 0.007713538594543934,
    "mae": 0.050038162618875504,
    "r2": 0.9981480240821838
  },
  "new_metrics": {
    "mse": 0.006062126252800226,
    "mae": 0.04779837280511856,
    "r2": 0.99854975938797
  },
  "performance_change": 0.0004024806903320137,
  "threshold": 0.15,
  "retrain_needed": false
}