{
  "timestamp": "2026-05-29T19:30:21.064261",
  "test_metrics": {
    "mse": 0.012037997134029865,
    "mae": 0.06238055229187012,
    "r2": 0.997093141078949
  },
  "new_metrics": {
    "mse": 0.0043648318387568,
    "mae": 0.0511762797832489,
    "r2": 0.9989557862281799
  },
  "performance_change": 0.0018680753808168803,
  "threshold": 0.15,
  "retrain_needed": false
}