{
  "timestamp": "2026-05-29T19:50:30.361655",
  "test_metrics": {
    "mse": 0.01205647736787796,
    "mae": 0.06591080874204636,
    "r2": 0.9970948696136475
  },
  "new_metrics": {
    "mse": 0.005446987692266703,
    "mae": 0.056986402720212936,
    "r2": 0.9986968636512756
  },
  "performance_change": 0.0016066615990601894,
  "threshold": 0.15,
  "retrain_needed": false
}