{
  "timestamp": "2026-05-29T21:17:09.041345",
  "test_metrics": {
    "mse": 0.029284974560141563,
    "mae": 0.11864809691905975,
    "r2": 0.9929545521736145
  },
  "new_metrics": {
    "mse": 0.02410220541059971,
    "mae": 0.1124911904335022,
    "r2": 0.9942339062690735
  },
  "performance_change": 0.0012884316735931474,
  "threshold": 0.15,
  "retrain_needed": false
}