{
  "timestamp": "2026-05-29T19:53:08.041530",
  "test_metrics": {
    "mse": 0.012995767407119274,
    "mae": 0.06709849834442139,
    "r2": 0.9968680739402771
  },
  "new_metrics": {
    "mse": 0.005908069666475058,
    "mae": 0.05735152214765549,
    "r2": 0.9985865950584412
  },
  "performance_change": 0.0017239203091050342,
  "threshold": 0.15,
  "retrain_needed": false
}