{
  "timestamp": "2026-05-29T21:22:39.502720",
  "test_metrics": {
    "mse": 0.011628217995166779,
    "mae": 0.07246054708957672,
    "r2": 0.9972023963928223
  },
  "new_metrics": {
    "mse": 0.006872124504297972,
    "mae": 0.06599246710538864,
    "r2": 0.9983559250831604
  },
  "performance_change": 0.0011567648598827993,
  "threshold": 0.15,
  "retrain_needed": false
}