{
  "timestamp": "2026-05-29T17:45:17.714241",
  "test_metrics": {
    "mse": 0.020752429962158203,
    "mae": 0.09253616631031036,
    "r2": 0.9950306415557861
  },
  "new_metrics": {
    "mse": 0.010865356773138046,
    "mae": 0.07903143763542175,
    "r2": 0.9974006414413452
  },
  "performance_change": 0.002381836082809927,
  "threshold": 0.15,
  "retrain_needed": false
}