{
  "timestamp": "2026-05-29T21:59:59.150919",
  "test_metrics": {
    "mse": 0.01325716357678175,
    "mae": 0.07111872732639313,
    "r2": 0.9968001246452332
  },
  "new_metrics": {
    "mse": 0.006449684035032988,
    "mae": 0.06300146132707596,
    "r2": 0.9984570145606995
  },
  "performance_change": 0.0016622087763642737,
  "threshold": 0.15,
  "retrain_needed": false
}