{
  "timestamp": "2026-05-30T02:56:00.768239",
  "test_metrics": {
    "mse": 0.011533203534781933,
    "mae": 0.07319143414497375,
    "r2": 0.9972366094589233
  },
  "new_metrics": {
    "mse": 0.009044656530022621,
    "mae": 0.06983761489391327,
    "r2": 0.9978362321853638
  },
  "performance_change": 0.0006012843098146694,
  "threshold": 0.15,
  "retrain_needed": false
}