{
  "timestamp": "2026-05-30T03:24:54.294470",
  "test_metrics": {
    "mse": 0.0038570095784962177,
    "mae": 0.03442270681262016,
    "r2": 0.999070942401886
  },
  "new_metrics": {
    "mse": 0.002036962890997529,
    "mae": 0.03158693388104439,
    "r2": 0.9995126724243164
  },
  "performance_change": 0.00044214079669702746,
  "threshold": 0.15,
  "retrain_needed": false
}