{
  "timestamp": "2026-05-29T22:16:41.662374",
  "test_metrics": {
    "mse": 0.00888149905949831,
    "mae": 0.061345815658569336,
    "r2": 0.9978623390197754
  },
  "new_metrics": {
    "mse": 0.00492607057094574,
    "mae": 0.05539587885141373,
    "r2": 0.998821496963501
  },
  "performance_change": 0.0009612126905879525,
  "threshold": 0.15,
  "retrain_needed": false
}