{
  "timestamp": "2026-05-30T01:47:57.842329",
  "test_metrics": {
    "mse": 0.011698287911713123,
    "mae": 0.06764307618141174,
    "r2": 0.9971896409988403
  },
  "new_metrics": {
    "mse": 0.008678954094648361,
    "mae": 0.06345946341753006,
    "r2": 0.9979236721992493
  },
  "performance_change": 0.00073609990540384,
  "threshold": 0.15,
  "retrain_needed": false
}