{
  "timestamp": "2026-05-29T23:07:08.691641",
  "test_metrics": {
    "mse": 0.014088548719882965,
    "mae": 0.08377043157815933,
    "r2": 0.9966189861297607
  },
  "new_metrics": {
    "mse": 0.010690770111978054,
    "mae": 0.07865392416715622,
    "r2": 0.9974424242973328
  },
  "performance_change": 0.0008262316683025835,
  "threshold": 0.15,
  "retrain_needed": false
}