{
  "timestamp": "2026-05-29T17:56:10.684982",
  "test_metrics": {
    "mse": 0.016959169879555702,
    "mae": 0.07226456701755524,
    "r2": 0.9959682822227478
  },
  "new_metrics": {
    "mse": 0.007012146525084972,
    "mae": 0.05853291600942612,
    "r2": 0.9983224272727966
  },
  "performance_change": 0.002363674719434815,
  "threshold": 0.15,
  "retrain_needed": false
}