{
  "timestamp": "2026-05-29T18:00:33.078241",
  "test_metrics": {
    "mse": 0.01714531145989895,
    "mae": 0.06570897251367569,
    "r2": 0.9958721399307251
  },
  "new_metrics": {
    "mse": 0.004215297754853964,
    "mae": 0.04965072497725487,
    "r2": 0.9989915490150452
  },
  "performance_change": 0.0031323389411587123,
  "threshold": 0.15,
  "retrain_needed": false
}