{
  "timestamp": "2026-05-29T23:59:20.920050",
  "test_metrics": {
    "mse": 0.02465212158858776,
    "mae": 0.11135769635438919,
    "r2": 0.9941090941429138
  },
  "new_metrics": {
    "mse": 0.02010691724717617,
    "mae": 0.10635814815759659,
    "r2": 0.9951897263526917
  },
  "performance_change": 0.0010870358355483261,
  "threshold": 0.15,
  "retrain_needed": false
}