{
  "timestamp": "2026-05-30T07:37:13.759002",
  "test_metrics": {
    "mse": 0.009458109736442566,
    "mae": 0.058408766984939575,
    "r2": 0.9977322816848755
  },
  "new_metrics": {
    "mse": 0.007553528528660536,
    "mae": 0.05570178106427193,
    "r2": 0.9981929063796997
  },
  "performance_change": 0.00046167163604886026,
  "threshold": 0.15,
  "retrain_needed": false
}