{
  "timestamp": "2026-05-30T07:41:30.985061",
  "test_metrics": {
    "mse": 0.004478048533201218,
    "mae": 0.041019514203071594,
    "r2": 0.9989273548126221
  },
  "new_metrics": {
    "mse": 0.002421462209895253,
    "mae": 0.03826646879315376,
    "r2": 0.999420702457428
  },
  "performance_change": 0.0004938774000221968,
  "threshold": 0.15,
  "retrain_needed": false
}