{
  "timestamp": "2026-05-30T01:31:56.734292",
  "test_metrics": {
    "mse": 0.006157591938972473,
    "mae": 0.049545176327228546,
    "r2": 0.9985230565071106
  },
  "new_metrics": {
    "mse": 0.003785839769989252,
    "mae": 0.04572184011340141,
    "r2": 0.9990943074226379
  },
  "performance_change": 0.000572095868798074,
  "threshold": 0.15,
  "retrain_needed": false
}