{
  "timestamp": "2026-05-30T15:06:56.711944",
  "test_metrics": {
    "mse": 0.0033357045613229275,
    "mae": 0.029541289433836937,
    "r2": 0.9992000460624695
  },
  "new_metrics": {
    "mse": 0.0017443480901420116,
    "mae": 0.027479195967316628,
    "r2": 0.9995827078819275
  },
  "performance_change": 0.0003829681763586348,
  "threshold": 0.15,
  "retrain_needed": false
}