{
  "timestamp": "2026-05-30T11:28:19.178227",
  "test_metrics": {
    "mse": 0.0023656939156353474,
    "mae": 0.02559986524283886,
    "r2": 0.9994334578514099
  },
  "new_metrics": {
    "mse": 0.0009675095789134502,
    "mae": 0.0236249640583992,
    "r2": 0.9997685551643372
  },
  "performance_change": 0.0003352872672960549,
  "threshold": 0.15,
  "retrain_needed": false
}