{
  "timestamp": "2026-05-29T20:52:55.224181",
  "test_metrics": {
    "mse": 0.023226208984851837,
    "mae": 0.101174496114254,
    "r2": 0.9943887591362
  },
  "new_metrics": {
    "mse": 0.01837858185172081,
    "mae": 0.09539749473333359,
    "r2": 0.9956032037734985
  },
  "performance_change": 0.0012212976324808226,
  "threshold": 0.15,
  "retrain_needed": false
}