{
  "timestamp": "2026-05-29T17:07:07.529098",
  "test_metrics": {
    "mse": 0.028252778574824333,
    "mae": 0.10213690251111984,
    "r2": 0.9932376742362976
  },
  "new_metrics": {
    "mse": 0.010421531274914742,
    "mae": 0.08161143213510513,
    "r2": 0.9975067973136902
  },
  "performance_change": 0.004298188830458042,
  "threshold": 0.15,
  "retrain_needed": false
}