{
  "timestamp": "2026-05-29T18:49:18.336849",
  "test_metrics": {
    "mse": 0.018783558160066605,
    "mae": 0.08107776939868927,
    "r2": 0.9954755306243896
  },
  "new_metrics": {
    "mse": 0.00707775354385376,
    "mae": 0.06767100095748901,
    "r2": 0.9983067512512207
  },
  "performance_change": 0.0028440886186878295,
  "threshold": 0.15,
  "retrain_needed": false
}