{
  "timestamp": "2026-05-30T10:33:45.279308",
  "test_metrics": {
    "mse": 0.0024314899928867817,
    "mae": 0.02251114323735237,
    "r2": 0.9994173645973206
  },
  "new_metrics": {
    "mse": 0.0011210637167096138,
    "mae": 0.020713133737444878,
    "r2": 0.9997317790985107
  },
  "performance_change": 0.00031459779700432523,
  "threshold": 0.15,
  "retrain_needed": false
}