{
  "timestamp": "2026-05-29T20:42:00.630445",
  "test_metrics": {
    "mse": 0.01212832797318697,
    "mae": 0.06529641151428223,
    "r2": 0.9970781207084656
  },
  "new_metrics": {
    "mse": 0.006870955694466829,
    "mae": 0.058059755712747574,
    "r2": 0.9983562231063843
  },
  "performance_change": 0.0012818478024676303,
  "threshold": 0.15,
  "retrain_needed": false
}