{
  "timestamp": "2026-05-29T22:05:37.300989",
  "test_metrics": {
    "mse": 0.007629821542650461,
    "mae": 0.05330512672662735,
    "r2": 0.9981676340103149
  },
  "new_metrics": {
    "mse": 0.003900363342836499,
    "mae": 0.0476730540394783,
    "r2": 0.9990668892860413
  },
  "performance_change": 0.0009009060653603858,
  "threshold": 0.15,
  "retrain_needed": false
}