{
  "timestamp": "2026-05-29T16:08:03.256106",
  "test_metrics": {
    "mse": 0.0639185756444931,
    "mae": 0.17275087535381317,
    "r2": 0.9847313761711121
  },
  "new_metrics": {
    "mse": 0.025079650804400444,
    "mae": 0.13283683359622955,
    "r2": 0.9940000772476196
  },
  "performance_change": 0.009412415711324904,
  "threshold": 0.15,
  "retrain_needed": false
}