{
  "timestamp": "2026-05-29T16:00:09.175795",
  "test_metrics": {
    "mse": 0.07428254187107086,
    "mae": 0.18047699332237244,
    "r2": 0.981714129447937
  },
  "new_metrics": {
    "mse": 0.024486543610692024,
    "mae": 0.12693117558956146,
    "r2": 0.9941419959068298
  },
  "performance_change": 0.012659353763077225,
  "threshold": 0.15,
  "retrain_needed": false
}