{
  "timestamp": "2026-05-29T17:58:19.533566",
  "test_metrics": {
    "mse": 0.020559875294566154,
    "mae": 0.0850929543375969,
    "r2": 0.9950804710388184
  },
  "new_metrics": {
    "mse": 0.007666910998523235,
    "mae": 0.06903235614299774,
    "r2": 0.9981657862663269
  },
  "performance_change": 0.0031005685643570287,
  "threshold": 0.15,
  "retrain_needed": false
}