{
  "timestamp": "2026-05-29T17:19:21.866347",
  "test_metrics": {
    "mse": 0.022835150361061096,
    "mae": 0.08182790130376816,
    "r2": 0.9945184588432312
  },
  "new_metrics": {
    "mse": 0.006362725514918566,
    "mae": 0.061490315943956375,
    "r2": 0.9984778165817261
  },
  "performance_change": 0.003981180744598928,
  "threshold": 0.15,
  "retrain_needed": false
}