{
  "timestamp": "2026-05-30T03:06:54.143988",
  "test_metrics": {
    "mse": 0.01406337134540081,
    "mae": 0.07423676550388336,
    "r2": 0.9966219663619995
  },
  "new_metrics": {
    "mse": 0.00744655029848218,
    "mae": 0.06830887496471405,
    "r2": 0.9982185363769531
  },
  "performance_change": 0.0016019815625593955,
  "threshold": 0.15,
  "retrain_needed": false
}