{
  "timestamp": "2026-05-30T16:16:41.925824",
  "test_metrics": {
    "mse": 0.0023192702792584896,
    "mae": 0.021142687648534775,
    "r2": 0.9994465708732605
  },
  "new_metrics": {
    "mse": 0.0007426470401696861,
    "mae": 0.01907576434314251,
    "r2": 0.9998223185539246
  },
  "performance_change": 0.0003759557455240005,
  "threshold": 0.15,
  "retrain_needed": false
}