{
  "timestamp": "2026-05-30T09:58:50.193201",
  "test_metrics": {
    "mse": 0.004986626096069813,
    "mae": 0.03803928568959236,
    "r2": 0.9988090395927429
  },
  "new_metrics": {
    "mse": 0.003446705872192979,
    "mae": 0.03594966232776642,
    "r2": 0.9991754293441772
  },
  "performance_change": 0.0003668266274239157,
  "threshold": 0.15,
  "retrain_needed": false
}