{
  "timestamp": "2026-05-30T08:27:51.223822",
  "test_metrics": {
    "mse": 0.003759463783353567,
    "mae": 0.03255845606327057,
    "r2": 0.9990991353988647
  },
  "new_metrics": {
    "mse": 0.0022647958248853683,
    "mae": 0.03033500164747238,
    "r2": 0.9994581937789917
  },
  "performance_change": 0.0003593821347704482,
  "threshold": 0.15,
  "retrain_needed": false
}