{
  "timestamp": "2026-05-29T23:34:37.654263",
  "test_metrics": {
    "mse": 0.0037450313102453947,
    "mae": 0.02962345816195011,
    "r2": 0.9991003274917603
  },
  "new_metrics": {
    "mse": 0.0012484932085499167,
    "mae": 0.025607824325561523,
    "r2": 0.9997013211250305
  },
  "performance_change": 0.0006015348176084149,
  "threshold": 0.15,
  "retrain_needed": false
}