{
  "timestamp": "2026-05-30T06:27:02.548983",
  "test_metrics": {
    "mse": 0.0063145896419882774,
    "mae": 0.04149947687983513,
    "r2": 0.9984891414642334
  },
  "new_metrics": {
    "mse": 0.00466228136792779,
    "mae": 0.039126452058553696,
    "r2": 0.9988846182823181
  },
  "performance_change": 0.0003960752317293809,
  "threshold": 0.15,
  "retrain_needed": false
}