{
  "timestamp": "2026-05-29T16:32:10.858155",
  "test_metrics": {
    "mse": 0.043236277997493744,
    "mae": 0.12846001982688904,
    "r2": 0.9896087646484375
  },
  "new_metrics": {
    "mse": 0.014687826856970787,
    "mae": 0.09451204538345337,
    "r2": 0.9964861869812012
  },
  "performance_change": 0.0069496376532264285,
  "threshold": 0.15,
  "retrain_needed": false
}