{
  "timestamp": "2026-05-30T08:10:50.460565",
  "test_metrics": {
    "mse": 0.0033035350497812033,
    "mae": 0.03557540476322174,
    "r2": 0.9992094039916992
  },
  "new_metrics": {
    "mse": 0.0013515143655240536,
    "mae": 0.03312264010310173,
    "r2": 0.9996766448020935
  },
  "performance_change": 0.0004676105013901257,
  "threshold": 0.15,
  "retrain_needed": false
}