{
  "timestamp": "2026-05-29T20:36:52.213891",
  "test_metrics": {
    "mse": 0.024411043152213097,
    "mae": 0.11316639184951782,
    "r2": 0.994106650352478
  },
  "new_metrics": {
    "mse": 0.017091864719986916,
    "mae": 0.10589174926280975,
    "r2": 0.9959110617637634
  },
  "performance_change": 0.0018151084802074452,
  "threshold": 0.15,
  "retrain_needed": false
}