{
  "timestamp": "2026-05-30T01:41:54.170541",
  "test_metrics": {
    "mse": 0.006847239099442959,
    "mae": 0.04919774457812309,
    "r2": 0.9983487129211426
  },
  "new_metrics": {
    "mse": 0.003139917738735676,
    "mae": 0.04431009292602539,
    "r2": 0.9992488026618958
  },
  "performance_change": 0.0009015785056901957,
  "threshold": 0.15,
  "retrain_needed": false
}