{
  "timestamp": "2026-05-30T04:05:46.477222",
  "test_metrics": {
    "mse": 0.003777706064283848,
    "mae": 0.034250348806381226,
    "r2": 0.999091386795044
  },
  "new_metrics": {
    "mse": 0.0015314292395487428,
    "mae": 0.03130854293704033,
    "r2": 0.9996336102485657
  },
  "performance_change": 0.0005427165729664743,
  "threshold": 0.15,
  "retrain_needed": false
}