{
  "timestamp": "2026-05-29T23:13:03.300701",
  "test_metrics": {
    "mse": 0.006547825410962105,
    "mae": 0.050382789224386215,
    "r2": 0.9984297752380371
  },
  "new_metrics": {
    "mse": 0.003514382056891918,
    "mae": 0.045514002442359924,
    "r2": 0.9991592168807983
  },
  "performance_change": 0.0007305888314351635,
  "threshold": 0.15,
  "retrain_needed": false
}