{
  "timestamp": "2026-05-30T02:59:38.358727",
  "test_metrics": {
    "mse": 0.004484738223254681,
    "mae": 0.03878244385123253,
    "r2": 0.9989224076271057
  },
  "new_metrics": {
    "mse": 0.002064972184598446,
    "mae": 0.035383570939302444,
    "r2": 0.9995059967041016
  },
  "performance_change": 0.0005842186265319031,
  "threshold": 0.15,
  "retrain_needed": false
}