{
  "timestamp": "2026-05-30T14:38:19.117832",
  "test_metrics": {
    "mse": 0.006343965418636799,
    "mae": 0.0407026968896389,
    "r2": 0.9984768629074097
  },
  "new_metrics": {
    "mse": 0.0051923636347055435,
    "mae": 0.039037324488162994,
    "r2": 0.9987577795982361
  },
  "performance_change": 0.00028134521816402456,
  "threshold": 0.15,
  "retrain_needed": false
}