{
  "timestamp": "2026-05-29T22:40:10.950430",
  "test_metrics": {
    "mse": 0.03534276410937309,
    "mae": 0.14357876777648926,
    "r2": 0.9915071725845337
  },
  "new_metrics": {
    "mse": 0.029317514970898628,
    "mae": 0.13756215572357178,
    "r2": 0.992986261844635
  },
  "performance_change": 0.0014917585076523634,
  "threshold": 0.15,
  "retrain_needed": false
}