{
  "timestamp": "2026-05-29T19:32:50.911501",
  "test_metrics": {
    "mse": 0.011686781421303749,
    "mae": 0.062182508409023285,
    "r2": 0.9971864819526672
  },
  "new_metrics": {
    "mse": 0.005280049052089453,
    "mae": 0.05225331336259842,
    "r2": 0.9987368583679199
  },
  "performance_change": 0.0015547507345033144,
  "threshold": 0.15,
  "retrain_needed": false
}