{
  "timestamp": "2026-05-30T01:28:31.278867",
  "test_metrics": {
    "mse": 0.006029652431607246,
    "mae": 0.045368075370788574,
    "r2": 0.9985515475273132
  },
  "new_metrics": {
    "mse": 0.003341107862070203,
    "mae": 0.04183907061815262,
    "r2": 0.999200701713562
  },
  "performance_change": 0.000650095819145504,
  "threshold": 0.15,
  "retrain_needed": false
}