{
  "timestamp": "2026-05-29T21:06:20.106959",
  "test_metrics": {
    "mse": 0.013864602893590927,
    "mae": 0.07013794779777527,
    "r2": 0.9966680407524109
  },
  "new_metrics": {
    "mse": 0.006004165392369032,
    "mae": 0.06079639121890068,
    "r2": 0.9985635876655579
  },
  "performance_change": 0.0019018839128381948,
  "threshold": 0.15,
  "retrain_needed": false
}