{
  "timestamp": "2026-05-30T06:10:33.489413",
  "test_metrics": {
    "mse": 0.0032811167184263468,
    "mae": 0.02919555827975273,
    "r2": 0.9992114305496216
  },
  "new_metrics": {
    "mse": 0.001192632713355124,
    "mae": 0.02609555795788765,
    "r2": 0.9997146725654602
  },
  "performance_change": 0.0005036391703023374,
  "threshold": 0.15,
  "retrain_needed": false
}