{
  "timestamp": "2026-05-30T16:37:16.365800",
  "test_metrics": {
    "mse": 0.006258418783545494,
    "mae": 0.04459283873438835,
    "r2": 0.9985010027885437
  },
  "new_metrics": {
    "mse": 0.004933740943670273,
    "mae": 0.04277222603559494,
    "r2": 0.9988197088241577
  },
  "performance_change": 0.0003191844922778783,
  "threshold": 0.15,
  "retrain_needed": false
}