{
  "timestamp": "2026-05-30T04:36:53.244623",
  "test_metrics": {
    "mse": 0.004404616076499224,
    "mae": 0.03329465165734291,
    "r2": 0.9989433884620667
  },
  "new_metrics": {
    "mse": 0.0016011317493394017,
    "mae": 0.02985202707350254,
    "r2": 0.9996169805526733
  },
  "performance_change": 0.000674304568593947,
  "threshold": 0.15,
  "retrain_needed": false
}