{
  "timestamp": "2026-05-29T22:37:13.057946",
  "test_metrics": {
    "mse": 0.006552394479513168,
    "mae": 0.04965048283338547,
    "r2": 0.9984216690063477
  },
  "new_metrics": {
    "mse": 0.0030861583072692156,
    "mae": 0.04436730965971947,
    "r2": 0.9992616772651672
  },
  "performance_change": 0.0008413361657660894,
  "threshold": 0.15,
  "retrain_needed": false
}