{
  "timestamp": "2026-05-29T17:32:11.360487",
  "test_metrics": {
    "mse": 0.022848041728138924,
    "mae": 0.08315835893154144,
    "r2": 0.9945682883262634
  },
  "new_metrics": {
    "mse": 0.006594734266400337,
    "mae": 0.06372347474098206,
    "r2": 0.9984223246574402
  },
  "performance_change": 0.0038750846738363526,
  "threshold": 0.15,
  "retrain_needed": false
}