{
  "timestamp": "2026-05-30T12:12:36.939024",
  "test_metrics": {
    "mse": 0.0033666412346065044,
    "mae": 0.03544732555747032,
    "r2": 0.9991903901100159
  },
  "new_metrics": {
    "mse": 0.00198799348436296,
    "mae": 0.033498529344797134,
    "r2": 0.9995244145393372
  },
  "performance_change": 0.00033429507792254816,
  "threshold": 0.15,
  "retrain_needed": false
}