{
  "timestamp": "2026-05-29T18:25:53.452395",
  "test_metrics": {
    "mse": 0.012703643180429935,
    "mae": 0.056940022855997086,
    "r2": 0.9969385266304016
  },
  "new_metrics": {
    "mse": 0.0030236998572945595,
    "mae": 0.0440957173705101,
    "r2": 0.9992766380310059
  },
  "performance_change": 0.0023452914479159897,
  "threshold": 0.15,
  "retrain_needed": false
}