{
  "timestamp": "2026-05-30T10:51:02.193354",
  "test_metrics": {
    "mse": 0.003419889137148857,
    "mae": 0.03473703935742378,
    "r2": 0.9991797208786011
  },
  "new_metrics": {
    "mse": 0.0022585424594581127,
    "mae": 0.03302110731601715,
    "r2": 0.9994596838951111
  },
  "performance_change": 0.0002801928528571737,
  "threshold": 0.15,
  "retrain_needed": false
}