{
  "timestamp": "2026-05-30T07:03:54.146476",
  "test_metrics": {
    "mse": 0.004008959513157606,
    "mae": 0.03550824895501137,
    "r2": 0.9990369081497192
  },
  "new_metrics": {
    "mse": 0.0021878655534237623,
    "mae": 0.03296400234103203,
    "r2": 0.9994766116142273
  },
  "performance_change": 0.0004401273475695866,
  "threshold": 0.15,
  "retrain_needed": false
}