{
  "timestamp": "2026-05-30T01:11:40.577206",
  "test_metrics": {
    "mse": 0.0041948771104216576,
    "mae": 0.03657608851790428,
    "r2": 0.9989913702011108
  },
  "new_metrics": {
    "mse": 0.0017339139012619853,
    "mae": 0.03255961462855339,
    "r2": 0.9995852112770081
  },
  "performance_change": 0.0005944406464468941,
  "threshold": 0.15,
  "retrain_needed": false
}