{
  "timestamp": "2026-05-29T16:21:55.531857",
  "test_metrics": {
    "mse": 0.04795170947909355,
    "mae": 0.14520981907844543,
    "r2": 0.988249659538269
  },
  "new_metrics": {
    "mse": 0.01795724593102932,
    "mae": 0.11133307218551636,
    "r2": 0.9957039952278137
  },
  "performance_change": 0.007542968133201786,
  "threshold": 0.15,
  "retrain_needed": false
}