{
  "timestamp": "2026-05-30T05:50:59.423187",
  "test_metrics": {
    "mse": 0.002853809390217066,
    "mae": 0.025550581514835358,
    "r2": 0.9993144273757935
  },
  "new_metrics": {
    "mse": 0.0009739974047988653,
    "mae": 0.022947082296013832,
    "r2": 0.999767005443573
  },
  "performance_change": 0.00045288855577519695,
  "threshold": 0.15,
  "retrain_needed": false
}