{
  "timestamp": "2026-05-30T00:32:02.711042",
  "test_metrics": {
    "mse": 0.015074947848916054,
    "mae": 0.08696016669273376,
    "r2": 0.9963885545730591
  },
  "new_metrics": {
    "mse": 0.009668833576142788,
    "mae": 0.08090248703956604,
    "r2": 0.9976868629455566
  },
  "performance_change": 0.0013030141369436631,
  "threshold": 0.15,
  "retrain_needed": false
}