{
  "timestamp": "2026-05-30T13:55:13.734740",
  "test_metrics": {
    "mse": 0.0023729046806693077,
    "mae": 0.02436688356101513,
    "r2": 0.9994324445724487
  },
  "new_metrics": {
    "mse": 0.0010111979208886623,
    "mae": 0.022503189742565155,
    "r2": 0.9997580647468567
  },
  "performance_change": 0.0003258050868533264,
  "threshold": 0.15,
  "retrain_needed": false
}