{
  "timestamp": "2026-05-29T15:50:50.687403",
  "test_metrics": {
    "mse": 0.13865484297275543,
    "mae": 0.25489604473114014,
    "r2": 0.9657446146011353
  },
  "new_metrics": {
    "mse": 0.059772640466690063,
    "mae": 0.185663640499115,
    "r2": 0.9857003092765808
  },
  "performance_change": 0.020663531925246625,
  "threshold": 0.15,
  "retrain_needed": false
}