{
  "timestamp": "2026-05-29T15:48:54.416631",
  "test_metrics": {
    "mse": 0.11935549974441528,
    "mae": 0.2326963245868683,
    "r2": 0.9699667096138
  },
  "new_metrics": {
    "mse": 0.048475928604602814,
    "mae": 0.1700132191181183,
    "r2": 0.9884029030799866
  },
  "performance_change": 0.019007037337938164,
  "threshold": 0.15,
  "retrain_needed": false
}