{
  "timestamp": "2026-05-30T03:14:11.545577",
  "test_metrics": {
    "mse": 0.01700873300433159,
    "mae": 0.08804791420698166,
    "r2": 0.9959217309951782
  },
  "new_metrics": {
    "mse": 0.014334237203001976,
    "mae": 0.08463805168867111,
    "r2": 0.9965707659721375
  },
  "performance_change": 0.000651692755323933,
  "threshold": 0.15,
  "retrain_needed": false
}