{
  "timestamp": "2026-05-30T09:36:47.341285",
  "test_metrics": {
    "mse": 0.002954668365418911,
    "mae": 0.028369124978780746,
    "r2": 0.9992924928665161
  },
  "new_metrics": {
    "mse": 0.0017823048401623964,
    "mae": 0.026548562571406364,
    "r2": 0.9995735883712769
  },
  "performance_change": 0.00028129452264212144,
  "threshold": 0.15,
  "retrain_needed": false
}