{
  "timestamp": "2026-05-30T00:05:33.642502",
  "test_metrics": {
    "mse": 0.008618183434009552,
    "mae": 0.05929192900657654,
    "r2": 0.9979346990585327
  },
  "new_metrics": {
    "mse": 0.005265692248940468,
    "mae": 0.05521443486213684,
    "r2": 0.9987402558326721
  },
  "performance_change": 0.0008072239344912841,
  "threshold": 0.15,
  "retrain_needed": false
}