{
  "timestamp": "2026-05-30T09:23:45.607039",
  "test_metrics": {
    "mse": 0.0027056767139583826,
    "mae": 0.025075022131204605,
    "r2": 0.9993522763252258
  },
  "new_metrics": {
    "mse": 0.0013550355797633529,
    "mae": 0.02315385639667511,
    "r2": 0.9996758103370667
  },
  "performance_change": 0.0003237437083052488,
  "threshold": 0.15,
  "retrain_needed": false
}