{
  "timestamp": "2026-05-29T20:34:17.329233",
  "test_metrics": {
    "mse": 0.01019323244690895,
    "mae": 0.057547327131032944,
    "r2": 0.9975457787513733
  },
  "new_metrics": {
    "mse": 0.004009487573057413,
    "mae": 0.0485815703868866,
    "r2": 0.9990407824516296
  },
  "performance_change": 0.001498681796967395,
  "threshold": 0.15,
  "retrain_needed": false
}