{
  "timestamp": "2026-05-30T04:59:59.209447",
  "test_metrics": {
    "mse": 0.013939823023974895,
    "mae": 0.08093353360891342,
    "r2": 0.9966480135917664
  },
  "new_metrics": {
    "mse": 0.010425820015370846,
    "mae": 0.07721253484487534,
    "r2": 0.997505784034729
  },
  "performance_change": 0.0008606553479912868,
  "threshold": 0.15,
  "retrain_needed": false
}