{
  "timestamp": "2026-05-29T19:20:37.179633",
  "test_metrics": {
    "mse": 0.020223990082740784,
    "mae": 0.0912351906299591,
    "r2": 0.9951480627059937
  },
  "new_metrics": {
    "mse": 0.010812852531671524,
    "mae": 0.08091876655817032,
    "r2": 0.9974132180213928
  },
  "performance_change": 0.0022761992916308245,
  "threshold": 0.15,
  "retrain_needed": false
}