{
  "timestamp": "2026-05-30T08:15:00.396508",
  "test_metrics": {
    "mse": 0.007064736448228359,
    "mae": 0.049570951610803604,
    "r2": 0.9983116388320923
  },
  "new_metrics": {
    "mse": 0.0054447585716843605,
    "mae": 0.04731880500912666,
    "r2": 0.9986974000930786
  },
  "performance_change": 0.00038641366681612933,
  "threshold": 0.15,
  "retrain_needed": false
}