{
  "timestamp": "2026-05-29T15:58:09.767811",
  "test_metrics": {
    "mse": 0.07880868017673492,
    "mae": 0.19691312313079834,
    "r2": 0.9803581237792969
  },
  "new_metrics": {
    "mse": 0.03292493894696236,
    "mae": 0.1445576697587967,
    "r2": 0.9921232461929321
  },
  "performance_change": 0.012000841456059456,
  "threshold": 0.15,
  "retrain_needed": false
}