{
  "timestamp": "2026-05-29T21:00:56.817760",
  "test_metrics": {
    "mse": 0.006556161679327488,
    "mae": 0.04393316060304642,
    "r2": 0.998424232006073
  },
  "new_metrics": {
    "mse": 0.002407217398285866,
    "mae": 0.03747730702161789,
    "r2": 0.9994240999221802
  },
  "performance_change": 0.0010014459626026945,
  "threshold": 0.15,
  "retrain_needed": false
}