{
  "timestamp": "2026-05-30T01:44:56.364538",
  "test_metrics": {
    "mse": 0.006286104675382376,
    "mae": 0.04522346705198288,
    "r2": 0.9984911680221558
  },
  "new_metrics": {
    "mse": 0.0034057586453855038,
    "mae": 0.041223835200071335,
    "r2": 0.9991852045059204
  },
  "performance_change": 0.000695085250618109,
  "threshold": 0.15,
  "retrain_needed": false
}