{
  "timestamp": "2026-05-29T17:49:37.271161",
  "test_metrics": {
    "mse": 0.02469373494386673,
    "mae": 0.09435002505779266,
    "r2": 0.9940881729125977
  },
  "new_metrics": {
    "mse": 0.00915456097573042,
    "mae": 0.07607367634773254,
    "r2": 0.997809886932373
  },
  "performance_change": 0.0037438469958565855,
  "threshold": 0.15,
  "retrain_needed": false
}