{
  "timestamp": "2026-05-30T09:45:25.292654",
  "test_metrics": {
    "mse": 0.002271070843562484,
    "mae": 0.021749263629317284,
    "r2": 0.999456524848938
  },
  "new_metrics": {
    "mse": 0.0008373181335628033,
    "mae": 0.019720586016774178,
    "r2": 0.9997996687889099
  },
  "performance_change": 0.0003433305315844409,
  "threshold": 0.15,
  "retrain_needed": false
}