{
  "timestamp": "2026-05-30T09:10:32.815610",
  "test_metrics": {
    "mse": 0.005018314812332392,
    "mae": 0.0434100516140461,
    "r2": 0.998792290687561
  },
  "new_metrics": {
    "mse": 0.0033534744288772345,
    "mae": 0.04100305587053299,
    "r2": 0.9991977214813232
  },
  "performance_change": 0.00040592102836828223,
  "threshold": 0.15,
  "retrain_needed": false
}