{
  "timestamp": "2026-05-30T07:24:41.138009",
  "test_metrics": {
    "mse": 0.004022499080747366,
    "mae": 0.03341297432780266,
    "r2": 0.9990347027778625
  },
  "new_metrics": {
    "mse": 0.0024435215163975954,
    "mae": 0.031047888100147247,
    "r2": 0.999415397644043
  },
  "performance_change": 0.0003810627049509693,
  "threshold": 0.15,
  "retrain_needed": false
}