{
  "timestamp": "2026-05-29T21:39:43.896940",
  "test_metrics": {
    "mse": 0.014248219318687916,
    "mae": 0.08154666423797607,
    "r2": 0.9965692758560181
  },
  "new_metrics": {
    "mse": 0.010644764639437199,
    "mae": 0.07638077437877655,
    "r2": 0.9974533915519714
  },
  "performance_change": 0.0008871592947654791,
  "threshold": 0.15,
  "retrain_needed": false
}