{
  "timestamp": "2026-05-30T14:48:00.075954",
  "test_metrics": {
    "mse": 0.0014802098739892244,
    "mae": 0.011282629333436489,
    "r2": 0.9996457695960999
  },
  "new_metrics": {
    "mse": 0.0001997118379222229,
    "mae": 0.009585363790392876,
    "r2": 0.9999521970748901
  },
  "performance_change": 0.00030653606318375477,
  "threshold": 0.15,
  "retrain_needed": false
}