{
  "timestamp": "2026-05-30T00:41:57.392020",
  "test_metrics": {
    "mse": 0.009538554586470127,
    "mae": 0.060518667101860046,
    "r2": 0.997712254524231
  },
  "new_metrics": {
    "mse": 0.006989809684455395,
    "mae": 0.05660977214574814,
    "r2": 0.9983277916908264
  },
  "performance_change": 0.0006169485879362923,
  "threshold": 0.15,
  "retrain_needed": false
}