{
  "timestamp": "2026-05-30T16:22:05.568326",
  "test_metrics": {
    "mse": 0.028051337227225304,
    "mae": 0.1262654960155487,
    "r2": 0.9932764172554016
  },
  "new_metrics": {
    "mse": 0.02433963119983673,
    "mae": 0.12313441932201385,
    "r2": 0.9941771030426025
  },
  "performance_change": 0.0009067826151452199,
  "threshold": 0.15,
  "retrain_needed": false
}