{
  "timestamp": "2026-05-30T12:07:12.103624",
  "test_metrics": {
    "mse": 0.031222118064761162,
    "mae": 0.10579001158475876,
    "r2": 0.9925011992454529
  },
  "new_metrics": {
    "mse": 0.029716800898313522,
    "mae": 0.10391967743635178,
    "r2": 0.9928907155990601
  },
  "performance_change": 0.00039245932791144914,
  "threshold": 0.15,
  "retrain_needed": false
}