{
  "timestamp": "2026-05-29T16:17:59.567424",
  "test_metrics": {
    "mse": 0.041116464883089066,
    "mae": 0.12250369042158127,
    "r2": 0.9899269342422485
  },
  "new_metrics": {
    "mse": 0.011872155591845512,
    "mae": 0.08441973477602005,
    "r2": 0.9971597790718079
  },
  "performance_change": 0.007306443111476499,
  "threshold": 0.15,
  "retrain_needed": false
}