{
  "timestamp": "2026-05-30T00:21:45.295954",
  "test_metrics": {
    "mse": 0.015496077947318554,
    "mae": 0.0882895216345787,
    "r2": 0.9962733387947083
  },
  "new_metrics": {
    "mse": 0.010468955151736736,
    "mae": 0.08315497636795044,
    "r2": 0.9974954724311829
  },
  "performance_change": 0.0012267051509710649,
  "threshold": 0.15,
  "retrain_needed": false
}