{
  "timestamp": "2026-05-29T20:55:35.168415",
  "test_metrics": {
    "mse": 0.01116195973008871,
    "mae": 0.06742984801530838,
    "r2": 0.9973146915435791
  },
  "new_metrics": {
    "mse": 0.00601864792406559,
    "mae": 0.060198139399290085,
    "r2": 0.9985601305961609
  },
  "performance_change": 0.001248792445495992,
  "threshold": 0.15,
  "retrain_needed": false
}