{
  "timestamp": "2026-05-30T02:02:26.528514",
  "test_metrics": {
    "mse": 0.0061772787012159824,
    "mae": 0.04720975458621979,
    "r2": 0.9985182285308838
  },
  "new_metrics": {
    "mse": 0.0034593171440064907,
    "mae": 0.04344315454363823,
    "r2": 0.9991723895072937
  },
  "performance_change": 0.0006551317319187821,
  "threshold": 0.15,
  "retrain_needed": false
}