{
  "timestamp": "2026-05-30T13:01:26.469234",
  "test_metrics": {
    "mse": 0.003315325826406479,
    "mae": 0.028616346418857574,
    "r2": 0.9992020726203918
  },
  "new_metrics": {
    "mse": 0.0014299983158707619,
    "mae": 0.026201004162430763,
    "r2": 0.9996578693389893
  },
  "performance_change": 0.00045616070171080843,
  "threshold": 0.15,
  "retrain_needed": false
}