{
  "timestamp": "2026-05-29T15:52:39.135920",
  "test_metrics": {
    "mse": 0.09596168249845505,
    "mae": 0.1972545087337494,
    "r2": 0.9766039848327637
  },
  "new_metrics": {
    "mse": 0.030021991580724716,
    "mae": 0.1272299587726593,
    "r2": 0.9928176999092102
  },
  "performance_change": 0.016602138971635483,
  "threshold": 0.15,
  "retrain_needed": false
}