{
  "timestamp": "2026-05-29T22:45:53.074978",
  "test_metrics": {
    "mse": 0.010993286967277527,
    "mae": 0.059830840677022934,
    "r2": 0.997345507144928
  },
  "new_metrics": {
    "mse": 0.008538855239748955,
    "mae": 0.05573928356170654,
    "r2": 0.9979572296142578
  },
  "performance_change": 0.000613350604126141,
  "threshold": 0.15,
  "retrain_needed": false
}