{
  "timestamp": "2026-05-30T15:41:30.230318",
  "test_metrics": {
    "mse": 0.009908969514071941,
    "mae": 0.06220569461584091,
    "r2": 0.9976283311843872
  },
  "new_metrics": {
    "mse": 0.008718734607100487,
    "mae": 0.060734882950782776,
    "r2": 0.99791419506073
  },
  "performance_change": 0.0002865434625371906,
  "threshold": 0.15,
  "retrain_needed": false
}