{
  "timestamp": "2026-05-29T23:28:33.657681",
  "test_metrics": {
    "mse": 0.007786146365106106,
    "mae": 0.05550018697977066,
    "r2": 0.9981265664100647
  },
  "new_metrics": {
    "mse": 0.005079067312180996,
    "mae": 0.05087776109576225,
    "r2": 0.9987848997116089
  },
  "performance_change": 0.0006595689601890864,
  "threshold": 0.15,
  "retrain_needed": false
}