{
  "timestamp": "2026-05-30T06:47:39.195123",
  "test_metrics": {
    "mse": 0.008751851506531239,
    "mae": 0.05231159180402756,
    "r2": 0.9979000091552734
  },
  "new_metrics": {
    "mse": 0.006658837199211121,
    "mae": 0.04944181814789772,
    "r2": 0.9984070062637329
  },
  "performance_change": 0.0005080640382884132,
  "threshold": 0.15,
  "retrain_needed": false
}