{
  "timestamp": "2026-05-30T00:55:04.270330",
  "test_metrics": {
    "mse": 0.005908401217311621,
    "mae": 0.0450960174202919,
    "r2": 0.9985762238502502
  },
  "new_metrics": {
    "mse": 0.003287562169134617,
    "mae": 0.041515201330184937,
    "r2": 0.9992135167121887
  },
  "performance_change": 0.000638201518038594,
  "threshold": 0.15,
  "retrain_needed": false
}