{
  "timestamp": "2026-05-29T18:13:59.922365",
  "test_metrics": {
    "mse": 0.017273638397455215,
    "mae": 0.06882018595933914,
    "r2": 0.9958552718162537
  },
  "new_metrics": {
    "mse": 0.004416301380842924,
    "mae": 0.0525357760488987,
    "r2": 0.9989434480667114
  },
  "performance_change": 0.0031010291734716714,
  "threshold": 0.15,
  "retrain_needed": false
}