{
  "timestamp": "2026-05-30T08:57:40.222449",
  "test_metrics": {
    "mse": 0.005653484724462032,
    "mae": 0.03855130821466446,
    "r2": 0.9986428022384644
  },
  "new_metrics": {
    "mse": 0.004076154436916113,
    "mae": 0.03645453229546547,
    "r2": 0.9990248680114746
  },
  "performance_change": 0.0003825850165382968,
  "threshold": 0.15,
  "retrain_needed": false
}