{
  "timestamp": "2026-05-30T06:51:44.722989",
  "test_metrics": {
    "mse": 0.006161236669868231,
    "mae": 0.045054253190755844,
    "r2": 0.9985199570655823
  },
  "new_metrics": {
    "mse": 0.004618476144969463,
    "mae": 0.04296229034662247,
    "r2": 0.9988951086997986
  },
  "performance_change": 0.00037570769773975467,
  "threshold": 0.15,
  "retrain_needed": false
}