{
  "timestamp": "2026-05-30T09:19:20.867481",
  "test_metrics": {
    "mse": 0.0030554383993148804,
    "mae": 0.02580198273062706,
    "r2": 0.9992678761482239
  },
  "new_metrics": {
    "mse": 0.0012841857969760895,
    "mae": 0.023539865389466286,
    "r2": 0.9996927976608276
  },
  "performance_change": 0.00042523283570533804,
  "threshold": 0.15,
  "retrain_needed": false
}