{
  "timestamp": "2026-05-30T00:28:36.717436",
  "test_metrics": {
    "mse": 0.010916491970419884,
    "mae": 0.07503492385149002,
    "r2": 0.9973708987236023
  },
  "new_metrics": {
    "mse": 0.00740360002964735,
    "mae": 0.07012827694416046,
    "r2": 0.9982287883758545
  },
  "performance_change": 0.0008601510765454377,
  "threshold": 0.15,
  "retrain_needed": false
}