{
  "timestamp": "2026-05-30T01:21:40.486369",
  "test_metrics": {
    "mse": 0.0218226108700037,
    "mae": 0.1051412895321846,
    "r2": 0.9947587847709656
  },
  "new_metrics": {
    "mse": 0.016456238925457,
    "mae": 0.0999339297413826,
    "r2": 0.9960631132125854
  },
  "performance_change": 0.0013112007268376957,
  "threshold": 0.15,
  "retrain_needed": false
}