{
  "timestamp": "2026-05-29T19:03:46.814697",
  "test_metrics": {
    "mse": 0.012359002605080605,
    "mae": 0.058244992047548294,
    "r2": 0.9970203638076782
  },
  "new_metrics": {
    "mse": 0.0039212666451931,
    "mae": 0.04689086973667145,
    "r2": 0.9990618824958801
  },
  "performance_change": 0.0020476198504163212,
  "threshold": 0.15,
  "retrain_needed": false
}