{
  "timestamp": "2026-05-30T00:48:08.627095",
  "test_metrics": {
    "mse": 0.0037160394713282585,
    "mae": 0.03248145058751106,
    "r2": 0.9991030097007751
  },
  "new_metrics": {
    "mse": 0.0016534217866137624,
    "mae": 0.029252316802740097,
    "r2": 0.9996044635772705
  },
  "performance_change": 0.0005019040795858912,
  "threshold": 0.15,
  "retrain_needed": false
}