{
  "timestamp": "2026-05-29T23:49:33.038140",
  "test_metrics": {
    "mse": 0.03514324501156807,
    "mae": 0.13857145607471466,
    "r2": 0.9915139079093933
  },
  "new_metrics": {
    "mse": 0.030643468722701073,
    "mae": 0.13330085575580597,
    "r2": 0.9926690459251404
  },
  "performance_change": 0.001165024521121119,
  "threshold": 0.15,
  "retrain_needed": false
}