{
  "timestamp": "2026-05-30T03:39:26.357601",
  "test_metrics": {
    "mse": 0.014115968719124794,
    "mae": 0.07382069528102875,
    "r2": 0.9966098070144653
  },
  "new_metrics": {
    "mse": 0.011668989434838295,
    "mae": 0.07023174315690994,
    "r2": 0.9972083568572998
  },
  "performance_change": 0.0006005859450927368,
  "threshold": 0.15,
  "retrain_needed": false
}