{
  "timestamp": "2026-05-29T19:42:51.782213",
  "test_metrics": {
    "mse": 0.026683131232857704,
    "mae": 0.11519980430603027,
    "r2": 0.9935587048530579
  },
  "new_metrics": {
    "mse": 0.021010681986808777,
    "mae": 0.10733988136053085,
    "r2": 0.9949735403060913
  },
  "performance_change": 0.0014240079082621434,
  "threshold": 0.15,
  "retrain_needed": false
}