{
  "timestamp": "2026-05-29T16:48:11.295087",
  "test_metrics": {
    "mse": 0.02464437671005726,
    "mae": 0.09018556773662567,
    "r2": 0.9939884543418884
  },
  "new_metrics": {
    "mse": 0.007131780497729778,
    "mae": 0.06573527306318283,
    "r2": 0.9982938170433044
  },
  "performance_change": 0.004331401116994423,
  "threshold": 0.15,
  "retrain_needed": false
}