{
  "timestamp": "2026-05-30T02:52:18.201146",
  "test_metrics": {
    "mse": 0.012871156446635723,
    "mae": 0.07279402762651443,
    "r2": 0.9969175457954407
  },
  "new_metrics": {
    "mse": 0.010245026089251041,
    "mae": 0.06921219080686569,
    "r2": 0.9975490570068359
  },
  "performance_change": 0.0006334638346558348,
  "threshold": 0.15,
  "retrain_needed": false
}