{
  "timestamp": "2026-05-29T22:43:04.728561",
  "test_metrics": {
    "mse": 0.019106445834040642,
    "mae": 0.09457360208034515,
    "r2": 0.995410144329071
  },
  "new_metrics": {
    "mse": 0.01433123555034399,
    "mae": 0.08824528008699417,
    "r2": 0.9965714812278748
  },
  "performance_change": 0.0011666918459892512,
  "threshold": 0.15,
  "retrain_needed": false
}