{
  "timestamp": "2026-05-29T16:54:04.567878",
  "test_metrics": {
    "mse": 0.02475750632584095,
    "mae": 0.08657807111740112,
    "r2": 0.9940143823623657
  },
  "new_metrics": {
    "mse": 0.006621296517550945,
    "mae": 0.06362118571996689,
    "r2": 0.9984159469604492
  },
  "performance_change": 0.0044280693279535625,
  "threshold": 0.15,
  "retrain_needed": false
}