{
  "timestamp": "2026-05-30T14:23:49.040248",
  "test_metrics": {
    "mse": 0.016522377729415894,
    "mae": 0.08623025566339493,
    "r2": 0.9960454702377319
  },
  "new_metrics": {
    "mse": 0.014269369654357433,
    "mae": 0.08366526663303375,
    "r2": 0.996586263179779
  },
  "performance_change": 0.0005429400144935602,
  "threshold": 0.15,
  "retrain_needed": false
}