{
  "timestamp": "2026-05-30T16:06:48.070485",
  "test_metrics": {
    "mse": 0.0019881734624505043,
    "mae": 0.027316486462950706,
    "r2": 0.9995243549346924
  },
  "new_metrics": {
    "mse": 0.0009399768896400928,
    "mae": 0.02595413289964199,
    "r2": 0.9997751116752625
  },
  "performance_change": 0.0002508760685340704,
  "threshold": 0.15,
  "retrain_needed": false
}