{
  "timestamp": "2026-05-29T16:30:00.615024",
  "test_metrics": {
    "mse": 0.03955413028597832,
    "mae": 0.13739798963069916,
    "r2": 0.9904016256332397
  },
  "new_metrics": {
    "mse": 0.018455764278769493,
    "mae": 0.11128050088882446,
    "r2": 0.9955847263336182
  },
  "performance_change": 0.0052333321818453845,
  "threshold": 0.15,
  "retrain_needed": false
}