{
  "timestamp": "2026-05-29T23:55:56.237848",
  "test_metrics": {
    "mse": 0.005160965025424957,
    "mae": 0.043848004192113876,
    "r2": 0.9987633228302002
  },
  "new_metrics": {
    "mse": 0.0022618684452027082,
    "mae": 0.03952305018901825,
    "r2": 0.999458909034729
  },
  "performance_change": 0.0006964474852337617,
  "threshold": 0.15,
  "retrain_needed": false
}