{
  "timestamp": "2026-05-30T09:28:08.233811",
  "test_metrics": {
    "mse": 0.0027232186403125525,
    "mae": 0.024348238483071327,
    "r2": 0.9993473887443542
  },
  "new_metrics": {
    "mse": 0.0010156425414606929,
    "mae": 0.022266345098614693,
    "r2": 0.9997570514678955
  },
  "performance_change": 0.00040993024863554897,
  "threshold": 0.15,
  "retrain_needed": false
}