{
  "timestamp": "2026-05-29T18:56:33.695559",
  "test_metrics": {
    "mse": 0.012621834874153137,
    "mae": 0.058227211236953735,
    "r2": 0.9969657063484192
  },
  "new_metrics": {
    "mse": 0.004053475335240364,
    "mae": 0.04724293202161789,
    "r2": 0.9990302920341492
  },
  "performance_change": 0.0020708693113346164,
  "threshold": 0.15,
  "retrain_needed": false
}