{
  "timestamp": "2026-05-29T16:10:10.070708",
  "test_metrics": {
    "mse": 0.04971938952803612,
    "mae": 0.13628911972045898,
    "r2": 0.9877270460128784
  },
  "new_metrics": {
    "mse": 0.012303185649216175,
    "mae": 0.08988793194293976,
    "r2": 0.9970566630363464
  },
  "performance_change": 0.0094455417224106,
  "threshold": 0.15,
  "retrain_needed": false
}