{
  "timestamp": "2026-05-29T18:02:46.603852",
  "test_metrics": {
    "mse": 0.027365142479538918,
    "mae": 0.116350919008255,
    "r2": 0.9934399724006653
  },
  "new_metrics": {
    "mse": 0.016273871064186096,
    "mae": 0.10270506143569946,
    "r2": 0.996106743812561
  },
  "performance_change": 0.0026843810255102294,
  "threshold": 0.15,
  "retrain_needed": false
}