{
  "timestamp": "2026-05-30T01:58:37.754971",
  "test_metrics": {
    "mse": 0.005479646380990744,
    "mae": 0.04217987507581711,
    "r2": 0.9986871480941772
  },
  "new_metrics": {
    "mse": 0.003047923557460308,
    "mae": 0.03870458900928497,
    "r2": 0.9992708563804626
  },
  "performance_change": 0.0005844756162120513,
  "threshold": 0.15,
  "retrain_needed": false
}