{
  "timestamp": "2026-05-29T19:58:14.792125",
  "test_metrics": {
    "mse": 0.010970860719680786,
    "mae": 0.0598335899412632,
    "r2": 0.9973686337471008
  },
  "new_metrics": {
    "mse": 0.004131183493882418,
    "mae": 0.05046110972762108,
    "r2": 0.9990116953849792
  },
  "performance_change": 0.0016473965415429769,
  "threshold": 0.15,
  "retrain_needed": false
}