{
  "timestamp": "2026-05-30T17:12:37.026090",
  "test_metrics": {
    "mse": 0.0019476686138659716,
    "mae": 0.02067285031080246,
    "r2": 0.9995332956314087
  },
  "new_metrics": {
    "mse": 0.0006863439339213073,
    "mae": 0.018963566049933434,
    "r2": 0.9998357892036438
  },
  "performance_change": 0.00030263481322452714,
  "threshold": 0.15,
  "retrain_needed": false
}