{
  "timestamp": "2026-05-29T20:26:35.099982",
  "test_metrics": {
    "mse": 0.012864604592323303,
    "mae": 0.07334974408149719,
    "r2": 0.9968777298927307
  },
  "new_metrics": {
    "mse": 0.006903511472046375,
    "mae": 0.065582275390625,
    "r2": 0.9983484148979187
  },
  "performance_change": 0.0014752912629979623,
  "threshold": 0.15,
  "retrain_needed": false
}