{
  "timestamp": "2026-05-30T07:32:59.864835",
  "test_metrics": {
    "mse": 0.00565120205283165,
    "mae": 0.043426044285297394,
    "r2": 0.9986414313316345
  },
  "new_metrics": {
    "mse": 0.004013580735772848,
    "mae": 0.041225939989089966,
    "r2": 0.9990398287773132
  },
  "performance_change": 0.0003989394322919984,
  "threshold": 0.15,
  "retrain_needed": false
}