{
  "timestamp": "2026-05-30T17:28:03.937061",
  "test_metrics": {
    "mse": 0.002534947358071804,
    "mae": 0.02575802430510521,
    "r2": 0.9993941783905029
  },
  "new_metrics": {
    "mse": 0.0014097737148404121,
    "mae": 0.024321354925632477,
    "r2": 0.9996627569198608
  },
  "performance_change": 0.00026874133866824055,
  "threshold": 0.15,
  "retrain_needed": false
}