{
  "timestamp": "2026-05-29T19:47:56.917045",
  "test_metrics": {
    "mse": 0.008378046564757824,
    "mae": 0.0508481040596962,
    "r2": 0.9979801774024963
  },
  "new_metrics": {
    "mse": 0.002814315492287278,
    "mae": 0.04247497022151947,
    "r2": 0.9993267059326172
  },
  "performance_change": 0.001349253783402333,
  "threshold": 0.15,
  "retrain_needed": false
}