{
  "timestamp": "2026-05-29T18:44:41.315653",
  "test_metrics": {
    "mse": 0.016215084120631218,
    "mae": 0.0689871534705162,
    "r2": 0.9961082339286804
  },
  "new_metrics": {
    "mse": 0.005072812549769878,
    "mae": 0.05492928996682167,
    "r2": 0.9987863898277283
  },
  "performance_change": 0.0026886193767168506,
  "threshold": 0.15,
  "retrain_needed": false
}