{
  "timestamp": "2026-05-29T17:02:53.737702",
  "test_metrics": {
    "mse": 0.024654196575284004,
    "mae": 0.09263487160205841,
    "r2": 0.9940239787101746
  },
  "new_metrics": {
    "mse": 0.008075522258877754,
    "mae": 0.07129178196191788,
    "r2": 0.9980680346488953
  },
  "performance_change": 0.004068368596065648,
  "threshold": 0.15,
  "retrain_needed": false
}