{
  "timestamp": "2026-05-30T14:04:53.379432",
  "test_metrics": {
    "mse": 0.020318832248449326,
    "mae": 0.08257388323545456,
    "r2": 0.9951252341270447
  },
  "new_metrics": {
    "mse": 0.019061224535107613,
    "mae": 0.08103448152542114,
    "r2": 0.995439887046814
  },
  "performance_change": 0.00031619429291762516,
  "threshold": 0.15,
  "retrain_needed": false
}