{
  "timestamp": "2026-05-30T11:09:38.489053",
  "test_metrics": {
    "mse": 0.021577300503849983,
    "mae": 0.10577882081270218,
    "r2": 0.9948065280914307
  },
  "new_metrics": {
    "mse": 0.01819823682308197,
    "mae": 0.10301479697227478,
    "r2": 0.9956463575363159
  },
  "performance_change": 0.0008442138457781279,
  "threshold": 0.15,
  "retrain_needed": false
}