{
  "timestamp": "2026-05-29T23:15:56.616568",
  "test_metrics": {
    "mse": 0.0103531489148736,
    "mae": 0.06833533942699432,
    "r2": 0.9975047707557678
  },
  "new_metrics": {
    "mse": 0.006991339381784201,
    "mae": 0.06364528834819794,
    "r2": 0.9983274340629578
  },
  "performance_change": 0.0008247211755856001,
  "threshold": 0.15,
  "retrain_needed": false
}