{
  "timestamp": "2026-05-30T14:57:40.024512",
  "test_metrics": {
    "mse": 0.005031805019825697,
    "mae": 0.04353100061416626,
    "r2": 0.9987941384315491
  },
  "new_metrics": {
    "mse": 0.003619842231273651,
    "mae": 0.04173994064331055,
    "r2": 0.9991340041160583
  },
  "performance_change": 0.00034027601027273105,
  "threshold": 0.15,
  "retrain_needed": false
}