{
  "timestamp": "2026-05-30T17:07:30.699539",
  "test_metrics": {
    "mse": 0.001998971914872527,
    "mae": 0.02010437473654747,
    "r2": 0.9995208382606506
  },
  "new_metrics": {
    "mse": 0.0007332171662710607,
    "mae": 0.018365908414125443,
    "r2": 0.999824583530426
  },
  "performance_change": 0.00030389088265929805,
  "threshold": 0.15,
  "retrain_needed": false
}