{
  "timestamp": "2026-05-29T18:07:13.866195",
  "test_metrics": {
    "mse": 0.012349504046142101,
    "mae": 0.06316697597503662,
    "r2": 0.9970343112945557
  },
  "new_metrics": {
    "mse": 0.004088858142495155,
    "mae": 0.050163913518190384,
    "r2": 0.9990218281745911
  },
  "performance_change": 0.001993428769221388,
  "threshold": 0.15,
  "retrain_needed": false
}