{
  "timestamp": "2026-05-30T09:41:03.513324",
  "test_metrics": {
    "mse": 0.0019683295395225286,
    "mae": 0.01905127614736557,
    "r2": 0.9995261430740356
  },
  "new_metrics": {
    "mse": 0.000527429161593318,
    "mae": 0.017136182636022568,
    "r2": 0.9998738169670105
  },
  "performance_change": 0.00034783871876085693,
  "threshold": 0.15,
  "retrain_needed": false
}