{
  "timestamp": "2026-05-30T17:38:23.177517",
  "test_metrics": {
    "mse": 0.00414065970107913,
    "mae": 0.032133057713508606,
    "r2": 0.9990081191062927
  },
  "new_metrics": {
    "mse": 0.0030377155635505915,
    "mae": 0.03057132661342621,
    "r2": 0.9992733001708984
  },
  "performance_change": 0.0002654443537885783,
  "threshold": 0.15,
  "retrain_needed": false
}