{
  "timestamp": "2026-05-30T11:41:36.999616",
  "test_metrics": {
    "mse": 0.003657605731859803,
    "mae": 0.034140512347221375,
    "r2": 0.9991207718849182
  },
  "new_metrics": {
    "mse": 0.002084324834868312,
    "mae": 0.032108087092638016,
    "r2": 0.9995013475418091
  },
  "performance_change": 0.0003809105641682175,
  "threshold": 0.15,
  "retrain_needed": false
}