{
  "timestamp": "2026-05-29T23:31:44.406970",
  "test_metrics": {
    "mse": 0.016603238880634308,
    "mae": 0.08773218095302582,
    "r2": 0.9960258603096008
  },
  "new_metrics": {
    "mse": 0.01165851391851902,
    "mae": 0.08154146373271942,
    "r2": 0.9972108602523804
  },
  "performance_change": 0.0011897280883964199,
  "threshold": 0.15,
  "retrain_needed": false
}