{
  "timestamp": "2026-05-29T23:22:13.672247",
  "test_metrics": {
    "mse": 0.007133889477699995,
    "mae": 0.053419336676597595,
    "r2": 0.9982895255088806
  },
  "new_metrics": {
    "mse": 0.0036991662345826626,
    "mae": 0.04832315444946289,
    "r2": 0.9991150498390198
  },
  "performance_change": 0.0008269387878414801,
  "threshold": 0.15,
  "retrain_needed": false
}