{
  "timestamp": "2026-05-30T02:16:20.231409",
  "test_metrics": {
    "mse": 0.013334771618247032,
    "mae": 0.07541963458061218,
    "r2": 0.9968028664588928
  },
  "new_metrics": {
    "mse": 0.009297281503677368,
    "mae": 0.06999228149652481,
    "r2": 0.9977757930755615
  },
  "performance_change": 0.0009760471698130131,
  "threshold": 0.15,
  "retrain_needed": false
}