{
  "timestamp": "2026-05-29T22:34:14.878527",
  "test_metrics": {
    "mse": 0.04194022715091705,
    "mae": 0.1459616869688034,
    "r2": 0.9899483919143677
  },
  "new_metrics": {
    "mse": 0.03675509989261627,
    "mae": 0.14076116681098938,
    "r2": 0.9912068843841553
  },
  "performance_change": 0.0012712707854940983,
  "threshold": 0.15,
  "retrain_needed": false
}