{
  "timestamp": "2026-05-29T20:31:37.368531",
  "test_metrics": {
    "mse": 0.019820518791675568,
    "mae": 0.09681446105241776,
    "r2": 0.9952123165130615
  },
  "new_metrics": {
    "mse": 0.014166385866701603,
    "mae": 0.08970414847135544,
    "r2": 0.9966109395027161
  },
  "performance_change": 0.0014053513671885762,
  "threshold": 0.15,
  "retrain_needed": false
}