{
  "timestamp": "2026-05-30T07:46:01.399761",
  "test_metrics": {
    "mse": 0.0025649447925388813,
    "mae": 0.02488025091588497,
    "r2": 0.9993857741355896
  },
  "new_metrics": {
    "mse": 0.0009307916625402868,
    "mae": 0.022475622594356537,
    "r2": 0.9997773170471191
  },
  "performance_change": 0.0003917835551223478,
  "threshold": 0.15,
  "retrain_needed": false
}