{
  "timestamp": "2026-05-30T17:22:54.741171",
  "test_metrics": {
    "mse": 0.00148918351624161,
    "mae": 0.01439971849322319,
    "r2": 0.999642014503479
  },
  "new_metrics": {
    "mse": 0.00030767847783863544,
    "mae": 0.01278823334723711,
    "r2": 0.9999263882637024
  },
  "performance_change": 0.0002844755983617163,
  "threshold": 0.15,
  "retrain_needed": false
}