{
  "timestamp": "2026-05-30T04:29:09.876519",
  "test_metrics": {
    "mse": 0.008924679830670357,
    "mae": 0.05706623196601868,
    "r2": 0.9978709816932678
  },
  "new_metrics": {
    "mse": 0.005185751710087061,
    "mae": 0.05227844789624214,
    "r2": 0.998759388923645
  },
  "performance_change": 0.0008903027011264286,
  "threshold": 0.15,
  "retrain_needed": false
}