{
  "timestamp": "2026-05-30T10:46:37.755418",
  "test_metrics": {
    "mse": 0.0028464137576520443,
    "mae": 0.0274039413779974,
    "r2": 0.9993147850036621
  },
  "new_metrics": {
    "mse": 0.0014486979926005006,
    "mae": 0.02542453072965145,
    "r2": 0.9996533989906311
  },
  "performance_change": 0.00033884616944575003,
  "threshold": 0.15,
  "retrain_needed": false
}