{
  "timestamp": "2026-05-30T08:23:42.372994",
  "test_metrics": {
    "mse": 0.0032850210554897785,
    "mae": 0.030140936374664307,
    "r2": 0.9992126822471619
  },
  "new_metrics": {
    "mse": 0.0015473626554012299,
    "mae": 0.027772150933742523,
    "r2": 0.9996297955513
  },
  "performance_change": 0.0004174419636069109,
  "threshold": 0.15,
  "retrain_needed": false
}