{
  "timestamp": "2026-05-29T21:57:07.974296",
  "test_metrics": {
    "mse": 0.015964031219482422,
    "mae": 0.08216328173875809,
    "r2": 0.9961193203926086
  },
  "new_metrics": {
    "mse": 0.008792988955974579,
    "mae": 0.07411132007837296,
    "r2": 0.9978964328765869
  },
  "performance_change": 0.0017840357551521474,
  "threshold": 0.15,
  "retrain_needed": false
}