{
  "timestamp": "2026-05-30T02:09:25.644191",
  "test_metrics": {
    "mse": 0.011609301902353764,
    "mae": 0.06654522567987442,
    "r2": 0.9972003698348999
  },
  "new_metrics": {
    "mse": 0.00926292035728693,
    "mae": 0.06334668397903442,
    "r2": 0.9977840185165405
  },
  "performance_change": 0.0005852872695356661,
  "threshold": 0.15,
  "retrain_needed": false
}