{
  "timestamp": "2026-05-30T10:11:57.499132",
  "test_metrics": {
    "mse": 0.004259922541677952,
    "mae": 0.03394283354282379,
    "r2": 0.9989784359931946
  },
  "new_metrics": {
    "mse": 0.0027521138545125723,
    "mae": 0.03178134560585022,
    "r2": 0.999341607093811
  },
  "performance_change": 0.000363542482531554,
  "threshold": 0.15,
  "retrain_needed": false
}