{
  "timestamp": "2026-05-30T11:18:40.180650",
  "test_metrics": {
    "mse": 0.0023619153071194887,
    "mae": 0.028033604845404625,
    "r2": 0.9994333386421204
  },
  "new_metrics": {
    "mse": 0.001042746938765049,
    "mae": 0.02620343491435051,
    "r2": 0.999750554561615
  },
  "performance_change": 0.00031739577541571123,
  "threshold": 0.15,
  "retrain_needed": false
}