{
  "timestamp": "2026-05-29T17:23:25.838547",
  "test_metrics": {
    "mse": 0.017506055533885956,
    "mae": 0.0655016228556633,
    "r2": 0.9958385825157166
  },
  "new_metrics": {
    "mse": 0.003664452815428376,
    "mae": 0.04706818610429764,
    "r2": 0.9991233348846436
  },
  "performance_change": 0.0032984787159269975,
  "threshold": 0.15,
  "retrain_needed": false
}