{
  "timestamp": "2026-05-29T18:35:06.051541",
  "test_metrics": {
    "mse": 0.01900181733071804,
    "mae": 0.08262170851230621,
    "r2": 0.9954870939254761
  },
  "new_metrics": {
    "mse": 0.008291676640510559,
    "mae": 0.07004031538963318,
    "r2": 0.998016357421875
  },
  "performance_change": 0.0025407295703105026,
  "threshold": 0.15,
  "retrain_needed": false
}