{
  "timestamp": "2026-05-30T16:52:50.297394",
  "test_metrics": {
    "mse": 0.0016395432176068425,
    "mae": 0.016924073919653893,
    "r2": 0.9996078014373779
  },
  "new_metrics": {
    "mse": 0.0005286615923978388,
    "mae": 0.015293579548597336,
    "r2": 0.9998735189437866
  },
  "performance_change": 0.0002658217613213953,
  "threshold": 0.15,
  "retrain_needed": false
}