{
  "timestamp": "2026-05-29T15:41:36.056561",
  "test_metrics": {
    "mse": 0.3045915365219116,
    "mae": 0.40795743465423584,
    "r2": 0.9211347699165344
  },
  "new_metrics": {
    "mse": 0.2360902577638626,
    "mae": 0.3587055206298828,
    "r2": 0.9435190558433533
  },
  "performance_change": 0.024300771893397452,
  "threshold": 0.15,
  "retrain_needed": false
}