{
  "timestamp": "2026-05-30T15:02:25.523520",
  "test_metrics": {
    "mse": 0.002192943124100566,
    "mae": 0.022076187655329704,
    "r2": 0.9994726777076721
  },
  "new_metrics": {
    "mse": 0.0009338321397081017,
    "mae": 0.020332742482423782,
    "r2": 0.9997766017913818
  },
  "performance_change": 0.000304084434210626,
  "threshold": 0.15,
  "retrain_needed": false
}