{
  "timestamp": "2026-05-30T07:16:38.160549",
  "test_metrics": {
    "mse": 0.0037302267737686634,
    "mae": 0.030708611011505127,
    "r2": 0.9991047382354736
  },
  "new_metrics": {
    "mse": 0.0014721996849402785,
    "mae": 0.027606936171650887,
    "r2": 0.9996477961540222
  },
  "performance_change": 0.0005435445331864632,
  "threshold": 0.15,
  "retrain_needed": false
}