{
  "timestamp": "2026-05-30T09:49:46.960372",
  "test_metrics": {
    "mse": 0.002994352485984564,
    "mae": 0.027192920446395874,
    "r2": 0.9992849230766296
  },
  "new_metrics": {
    "mse": 0.0012218746123835444,
    "mae": 0.024707045406103134,
    "r2": 0.9997076988220215
  },
  "performance_change": 0.00042307827890587053,
  "threshold": 0.15,
  "retrain_needed": false
}