{
  "timestamp": "2026-05-30T10:20:34.523839",
  "test_metrics": {
    "mse": 0.006356445141136646,
    "mae": 0.04512520506978035,
    "r2": 0.9984773397445679
  },
  "new_metrics": {
    "mse": 0.004938344471156597,
    "mae": 0.04346869885921478,
    "r2": 0.998818576335907
  },
  "performance_change": 0.00034175697109601607,
  "threshold": 0.15,
  "retrain_needed": false
}