{
  "timestamp": "2026-05-29T21:51:19.499743",
  "test_metrics": {
    "mse": 0.006460336036980152,
    "mae": 0.04591483622789383,
    "r2": 0.998444676399231
  },
  "new_metrics": {
    "mse": 0.0025780657306313515,
    "mae": 0.040146809071302414,
    "r2": 0.9993832111358643
  },
  "performance_change": 0.0009399967357410447,
  "threshold": 0.15,
  "retrain_needed": false
}