{
  "timestamp": "2026-05-30T11:04:42.636553",
  "test_metrics": {
    "mse": 0.01667146384716034,
    "mae": 0.07962750643491745,
    "r2": 0.9959977865219116
  },
  "new_metrics": {
    "mse": 0.015215548686683178,
    "mae": 0.07788310199975967,
    "r2": 0.9963599443435669
  },
  "performance_change": 0.0003636130788201366,
  "threshold": 0.15,
  "retrain_needed": false
}