{
  "timestamp": "2026-05-29T09:59:34.000294",
  "test_metrics": {
    "mse": 0.37864503264427185,
    "mae": 0.4713364243507385,
    "r2": 0.9037990570068359
  },
  "new_metrics": {
    "mse": 0.36633583903312683,
    "mae": 0.46536463499069214,
    "r2": 0.9123598337173462
  },
  "performance_change": 0.009471991195544592,
  "threshold": 0.15,
  "retrain_needed": false
}