{
  "timestamp": "2026-05-30T16:47:46.213916",
  "test_metrics": {
    "mse": 0.002680540783330798,
    "mae": 0.025711119174957275,
    "r2": 0.9993571639060974
  },
  "new_metrics": {
    "mse": 0.0015424229204654694,
    "mae": 0.024193689227104187,
    "r2": 0.9996309876441956
  },
  "performance_change": 0.0002739998751075885,
  "threshold": 0.15,
  "retrain_needed": false
}