{
  "timestamp": "2026-05-30T15:56:44.444820",
  "test_metrics": {
    "mse": 0.0025966749526560307,
    "mae": 0.026498649269342422,
    "r2": 0.9993768930435181
  },
  "new_metrics": {
    "mse": 0.0014378675259649754,
    "mae": 0.024883508682250977,
    "r2": 0.9996560215950012
  },
  "performance_change": 0.00027930258686799516,
  "threshold": 0.15,
  "retrain_needed": false
}