{
  "timestamp": "2026-05-30T11:55:32.924020",
  "test_metrics": {
    "mse": 0.0030918465927243233,
    "mae": 0.03409164026379585,
    "r2": 0.9992560744285583
  },
  "new_metrics": {
    "mse": 0.0017375359311699867,
    "mae": 0.032154787331819534,
    "r2": 0.9995843172073364
  },
  "performance_change": 0.0003284871487679346,
  "threshold": 0.15,
  "retrain_needed": false
}