{
  "timestamp": "2026-05-30T05:58:48.433532",
  "test_metrics": {
    "mse": 0.007086626254022121,
    "mae": 0.050858721137046814,
    "r2": 0.9983019232749939
  },
  "new_metrics": {
    "mse": 0.005273501854389906,
    "mae": 0.04844963178038597,
    "r2": 0.9987384080886841
  },
  "performance_change": 0.0004372272591224396,
  "threshold": 0.15,
  "retrain_needed": false
}