{
  "timestamp": "2026-05-29T17:51:46.780420",
  "test_metrics": {
    "mse": 0.01786130666732788,
    "mae": 0.08114653825759888,
    "r2": 0.9957064986228943
  },
  "new_metrics": {
    "mse": 0.007747368887066841,
    "mae": 0.0666055753827095,
    "r2": 0.9981465339660645
  },
  "performance_change": 0.0024505568122181,
  "threshold": 0.15,
  "retrain_needed": false
}