{
  "timestamp": "2026-05-30T03:35:56.422695",
  "test_metrics": {
    "mse": 0.004166204482316971,
    "mae": 0.03879851847887039,
    "r2": 0.9989961981773376
  },
  "new_metrics": {
    "mse": 0.002179319504648447,
    "mae": 0.03587283939123154,
    "r2": 0.9994786381721497
  },
  "performance_change": 0.00048292475556185345,
  "threshold": 0.15,
  "retrain_needed": false
}