{
  "timestamp": "2026-05-30T05:14:59.236001",
  "test_metrics": {
    "mse": 0.008998163975775242,
    "mae": 0.05338960886001587,
    "r2": 0.9978446364402771
  },
  "new_metrics": {
    "mse": 0.0038104457780718803,
    "mae": 0.048146385699510574,
    "r2": 0.9990884065628052
  },
  "performance_change": 0.001246456689856165,
  "threshold": 0.15,
  "retrain_needed": false
}