{
  "timestamp": "2026-05-30T06:02:45.116947",
  "test_metrics": {
    "mse": 0.0024651633575558662,
    "mae": 0.024904707446694374,
    "r2": 0.9994074106216431
  },
  "new_metrics": {
    "mse": 0.0008800766663625836,
    "mae": 0.022371621802449226,
    "r2": 0.9997894763946533
  },
  "performance_change": 0.0003822923153757731,
  "threshold": 0.15,
  "retrain_needed": false
}