{
  "timestamp": "2026-05-30T10:07:52.950602",
  "test_metrics": {
    "mse": 0.0030305231921374798,
    "mae": 0.02880185656249523,
    "r2": 0.9992720484733582
  },
  "new_metrics": {
    "mse": 0.001415116828866303,
    "mae": 0.02683834545314312,
    "r2": 0.9996614456176758
  },
  "performance_change": 0.0003896808130603973,
  "threshold": 0.15,
  "retrain_needed": false
}