{
  "timestamp": "2026-05-29T23:04:10.376070",
  "test_metrics": {
    "mse": 0.009106195531785488,
    "mae": 0.06457637250423431,
    "r2": 0.9978091716766357
  },
  "new_metrics": {
    "mse": 0.005750162526965141,
    "mae": 0.0599895678460598,
    "r2": 0.9986243844032288
  },
  "performance_change": 0.0008170026391150542,
  "threshold": 0.15,
  "retrain_needed": false
}