{
  "timestamp": "2026-05-30T12:32:59.240242",
  "test_metrics": {
    "mse": 0.01401206199079752,
    "mae": 0.06875305622816086,
    "r2": 0.9966272115707397
  },
  "new_metrics": {
    "mse": 0.012383954599499702,
    "mae": 0.0666542500257492,
    "r2": 0.9970373511314392
  },
  "performance_change": 0.00041152755607892766,
  "threshold": 0.15,
  "retrain_needed": false
}