{
  "timestamp": "2026-05-30T00:25:04.439152",
  "test_metrics": {
    "mse": 0.007333072833716869,
    "mae": 0.05154131352901459,
    "r2": 0.9982385635375977
  },
  "new_metrics": {
    "mse": 0.0047513446770608425,
    "mae": 0.047749366611242294,
    "r2": 0.9988633394241333
  },
  "performance_change": 0.0006258783314496875,
  "threshold": 0.15,
  "retrain_needed": false
}