{
  "timestamp": "2026-05-30T02:19:52.300809",
  "test_metrics": {
    "mse": 0.007706222124397755,
    "mae": 0.054463375359773636,
    "r2": 0.9981508255004883
  },
  "new_metrics": {
    "mse": 0.00508116977289319,
    "mae": 0.050893284380435944,
    "r2": 0.9987844228744507
  },
  "performance_change": 0.0006347711766352613,
  "threshold": 0.15,
  "retrain_needed": false
}