{
  "timestamp": "2026-05-30T01:24:54.755478",
  "test_metrics": {
    "mse": 0.008009428158402443,
    "mae": 0.06022895500063896,
    "r2": 0.9980781674385071
  },
  "new_metrics": {
    "mse": 0.005324740428477526,
    "mae": 0.056580983102321625,
    "r2": 0.9987261295318604
  },
  "performance_change": 0.0006492097658204644,
  "threshold": 0.15,
  "retrain_needed": false
}