{
  "timestamp": "2026-05-29T19:10:38.060654",
  "test_metrics": {
    "mse": 0.011716076172888279,
    "mae": 0.05526531860232353,
    "r2": 0.9971928000450134
  },
  "new_metrics": {
    "mse": 0.0031690311152487993,
    "mae": 0.04426741972565651,
    "r2": 0.999241828918457
  },
  "performance_change": 0.0020547970997695834,
  "threshold": 0.15,
  "retrain_needed": false
}