{
  "timestamp": "2026-05-29T19:18:08.450074",
  "test_metrics": {
    "mse": 0.015427293255925179,
    "mae": 0.07475600391626358,
    "r2": 0.9962812066078186
  },
  "new_metrics": {
    "mse": 0.007434861734509468,
    "mae": 0.06409284472465515,
    "r2": 0.9982213377952576
  },
  "performance_change": 0.0019473730655271593,
  "threshold": 0.15,
  "retrain_needed": false
}