{
  "timestamp": "2026-05-30T11:32:39.713052",
  "test_metrics": {
    "mse": 0.002007746836170554,
    "mae": 0.01663750410079956,
    "r2": 0.9995189309120178
  },
  "new_metrics": {
    "mse": 0.0005364744574762881,
    "mae": 0.014634697698056698,
    "r2": 0.9998716711997986
  },
  "performance_change": 0.00035291006190238085,
  "threshold": 0.15,
  "retrain_needed": false
}