{
  "timestamp": "2026-05-30T16:11:45.756832",
  "test_metrics": {
    "mse": 0.003009135602042079,
    "mae": 0.027249744161963463,
    "r2": 0.9992800354957581
  },
  "new_metrics": {
    "mse": 0.0017713684355840087,
    "mae": 0.025636114180088043,
    "r2": 0.999576210975647
  },
  "performance_change": 0.0002963888693543035,
  "threshold": 0.15,
  "retrain_needed": false
}