{
  "timestamp": "2026-05-30T06:55:43.895701",
  "test_metrics": {
    "mse": 0.005800269544124603,
    "mae": 0.04653244465589523,
    "r2": 0.9986059069633484
  },
  "new_metrics": {
    "mse": 0.0038362571503967047,
    "mae": 0.04412129521369934,
    "r2": 0.9990822076797485
  },
  "performance_change": 0.00047696565089277814,
  "threshold": 0.15,
  "retrain_needed": false
}