{
  "timestamp": "2026-05-29T18:39:45.639467",
  "test_metrics": {
    "mse": 0.01942252926528454,
    "mae": 0.08681883662939072,
    "r2": 0.9953526258468628
  },
  "new_metrics": {
    "mse": 0.008712898008525372,
    "mae": 0.07439763844013214,
    "r2": 0.9979155659675598
  },
  "performance_change": 0.0025749066754271422,
  "threshold": 0.15,
  "retrain_needed": false
}