{
  "timestamp": "2026-05-30T03:32:07.728015",
  "test_metrics": {
    "mse": 0.004040782805532217,
    "mae": 0.0333620123565197,
    "r2": 0.9990293383598328
  },
  "new_metrics": {
    "mse": 0.0016593305626884103,
    "mae": 0.030018867924809456,
    "r2": 0.9996030330657959
  },
  "performance_change": 0.000574252110458542,
  "threshold": 0.15,
  "retrain_needed": false
}