{
  "timestamp": "2026-05-30T13:50:19.732124",
  "test_metrics": {
    "mse": 0.012558096088469028,
    "mae": 0.07937207072973251,
    "r2": 0.9969859719276428
  },
  "new_metrics": {
    "mse": 0.008597026579082012,
    "mae": 0.07584750652313232,
    "r2": 0.9979432821273804
  },
  "performance_change": 0.0009602042823998997,
  "threshold": 0.15,
  "retrain_needed": false
}