{
  "timestamp": "2026-05-29T18:23:25.634338",
  "test_metrics": {
    "mse": 0.029705269262194633,
    "mae": 0.11409194022417068,
    "r2": 0.9928483366966248
  },
  "new_metrics": {
    "mse": 0.015865817666053772,
    "mae": 0.09956817328929901,
    "r2": 0.9962043762207031
  },
  "performance_change": 0.0033802136741694945,
  "threshold": 0.15,
  "retrain_needed": false
}