{
  "timestamp": "2026-05-29T22:54:42.422327",
  "test_metrics": {
    "mse": 0.006343858782202005,
    "mae": 0.05452830344438553,
    "r2": 0.998479962348938
  },
  "new_metrics": {
    "mse": 0.0038853588048368692,
    "mae": 0.05031903088092804,
    "r2": 0.9990704655647278
  },
  "performance_change": 0.0005914021693541329,
  "threshold": 0.15,
  "retrain_needed": false
}