{
  "timestamp": "2026-05-29T21:11:37.045788",
  "test_metrics": {
    "mse": 0.009411164559423923,
    "mae": 0.05484931543469429,
    "r2": 0.9977205991744995
  },
  "new_metrics": {
    "mse": 0.0040337457321584225,
    "mae": 0.04733658954501152,
    "r2": 0.9990350008010864
  },
  "performance_change": 0.001317404519536263,
  "threshold": 0.15,
  "retrain_needed": false
}