{
  "timestamp": "2026-05-30T06:43:34.156802",
  "test_metrics": {
    "mse": 0.011553998105227947,
    "mae": 0.07023043185472488,
    "r2": 0.997225284576416
  },
  "new_metrics": {
    "mse": 0.0072158873081207275,
    "mae": 0.06575517356395721,
    "r2": 0.9982737302780151
  },
  "performance_change": 0.0010513629345493998,
  "threshold": 0.15,
  "retrain_needed": false
}