{
  "timestamp": "2026-05-30T18:24:59.667883",
  "test_metrics": {
    "accuracy": 0.15323270253188087
  },
  "new_metrics": {
    "accuracy": 0.165
  },
  "accuracy_drop": -0.011767297468119137,
  "threshold": 0.05,
  "retrain_needed": false
}