{
  "timestamp": "2026-05-29T15:56:19.478806",
  "test_metrics": {
    "mse": 0.10224302113056183,
    "mae": 0.21909351646900177,
    "r2": 0.9749708771705627
  },
  "new_metrics": {
    "mse": 0.03895619884133339,
    "mae": 0.15894567966461182,
    "r2": 0.9906803369522095
  },
  "performance_change": 0.01611274772353892,
  "threshold": 0.15,
  "retrain_needed": false
}