{
  "timestamp": "2026-05-30T04:56:15.564941",
  "test_metrics": {
    "mse": 0.007827632129192352,
    "mae": 0.04915211722254753,
    "r2": 0.9981158971786499
  },
  "new_metrics": {
    "mse": 0.0059037278406322,
    "mae": 0.04636143520474434,
    "r2": 0.9985876083374023
  },
  "performance_change": 0.0004726015887391594,
  "threshold": 0.15,
  "retrain_needed": false
}