{
  "timestamp": "2026-05-30T15:16:52.010293",
  "test_metrics": {
    "mse": 0.008754594251513481,
    "mae": 0.044364456087350845,
    "r2": 0.9979060292243958
  },
  "new_metrics": {
    "mse": 0.007557692471891642,
    "mae": 0.042897261679172516,
    "r2": 0.9981919527053833
  },
  "performance_change": 0.0002865234527240783,
  "threshold": 0.15,
  "retrain_needed": false
}