{
  "timestamp": "2026-05-30T11:50:48.884798",
  "test_metrics": {
    "mse": 0.0024765636771917343,
    "mae": 0.024065040051937103,
    "r2": 0.9994041919708252
  },
  "new_metrics": {
    "mse": 0.0008902260451577604,
    "mae": 0.021902533248066902,
    "r2": 0.9997870326042175
  },
  "performance_change": 0.0003830688689001516,
  "threshold": 0.15,
  "retrain_needed": false
}