{
  "timestamp": "2026-05-30T00:51:45.936282",
  "test_metrics": {
    "mse": 0.006190818268805742,
    "mae": 0.04613121598958969,
    "r2": 0.9985052943229675
  },
  "new_metrics": {
    "mse": 0.0031027907971292734,
    "mae": 0.041589755564928055,
    "r2": 0.9992576837539673
  },
  "performance_change": 0.0007535157152170239,
  "threshold": 0.15,
  "retrain_needed": false
}