{
  "timestamp": "2026-05-30T15:46:04.576891",
  "test_metrics": {
    "mse": 0.004632281139492989,
    "mae": 0.03504808619618416,
    "r2": 0.9988923072814941
  },
  "new_metrics": {
    "mse": 0.003528647357597947,
    "mae": 0.033485203981399536,
    "r2": 0.9991558194160461
  },
  "performance_change": 0.0002638043487081762,
  "threshold": 0.15,
  "retrain_needed": false
}