{
  "timestamp": "2026-05-30T16:57:52.219587",
  "test_metrics": {
    "mse": 0.0016678024549037218,
    "mae": 0.01630682311952114,
    "r2": 0.9995999336242676
  },
  "new_metrics": {
    "mse": 0.00046466727508232,
    "mae": 0.01467818021774292,
    "r2": 0.9998888373374939
  },
  "performance_change": 0.0002890193401462472,
  "threshold": 0.15,
  "retrain_needed": false
}