{
  "timestamp": "2026-05-30T02:05:50.794168",
  "test_metrics": {
    "mse": 0.00718438345938921,
    "mae": 0.048551321029663086,
    "r2": 0.9982708692550659
  },
  "new_metrics": {
    "mse": 0.004422811325639486,
    "mae": 0.04478556662797928,
    "r2": 0.9989418983459473
  },
  "performance_change": 0.0006721913976935798,
  "threshold": 0.15,
  "retrain_needed": false
}