{
  "timestamp": "2026-05-29T16:38:00.252621",
  "test_metrics": {
    "mse": 0.029545161873102188,
    "mae": 0.09689728170633316,
    "r2": 0.9929136037826538
  },
  "new_metrics": {
    "mse": 0.006946194916963577,
    "mae": 0.06760362535715103,
    "r2": 0.9983382225036621
  },
  "performance_change": 0.005463334070902442,
  "threshold": 0.15,
  "retrain_needed": false
}