{
  "timestamp": "2026-05-29T16:50:09.869813",
  "test_metrics": {
    "mse": 0.025949636474251747,
    "mae": 0.08736636489629745,
    "r2": 0.9937277436256409
  },
  "new_metrics": {
    "mse": 0.005671012215316296,
    "mae": 0.061397600919008255,
    "r2": 0.9986432790756226
  },
  "performance_change": 0.004946561552208691,
  "threshold": 0.15,
  "retrain_needed": false
}