{
  "timestamp": "2026-05-29T17:47:25.632017",
  "test_metrics": {
    "mse": 0.017116207629442215,
    "mae": 0.06289375573396683,
    "r2": 0.9958963394165039
  },
  "new_metrics": {
    "mse": 0.003977468702942133,
    "mae": 0.04684457182884216,
    "r2": 0.9990484714508057
  },
  "performance_change": 0.003165120615011592,
  "threshold": 0.15,
  "retrain_needed": false
}