{
  "timestamp": "2026-05-29T21:28:32.895209",
  "test_metrics": {
    "mse": 0.016386456787586212,
    "mae": 0.09317507594823837,
    "r2": 0.996071457862854
  },
  "new_metrics": {
    "mse": 0.01228543370962143,
    "mae": 0.08740286529064178,
    "r2": 0.9970608949661255
  },
  "performance_change": 0.0009933394792722963,
  "threshold": 0.15,
  "retrain_needed": false
}