{
  "timestamp": "2026-05-30T01:38:39.491158",
  "test_metrics": {
    "mse": 0.0037952358834445477,
    "mae": 0.030033718794584274,
    "r2": 0.9990919232368469
  },
  "new_metrics": {
    "mse": 0.0011152350343763828,
    "mae": 0.02591143548488617,
    "r2": 0.9997332096099854
  },
  "performance_change": 0.0006418692396799638,
  "threshold": 0.15,
  "retrain_needed": false
}