{
  "timestamp": "2026-05-29T18:32:51.590794",
  "test_metrics": {
    "mse": 0.01448671892285347,
    "mae": 0.06662317365407944,
    "r2": 0.996543288230896
  },
  "new_metrics": {
    "mse": 0.004941804334521294,
    "mae": 0.05374515429139137,
    "r2": 0.9988177418708801
  },
  "performance_change": 0.0022823430420386786,
  "threshold": 0.15,
  "retrain_needed": false
}