{
  "timestamp": "2026-05-30T00:35:21.244513",
  "test_metrics": {
    "mse": 0.009242556989192963,
    "mae": 0.055584605783224106,
    "r2": 0.9977779388427734
  },
  "new_metrics": {
    "mse": 0.006408563815057278,
    "mae": 0.05182730779051781,
    "r2": 0.9984668493270874
  },
  "performance_change": 0.0006904446946511623,
  "threshold": 0.15,
  "retrain_needed": false
}