{
  "timestamp": "2026-05-30T14:19:06.960035",
  "test_metrics": {
    "mse": 0.0033205351792275906,
    "mae": 0.03858880698680878,
    "r2": 0.9992049932479858
  },
  "new_metrics": {
    "mse": 0.0019542889203876257,
    "mae": 0.03679460659623146,
    "r2": 0.9995324611663818
  },
  "performance_change": 0.0003277284647382903,
  "threshold": 0.15,
  "retrain_needed": false
}