{
  "timestamp": "2026-05-29T19:27:57.689825",
  "test_metrics": {
    "mse": 0.01862148568034172,
    "mae": 0.08722128719091415,
    "r2": 0.9955006837844849
  },
  "new_metrics": {
    "mse": 0.00979626551270485,
    "mae": 0.07633499056100845,
    "r2": 0.9976564049720764
  },
  "performance_change": 0.002165464296213626,
  "threshold": 0.15,
  "retrain_needed": false
}