{
  "timestamp": "2026-05-29T17:40:49.509970",
  "test_metrics": {
    "mse": 0.017388969659805298,
    "mae": 0.07250994443893433,
    "r2": 0.9957931041717529
  },
  "new_metrics": {
    "mse": 0.005342334508895874,
    "mae": 0.05682212859392166,
    "r2": 0.9987219572067261
  },
  "performance_change": 0.0029412264683327033,
  "threshold": 0.15,
  "retrain_needed": false
}