{
  "timestamp": "2026-05-29T20:03:18.296333",
  "test_metrics": {
    "mse": 0.014449718408286572,
    "mae": 0.07685349136590958,
    "r2": 0.9965279698371887
  },
  "new_metrics": {
    "mse": 0.008468900807201862,
    "mae": 0.06926818192005157,
    "r2": 0.9979739189147949
  },
  "performance_change": 0.001450986948055696,
  "threshold": 0.15,
  "retrain_needed": false
}