{
  "timestamp": "2026-05-29T15:43:27.986750",
  "test_metrics": {
    "mse": 0.21087922155857086,
    "mae": 0.3309473395347595,
    "r2": 0.9484822750091553
  },
  "new_metrics": {
    "mse": 0.11203040182590485,
    "mae": 0.25245609879493713,
    "r2": 0.9731984734535217
  },
  "performance_change": 0.02605868248210319,
  "threshold": 0.15,
  "retrain_needed": false
}