{
  "timestamp": "2026-05-30T14:43:11.869420",
  "test_metrics": {
    "mse": 0.0032137837260961533,
    "mae": 0.02977011539041996,
    "r2": 0.9992287755012512
  },
  "new_metrics": {
    "mse": 0.002144973026588559,
    "mae": 0.028232265263795853,
    "r2": 0.9994868636131287
  },
  "performance_change": 0.00025828730937814973,
  "threshold": 0.15,
  "retrain_needed": false
}