{
  "timestamp": "2026-05-30T05:18:52.211717",
  "test_metrics": {
    "mse": 0.015917809680104256,
    "mae": 0.08911304920911789,
    "r2": 0.9961740374565125
  },
  "new_metrics": {
    "mse": 0.011505725793540478,
    "mae": 0.08463003486394882,
    "r2": 0.9972474575042725
  },
  "performance_change": 0.0010775426857145627,
  "threshold": 0.15,
  "retrain_needed": false
}