{
  "timestamp": "2026-05-29T21:45:17.620857",
  "test_metrics": {
    "mse": 0.019462278112769127,
    "mae": 0.09277395904064178,
    "r2": 0.9953098893165588
  },
  "new_metrics": {
    "mse": 0.015206864103674889,
    "mae": 0.08744125068187714,
    "r2": 0.9963619709014893
  },
  "performance_change": 0.001057039215849492,
  "threshold": 0.15,
  "retrain_needed": false
}