{
  "timestamp": "2026-05-30T06:14:28.800349",
  "test_metrics": {
    "mse": 0.0024149760138243437,
    "mae": 0.022486010566353798,
    "r2": 0.9994211792945862
  },
  "new_metrics": {
    "mse": 0.0009301264653913677,
    "mae": 0.020243901759386063,
    "r2": 0.9997774958610535
  },
  "performance_change": 0.0003565229293207308,
  "threshold": 0.15,
  "retrain_needed": false
}