{
  "timestamp": "2026-05-29T16:42:10.794796",
  "test_metrics": {
    "mse": 0.028602633625268936,
    "mae": 0.0963146984577179,
    "r2": 0.9930958151817322
  },
  "new_metrics": {
    "mse": 0.007862557657063007,
    "mae": 0.07090697437524796,
    "r2": 0.9981189966201782
  },
  "performance_change": 0.005058103519977903,
  "threshold": 0.15,
  "retrain_needed": false
}