{
  "timestamp": "2026-05-30T05:31:00.131424",
  "test_metrics": {
    "mse": 0.01491187047213316,
    "mae": 0.08343569934368134,
    "r2": 0.9964325428009033
  },
  "new_metrics": {
    "mse": 0.009531641378998756,
    "mae": 0.07840725034475327,
    "r2": 0.9977197051048279
  },
  "performance_change": 0.0012917706403952202,
  "threshold": 0.15,
  "retrain_needed": false
}