{
  "timestamp": "2026-05-29T23:19:00.887376",
  "test_metrics": {
    "mse": 0.0041294582188129425,
    "mae": 0.03478260710835457,
    "r2": 0.9990090131759644
  },
  "new_metrics": {
    "mse": 0.0014841774245724082,
    "mae": 0.030380476266145706,
    "r2": 0.999644935131073
  },
  "performance_change": 0.0006365527705170283,
  "threshold": 0.15,
  "retrain_needed": false
}