{
  "timestamp": "2026-05-30T02:27:03.183182",
  "test_metrics": {
    "mse": 0.008110479451715946,
    "mae": 0.05210130661725998,
    "r2": 0.998049795627594
  },
  "new_metrics": {
    "mse": 0.005538145080208778,
    "mae": 0.04884323105216026,
    "r2": 0.9986751079559326
  },
  "performance_change": 0.0006265341980711633,
  "threshold": 0.15,
  "retrain_needed": false
}