{
  "timestamp": "2026-05-30T17:02:38.716841",
  "test_metrics": {
    "mse": 0.011548822745680809,
    "mae": 0.07526140660047531,
    "r2": 0.9972395300865173
  },
  "new_metrics": {
    "mse": 0.008536409586668015,
    "mae": 0.07190200686454773,
    "r2": 0.9979578256607056
  },
  "performance_change": 0.0007202838962128942,
  "threshold": 0.15,
  "retrain_needed": false
}