{
  "timestamp": "2026-05-30T09:54:22.952572",
  "test_metrics": {
    "mse": 0.0032460337970405817,
    "mae": 0.031278692185878754,
    "r2": 0.999220073223114
  },
  "new_metrics": {
    "mse": 0.0016739806160330772,
    "mae": 0.029044702649116516,
    "r2": 0.9995995163917542
  },
  "performance_change": 0.0003797393375177037,
  "threshold": 0.15,
  "retrain_needed": false
}