{
  "timestamp": "2026-05-30T09:06:17.661175",
  "test_metrics": {
    "mse": 0.0030011183116585016,
    "mae": 0.030397959053516388,
    "r2": 0.9992803931236267
  },
  "new_metrics": {
    "mse": 0.0013246878515928984,
    "mae": 0.02827508933842182,
    "r2": 0.9996830821037292
  },
  "performance_change": 0.0004029789665378935,
  "threshold": 0.15,
  "retrain_needed": false
}