{
  "timestamp": "2026-05-30T17:33:15.974611",
  "test_metrics": {
    "mse": 0.007878034375607967,
    "mae": 0.050441447645425797,
    "r2": 0.9981133341789246
  },
  "new_metrics": {
    "mse": 0.006340899970382452,
    "mae": 0.04823588952422142,
    "r2": 0.9984830617904663
  },
  "performance_change": 0.0003704264825255502,
  "threshold": 0.15,
  "retrain_needed": false
}