{
  "timestamp": "2026-05-30T08:44:26.974939",
  "test_metrics": {
    "mse": 0.0032253314275294542,
    "mae": 0.02733618952333927,
    "r2": 0.9992263913154602
  },
  "new_metrics": {
    "mse": 0.0012707954738289118,
    "mae": 0.024938644841313362,
    "r2": 0.9996959567070007
  },
  "performance_change": 0.0004699289326439372,
  "threshold": 0.15,
  "retrain_needed": false
}