{
  "timestamp": "2026-05-29T20:00:35.015598",
  "test_metrics": {
    "mse": 0.012753250077366829,
    "mae": 0.07183679193258286,
    "r2": 0.996932327747345
  },
  "new_metrics": {
    "mse": 0.006616117432713509,
    "mae": 0.06337489187717438,
    "r2": 0.9984171986579895
  },
  "performance_change": 0.0014894400244796213,
  "threshold": 0.15,
  "retrain_needed": false
}