{
  "timestamp": "2026-05-29T21:19:55.840512",
  "test_metrics": {
    "mse": 0.00952817965298891,
    "mae": 0.05751322582364082,
    "r2": 0.9976968765258789
  },
  "new_metrics": {
    "mse": 0.004582022316753864,
    "mae": 0.050306156277656555,
    "r2": 0.9989038109779358
  },
  "performance_change": 0.0012097205879400973,
  "threshold": 0.15,
  "retrain_needed": false
}