{
  "timestamp": "2026-05-30T10:24:51.296916",
  "test_metrics": {
    "mse": 0.030583934858441353,
    "mae": 0.09726623445749283,
    "r2": 0.9926493167877197
  },
  "new_metrics": {
    "mse": 0.02897516079246998,
    "mae": 0.09549041837453842,
    "r2": 0.9930681586265564
  },
  "performance_change": 0.0004219434111858057,
  "threshold": 0.15,
  "retrain_needed": false
}