{
  "timestamp": "2026-05-29T18:11:41.440348",
  "test_metrics": {
    "mse": 0.013327864930033684,
    "mae": 0.05892018601298332,
    "r2": 0.9967973232269287
  },
  "new_metrics": {
    "mse": 0.0037725763395428658,
    "mae": 0.045264698565006256,
    "r2": 0.999097466468811
  },
  "performance_change": 0.0023075335259088356,
  "threshold": 0.15,
  "retrain_needed": false
}