{
  "timestamp": "2026-05-29T20:18:53.257475",
  "test_metrics": {
    "mse": 0.016246890649199486,
    "mae": 0.0779171735048294,
    "r2": 0.9960798621177673
  },
  "new_metrics": {
    "mse": 0.008435106836259365,
    "mae": 0.06845447421073914,
    "r2": 0.9979820251464844
  },
  "performance_change": 0.0019096491165606425,
  "threshold": 0.15,
  "retrain_needed": false
}