{
  "timestamp": "2026-05-30T04:17:36.113286",
  "test_metrics": {
    "mse": 0.004746765363961458,
    "mae": 0.03900430351495743,
    "r2": 0.9988543391227722
  },
  "new_metrics": {
    "mse": 0.0020992488134652376,
    "mae": 0.03556037321686745,
    "r2": 0.9994977712631226
  },
  "performance_change": 0.0006441701408790252,
  "threshold": 0.15,
  "retrain_needed": false
}