{
  "timestamp": "2026-05-30T02:12:49.697900",
  "test_metrics": {
    "mse": 0.011390064842998981,
    "mae": 0.06789454817771912,
    "r2": 0.997275710105896
  },
  "new_metrics": {
    "mse": 0.00661733141168952,
    "mae": 0.06255624443292618,
    "r2": 0.9984169006347656
  },
  "performance_change": 0.0011443079554684544,
  "threshold": 0.15,
  "retrain_needed": false
}