{
  "timestamp": "2026-05-29T20:58:17.210178",
  "test_metrics": {
    "mse": 0.009524388238787651,
    "mae": 0.06368028372526169,
    "r2": 0.9977015852928162
  },
  "new_metrics": {
    "mse": 0.004954538308084011,
    "mae": 0.056572798639535904,
    "r2": 0.9988147020339966
  },
  "performance_change": 0.0011156810388887278,
  "threshold": 0.15,
  "retrain_needed": false
}