{
  "timestamp": "2026-05-30T16:01:46.247053",
  "test_metrics": {
    "mse": 0.010238735936582088,
    "mae": 0.0624401681125164,
    "r2": 0.997552752494812
  },
  "new_metrics": {
    "mse": 0.008154123090207577,
    "mae": 0.05990036576986313,
    "r2": 0.998049259185791
  },
  "performance_change": 0.0004977247466234485,
  "threshold": 0.15,
  "retrain_needed": false
}