{
  "timestamp": "2026-05-29T18:58:55.560981",
  "test_metrics": {
    "mse": 0.02018466405570507,
    "mae": 0.08823370933532715,
    "r2": 0.9951241612434387
  },
  "new_metrics": {
    "mse": 0.011517002247273922,
    "mae": 0.07632675766944885,
    "r2": 0.9972447156906128
  },
  "performance_change": 0.00213094458939111,
  "threshold": 0.15,
  "retrain_needed": false
}