{
  "timestamp": "2026-05-30T03:28:28.749923",
  "test_metrics": {
    "mse": 0.0046438430435955524,
    "mae": 0.039492759853601456,
    "r2": 0.998887836933136
  },
  "new_metrics": {
    "mse": 0.002488228725269437,
    "mae": 0.0363488644361496,
    "r2": 0.9994047284126282
  },
  "performance_change": 0.0005174669871636323,
  "threshold": 0.15,
  "retrain_needed": false
}