{
  "timestamp": "2026-05-30T05:43:09.571579",
  "test_metrics": {
    "mse": 0.004677451681345701,
    "mae": 0.04094330221414566,
    "r2": 0.9988788962364197
  },
  "new_metrics": {
    "mse": 0.0026469784788787365,
    "mae": 0.037772685289382935,
    "r2": 0.9993667602539062
  },
  "performance_change": 0.0004884115775443334,
  "threshold": 0.15,
  "retrain_needed": false
}