{
  "timestamp": "2026-05-29T20:16:14.634523",
  "test_metrics": {
    "mse": 0.01341360341757536,
    "mae": 0.07128158211708069,
    "r2": 0.9967666864395142
  },
  "new_metrics": {
    "mse": 0.008326862938702106,
    "mae": 0.06423939019441605,
    "r2": 0.9980079531669617
  },
  "performance_change": 0.0012452931506783784,
  "threshold": 0.15,
  "retrain_needed": false
}