{
  "timestamp": "2026-05-30T08:02:32.007122",
  "test_metrics": {
    "mse": 0.00434468686580658,
    "mae": 0.03883649408817291,
    "r2": 0.9989593625068665
  },
  "new_metrics": {
    "mse": 0.002517624758183956,
    "mae": 0.036613766103982925,
    "r2": 0.9993976950645447
  },
  "performance_change": 0.0004387891781485853,
  "threshold": 0.15,
  "retrain_needed": false
}