{
  "timestamp": "2026-05-30T10:42:30.505782",
  "test_metrics": {
    "mse": 0.0038660247810184956,
    "mae": 0.033234864473342896,
    "r2": 0.9990727305412292
  },
  "new_metrics": {
    "mse": 0.002440785989165306,
    "mae": 0.031532563269138336,
    "r2": 0.9994160532951355
  },
  "performance_change": 0.0003436414020831709,
  "threshold": 0.15,
  "retrain_needed": false
}