{
  "timestamp": "2026-05-29T16:34:07.601657",
  "test_metrics": {
    "mse": 0.03420478478074074,
    "mae": 0.10824891924858093,
    "r2": 0.9917253851890564
  },
  "new_metrics": {
    "mse": 0.009462477639317513,
    "mae": 0.07717034965753555,
    "r2": 0.9977362751960754
  },
  "performance_change": 0.006061042801554549,
  "threshold": 0.15,
  "retrain_needed": false
}