{
  "timestamp": "2026-05-29T18:21:06.563387",
  "test_metrics": {
    "mse": 0.01169445738196373,
    "mae": 0.05846594646573067,
    "r2": 0.9971996545791626
  },
  "new_metrics": {
    "mse": 0.0038843615911900997,
    "mae": 0.04654712602496147,
    "r2": 0.9990707039833069
  },
  "performance_change": 0.0018763037026260363,
  "threshold": 0.15,
  "retrain_needed": false
}