{
  "timestamp": "2026-05-30T01:05:06.001806",
  "test_metrics": {
    "mse": 0.0068178181536495686,
    "mae": 0.048412952572107315,
    "r2": 0.9983639121055603
  },
  "new_metrics": {
    "mse": 0.0044446163810789585,
    "mae": 0.044739607721567154,
    "r2": 0.9989367127418518
  },
  "performance_change": 0.0005737393242544807,
  "threshold": 0.15,
  "retrain_needed": false
}