{
  "timestamp": "2026-05-30T00:45:05.147605",
  "test_metrics": {
    "mse": 0.004143520724028349,
    "mae": 0.03873192518949509,
    "r2": 0.999001145362854
  },
  "new_metrics": {
    "mse": 0.002002793364226818,
    "mae": 0.035319067537784576,
    "r2": 0.9995208382606506
  },
  "performance_change": 0.0005202125144790196,
  "threshold": 0.15,
  "retrain_needed": false
}