{
  "timestamp": "2026-05-29T19:01:22.181512",
  "test_metrics": {
    "mse": 0.021516256034374237,
    "mae": 0.09439501911401749,
    "r2": 0.9948133826255798
  },
  "new_metrics": {
    "mse": 0.01207391731441021,
    "mae": 0.08330152183771133,
    "r2": 0.9971114993095398
  },
  "performance_change": 0.00231009827983477,
  "threshold": 0.15,
  "retrain_needed": false
}