{
  "timestamp": "2026-05-30T00:38:38.509319",
  "test_metrics": {
    "mse": 0.005677979439496994,
    "mae": 0.04286488518118858,
    "r2": 0.998643696308136
  },
  "new_metrics": {
    "mse": 0.002727051265537739,
    "mae": 0.03874518722295761,
    "r2": 0.9993475675582886
  },
  "performance_change": 0.0007048272098995008,
  "threshold": 0.15,
  "retrain_needed": false
}