{
  "timestamp": "2026-05-30T03:10:30.183126",
  "test_metrics": {
    "mse": 0.005121851339936256,
    "mae": 0.04286620393395424,
    "r2": 0.9987648725509644
  },
  "new_metrics": {
    "mse": 0.002832273952662945,
    "mae": 0.03945596516132355,
    "r2": 0.9993224143981934
  },
  "performance_change": 0.0005582313340726288,
  "threshold": 0.15,
  "retrain_needed": false
}