{
  "timestamp": "2026-05-30T14:52:56.343730",
  "test_metrics": {
    "mse": 0.0031662043184041977,
    "mae": 0.03139133378863335,
    "r2": 0.9992376565933228
  },
  "new_metrics": {
    "mse": 0.0018158670281991363,
    "mae": 0.029551912099123,
    "r2": 0.999565601348877
  },
  "performance_change": 0.00032819495281258065,
  "threshold": 0.15,
  "retrain_needed": false
}