{
  "timestamp": "2026-05-29T17:54:02.861109",
  "test_metrics": {
    "mse": 0.01953193172812462,
    "mae": 0.07842229306697845,
    "r2": 0.9953153133392334
  },
  "new_metrics": {
    "mse": 0.006840575952082872,
    "mae": 0.06322827935218811,
    "r2": 0.9983634948730469
  },
  "performance_change": 0.003062528520320841,
  "threshold": 0.15,
  "retrain_needed": false
}