{
  "timestamp": "2026-05-29T16:40:12.161410",
  "test_metrics": {
    "mse": 0.030627643689513206,
    "mae": 0.10230011492967606,
    "r2": 0.9926354885101318
  },
  "new_metrics": {
    "mse": 0.008850748650729656,
    "mae": 0.07251254469156265,
    "r2": 0.997882604598999
  },
  "performance_change": 0.005286045229697256,
  "threshold": 0.15,
  "retrain_needed": false
}