{
  "timestamp": "2026-05-29T23:43:26.286448",
  "test_metrics": {
    "mse": 0.006650989409536123,
    "mae": 0.047127172350883484,
    "r2": 0.9984050989151001
  },
  "new_metrics": {
    "mse": 0.004115434363484383,
    "mae": 0.042879655957221985,
    "r2": 0.9990154504776001
  },
  "performance_change": 0.000611326567906382,
  "threshold": 0.15,
  "retrain_needed": false
}