{
  "timestamp": "2026-05-29T18:16:28.524776",
  "test_metrics": {
    "mse": 0.024736475199460983,
    "mae": 0.09915417432785034,
    "r2": 0.9940773844718933
  },
  "new_metrics": {
    "mse": 0.011589676141738892,
    "mae": 0.08391410857439041,
    "r2": 0.9972273707389832
  },
  "performance_change": 0.003168753576225138,
  "threshold": 0.15,
  "retrain_needed": false
}