{
  "timestamp": "2026-05-29T16:02:06.246881",
  "test_metrics": {
    "mse": 0.06409822404384613,
    "mae": 0.15169183909893036,
    "r2": 0.984259843826294
  },
  "new_metrics": {
    "mse": 0.016870833933353424,
    "mae": 0.09791183471679688,
    "r2": 0.9959639310836792
  },
  "performance_change": 0.011891257507657538,
  "threshold": 0.15,
  "retrain_needed": false
}