{
  "timestamp": "2026-05-29T21:54:05.137435",
  "test_metrics": {
    "mse": 0.009709400124847889,
    "mae": 0.07019753754138947,
    "r2": 0.9976635575294495
  },
  "new_metrics": {
    "mse": 0.005963057279586792,
    "mae": 0.06495282799005508,
    "r2": 0.9985734224319458
  },
  "performance_change": 0.0009119957280483106,
  "threshold": 0.15,
  "retrain_needed": false
}