{
  "timestamp": "2026-05-30T09:15:10.251685",
  "test_metrics": {
    "mse": 0.007514097727835178,
    "mae": 0.04889762029051781,
    "r2": 0.9982009530067444
  },
  "new_metrics": {
    "mse": 0.006122084800153971,
    "mae": 0.04693353548645973,
    "r2": 0.9985353946685791
  },
  "performance_change": 0.0003350444224956146,
  "threshold": 0.15,
  "retrain_needed": false
}