{
  "timestamp": "2026-05-29T22:31:14.534359",
  "test_metrics": {
    "mse": 0.01479293406009674,
    "mae": 0.0856420248746872,
    "r2": 0.996440589427948
  },
  "new_metrics": {
    "mse": 0.01049179770052433,
    "mae": 0.07952531427145004,
    "r2": 0.9974899888038635
  },
  "performance_change": 0.0010531479619050673,
  "threshold": 0.15,
  "retrain_needed": false
}