{
  "timestamp": "2026-05-30T08:06:42.195187",
  "test_metrics": {
    "mse": 0.004029533825814724,
    "mae": 0.03302066773176193,
    "r2": 0.9990325570106506
  },
  "new_metrics": {
    "mse": 0.0023581550922244787,
    "mae": 0.030724380165338516,
    "r2": 0.9994358420372009
  },
  "performance_change": 0.0004036755596404388,
  "threshold": 0.15,
  "retrain_needed": false
}