{
  "timestamp": "2026-05-30T04:13:47.822048",
  "test_metrics": {
    "mse": 0.003023329423740506,
    "mae": 0.023664260283112526,
    "r2": 0.9992716908454895
  },
  "new_metrics": {
    "mse": 0.0008389873546548188,
    "mae": 0.020601866766810417,
    "r2": 0.9997993111610413
  },
  "performance_change": 0.0005280048663295317,
  "threshold": 0.15,
  "retrain_needed": false
}