{
  "timestamp": "2026-05-29T18:37:33.349080",
  "test_metrics": {
    "mse": 0.014326398260891438,
    "mae": 0.07287954539060593,
    "r2": 0.9965460896492004
  },
  "new_metrics": {
    "mse": 0.00583010446280241,
    "mae": 0.06064502149820328,
    "r2": 0.9986052513122559
  },
  "performance_change": 0.002066298472738252,
  "threshold": 0.15,
  "retrain_needed": false
}