{
  "timestamp": "2026-05-29T18:28:14.178362",
  "test_metrics": {
    "mse": 0.01559294294565916,
    "mae": 0.06709057092666626,
    "r2": 0.9962396025657654
  },
  "new_metrics": {
    "mse": 0.005000754725188017,
    "mae": 0.05297347530722618,
    "r2": 0.9988036751747131
  },
  "performance_change": 0.002573750935361446,
  "threshold": 0.15,
  "retrain_needed": false
}