{
  "timestamp": "2026-05-29T16:06:04.101318",
  "test_metrics": {
    "mse": 0.06673219054937363,
    "mae": 0.18035385012626648,
    "r2": 0.9836924076080322
  },
  "new_metrics": {
    "mse": 0.027263136580586433,
    "mae": 0.13698290288448334,
    "r2": 0.9934777021408081
  },
  "performance_change": 0.009947514545293698,
  "threshold": 0.15,
  "retrain_needed": false
}