{
  "timestamp": "2026-05-29T22:13:50.170887",
  "test_metrics": {
    "mse": 0.006089399568736553,
    "mae": 0.04455189034342766,
    "r2": 0.9985354542732239
  },
  "new_metrics": {
    "mse": 0.0025536813773214817,
    "mae": 0.03938325121998787,
    "r2": 0.9993890523910522
  },
  "performance_change": 0.0008548500848671956,
  "threshold": 0.15,
  "retrain_needed": false
}