{
  "timestamp": "2026-05-30T01:55:02.450622",
  "test_metrics": {
    "mse": 0.006614319048821926,
    "mae": 0.04738133028149605,
    "r2": 0.9984109401702881
  },
  "new_metrics": {
    "mse": 0.0038744413759559393,
    "mae": 0.04309701919555664,
    "r2": 0.9990730881690979
  },
  "performance_change": 0.0006632018662544694,
  "threshold": 0.15,
  "retrain_needed": false
}