{
  "timestamp": "2026-05-30T06:30:59.942762",
  "test_metrics": {
    "mse": 0.005556818097829819,
    "mae": 0.0441046878695488,
    "r2": 0.9986682534217834
  },
  "new_metrics": {
    "mse": 0.003808460431173444,
    "mae": 0.041607484221458435,
    "r2": 0.9990888833999634
  },
  "performance_change": 0.00042119089771674187,
  "threshold": 0.15,
  "retrain_needed": false
}