{
  "timestamp": "2026-05-30T15:51:14.763938",
  "test_metrics": {
    "mse": 0.0018571726977825165,
    "mae": 0.018500667065382004,
    "r2": 0.9995557069778442
  },
  "new_metrics": {
    "mse": 0.0005603078752756119,
    "mae": 0.016683053225278854,
    "r2": 0.9998659491539001
  },
  "performance_change": 0.0003103800757577836,
  "threshold": 0.15,
  "retrain_needed": false
}