{
  "timestamp": "2026-05-30T15:22:10.228314",
  "test_metrics": {
    "mse": 0.0031496824230998755,
    "mae": 0.02603410743176937,
    "r2": 0.9992430806159973
  },
  "new_metrics": {
    "mse": 0.0017568549374118447,
    "mae": 0.024418044835329056,
    "r2": 0.9995797276496887
  },
  "performance_change": 0.0003369020413770346,
  "threshold": 0.15,
  "retrain_needed": false
}