{
  "timestamp": "2026-05-30T01:35:20.604607",
  "test_metrics": {
    "mse": 0.01890130527317524,
    "mae": 0.09054438769817352,
    "r2": 0.9954653978347778
  },
  "new_metrics": {
    "mse": 0.011500534601509571,
    "mae": 0.08339957892894745,
    "r2": 0.997248649597168
  },
  "performance_change": 0.0017913749350493362,
  "threshold": 0.15,
  "retrain_needed": false
}