{
  "timestamp": "2026-05-29T23:01:03.482180",
  "test_metrics": {
    "mse": 0.009992706589400768,
    "mae": 0.06719989329576492,
    "r2": 0.9975870251655579
  },
  "new_metrics": {
    "mse": 0.00661937240511179,
    "mae": 0.0620836541056633,
    "r2": 0.9984164237976074
  },
  "performance_change": 0.000831404790887206,
  "threshold": 0.15,
  "retrain_needed": false
}