{
  "timestamp": "2026-05-29T23:46:30.081106",
  "test_metrics": {
    "mse": 0.0059675355441868305,
    "mae": 0.04702369496226311,
    "r2": 0.9985692501068115
  },
  "new_metrics": {
    "mse": 0.0028018427547067404,
    "mae": 0.042240776121616364,
    "r2": 0.999329686164856
  },
  "performance_change": 0.0007615256107306467,
  "threshold": 0.15,
  "retrain_needed": false
}