{
  "timestamp": "2026-05-29T19:15:34.177054",
  "test_metrics": {
    "mse": 0.011225085705518723,
    "mae": 0.0468762032687664,
    "r2": 0.9973019361495972
  },
  "new_metrics": {
    "mse": 0.0023049144074320793,
    "mae": 0.03516251593828201,
    "r2": 0.9994485974311829
  },
  "performance_change": 0.0021524687797895643,
  "threshold": 0.15,
  "retrain_needed": false
}