{
  "timestamp": "2026-05-30T01:02:02.924922",
  "test_metrics": {
    "mse": 0.006983885541558266,
    "mae": 0.04953707382082939,
    "r2": 0.9983235597610474
  },
  "new_metrics": {
    "mse": 0.004348296672105789,
    "mae": 0.0456419363617897,
    "r2": 0.9989597201347351
  },
  "performance_change": 0.0006372286494370739,
  "threshold": 0.15,
  "retrain_needed": false
}