{
  "timestamp": "2026-05-29T20:29:07.556266",
  "test_metrics": {
    "mse": 0.012286487966775894,
    "mae": 0.06730734556913376,
    "r2": 0.9970456957817078
  },
  "new_metrics": {
    "mse": 0.007048917934298515,
    "mae": 0.059734687209129333,
    "r2": 0.9983136653900146
  },
  "performance_change": 0.001271726675789685,
  "threshold": 0.15,
  "retrain_needed": false
}