{
  "timestamp": "2026-05-30T10:38:09.055657",
  "test_metrics": {
    "mse": 0.0038906829431653023,
    "mae": 0.03858928754925728,
    "r2": 0.9990666508674622
  },
  "new_metrics": {
    "mse": 0.002320532687008381,
    "mae": 0.03640937805175781,
    "r2": 0.999444842338562
  },
  "performance_change": 0.0003785447855470706,
  "threshold": 0.15,
  "retrain_needed": false
}