{
  "timestamp": "2026-05-30T08:31:59.739147",
  "test_metrics": {
    "mse": 0.012882220558822155,
    "mae": 0.0757928192615509,
    "r2": 0.9969127178192139
  },
  "new_metrics": {
    "mse": 0.008062359876930714,
    "mae": 0.07149999588727951,
    "r2": 0.9980711936950684
  },
  "performance_change": 0.0011620634937717558,
  "threshold": 0.15,
  "retrain_needed": false
}