{
  "timestamp": "2026-05-29T23:25:23.789187",
  "test_metrics": {
    "mse": 0.0066559575498104095,
    "mae": 0.047325845807790756,
    "r2": 0.9983878135681152
  },
  "new_metrics": {
    "mse": 0.0038499098736792803,
    "mae": 0.04262090101838112,
    "r2": 0.9990789890289307
  },
  "performance_change": 0.000692291563881628,
  "threshold": 0.15,
  "retrain_needed": false
}