{
  "timestamp": "2026-05-30T03:03:15.360416",
  "test_metrics": {
    "mse": 0.003738759784027934,
    "mae": 0.03146900609135628,
    "r2": 0.9991025328636169
  },
  "new_metrics": {
    "mse": 0.0013225317234173417,
    "mae": 0.02820746600627899,
    "r2": 0.9996836185455322
  },
  "performance_change": 0.0005816076556725181,
  "threshold": 0.15,
  "retrain_needed": false
}