{
  "timestamp": "2026-05-30T02:23:09.003697",
  "test_metrics": {
    "mse": 0.00729840062558651,
    "mae": 0.05004989355802536,
    "r2": 0.9982421398162842
  },
  "new_metrics": {
    "mse": 0.005260870326310396,
    "mae": 0.04686504974961281,
    "r2": 0.9987414479255676
  },
  "performance_change": 0.0005001873687433588,
  "threshold": 0.15,
  "retrain_needed": false
}