{
  "timestamp": "2026-05-29T18:09:28.523968",
  "test_metrics": {
    "mse": 0.021526016294956207,
    "mae": 0.08159566670656204,
    "r2": 0.9948557019233704
  },
  "new_metrics": {
    "mse": 0.007115714717656374,
    "mae": 0.06540975719690323,
    "r2": 0.9982976913452148
  },
  "performance_change": 0.0034597876005435053,
  "threshold": 0.15,
  "retrain_needed": false
}