{
  "timestamp": "2026-05-30T06:39:01.189080",
  "test_metrics": {
    "mse": 0.0033423269633203745,
    "mae": 0.027697687968611717,
    "r2": 0.9991981387138367
  },
  "new_metrics": {
    "mse": 0.001234597759321332,
    "mae": 0.024564307183027267,
    "r2": 0.9997046589851379
  },
  "performance_change": 0.0005069267562420204,
  "threshold": 0.15,
  "retrain_needed": false
}