{
  "timestamp": "2026-05-30T04:44:55.139582",
  "test_metrics": {
    "mse": 0.005782486405223608,
    "mae": 0.04596490412950516,
    "r2": 0.9986137747764587
  },
  "new_metrics": {
    "mse": 0.0032535751815885305,
    "mae": 0.04262038320302963,
    "r2": 0.9992216229438782
  },
  "performance_change": 0.0006086919515560471,
  "threshold": 0.15,
  "retrain_needed": false
}