{
  "timestamp": "2026-05-29T18:46:52.359283",
  "test_metrics": {
    "mse": 0.01795576512813568,
    "mae": 0.07659637928009033,
    "r2": 0.995661735534668
  },
  "new_metrics": {
    "mse": 0.006044143810868263,
    "mae": 0.06248260661959648,
    "r2": 0.9985540509223938
  },
  "performance_change": 0.0029049176889103445,
  "threshold": 0.15,
  "retrain_needed": false
}