{
  "timestamp": "2026-05-30T17:17:43.313721",
  "test_metrics": {
    "mse": 0.003912391606718302,
    "mae": 0.03090130351483822,
    "r2": 0.9990634918212891
  },
  "new_metrics": {
    "mse": 0.002865610644221306,
    "mae": 0.029472479596734047,
    "r2": 0.9993144273757935
  },
  "performance_change": 0.00025117077799223747,
  "threshold": 0.15,
  "retrain_needed": false
}