{
  "timestamp": "2026-05-29T21:09:00.905873",
  "test_metrics": {
    "mse": 0.013801053166389465,
    "mae": 0.08026036620140076,
    "r2": 0.9966844916343689
  },
  "new_metrics": {
    "mse": 0.008886809460818768,
    "mae": 0.07298992574214935,
    "r2": 0.9978739619255066
  },
  "performance_change": 0.0011934271087003622,
  "threshold": 0.15,
  "retrain_needed": false
}