{
  "timestamp": "2026-05-29T22:02:45.938532",
  "test_metrics": {
    "mse": 0.009427954442799091,
    "mae": 0.0675128772854805,
    "r2": 0.9977300763130188
  },
  "new_metrics": {
    "mse": 0.006164638791233301,
    "mae": 0.0621853731572628,
    "r2": 0.9985252022743225
  },
  "performance_change": 0.0007969349428073724,
  "threshold": 0.15,
  "retrain_needed": false
}