{
  "timestamp": "2026-05-29T17:13:19.923352",
  "test_metrics": {
    "mse": 0.024027502164244652,
    "mae": 0.07435042411088943,
    "r2": 0.9941998720169067
  },
  "new_metrics": {
    "mse": 0.0045969826169312,
    "mae": 0.051272328943014145,
    "r2": 0.9989002346992493
  },
  "performance_change": 0.004727784437154502,
  "threshold": 0.15,
  "retrain_needed": false
}