{
  "timestamp": "2026-05-30T09:02:05.973393",
  "test_metrics": {
    "mse": 0.008520456030964851,
    "mae": 0.05658246576786041,
    "r2": 0.9979517459869385
  },
  "new_metrics": {
    "mse": 0.006849697325378656,
    "mae": 0.05446286126971245,
    "r2": 0.9983612895011902
  },
  "performance_change": 0.00041038408510091353,
  "threshold": 0.15,
  "retrain_needed": false
}