{
  "timestamp": "2026-05-29T20:21:26.364902",
  "test_metrics": {
    "mse": 0.009694736450910568,
    "mae": 0.05872664973139763,
    "r2": 0.9976645112037659
  },
  "new_metrics": {
    "mse": 0.004809209611266851,
    "mae": 0.05178007110953331,
    "r2": 0.9988494515419006
  },
  "performance_change": 0.001187714231415364,
  "threshold": 0.15,
  "retrain_needed": false
}