{
  "timestamp": "2026-05-30T06:06:37.937059",
  "test_metrics": {
    "mse": 0.0037637341301888227,
    "mae": 0.03386451303958893,
    "r2": 0.9990940093994141
  },
  "new_metrics": {
    "mse": 0.0018214681185781956,
    "mae": 0.030923202633857727,
    "r2": 0.9995642304420471
  },
  "performance_change": 0.00047064744479423,
  "threshold": 0.15,
  "retrain_needed": false
}