{
  "timestamp": "2026-05-29T22:10:57.744009",
  "test_metrics": {
    "mse": 0.02774793468415737,
    "mae": 0.12054409831762314,
    "r2": 0.9932919144630432
  },
  "new_metrics": {
    "mse": 0.01983688212931156,
    "mae": 0.11247647553682327,
    "r2": 0.9952543377876282
  },
  "performance_change": 0.0019756763304026427,
  "threshold": 0.15,
  "retrain_needed": false
}