{
  "timestamp": "2026-05-29T17:17:24.004702",
  "test_metrics": {
    "mse": 0.0374009907245636,
    "mae": 0.12659594416618347,
    "r2": 0.991012454032898
  },
  "new_metrics": {
    "mse": 0.019986875355243683,
    "mae": 0.10636209696531296,
    "r2": 0.9952184557914734
  },
  "performance_change": 0.0042441462177990105,
  "threshold": 0.15,
  "retrain_needed": false
}