{
  "timestamp": "2026-05-30T11:46:13.568560",
  "test_metrics": {
    "mse": 0.0033209954854100943,
    "mae": 0.03594466298818588,
    "r2": 0.9992039203643799
  },
  "new_metrics": {
    "mse": 0.0017800558125600219,
    "mae": 0.03376978263258934,
    "r2": 0.9995741248130798
  },
  "performance_change": 0.0003704993957238965,
  "threshold": 0.15,
  "retrain_needed": false
}