{
  "timestamp": "2026-05-30T14:00:01.628380",
  "test_metrics": {
    "mse": 0.0023557310923933983,
    "mae": 0.021034810692071915,
    "r2": 0.9994343519210815
  },
  "new_metrics": {
    "mse": 0.0009651619475334883,
    "mae": 0.01922076754271984,
    "r2": 0.9997690916061401
  },
  "performance_change": 0.0003349291370815577,
  "threshold": 0.15,
  "retrain_needed": false
}