{
  "timestamp": "2026-05-29T15:47:07.204603",
  "test_metrics": {
    "mse": 0.13793562352657318,
    "mae": 0.2610436975955963,
    "r2": 0.9652767181396484
  },
  "new_metrics": {
    "mse": 0.06751445680856705,
    "mae": 0.199452742934227,
    "r2": 0.9838482141494751
  },
  "performance_change": 0.01923955655495245,
  "threshold": 0.15,
  "retrain_needed": false
}