{
  "timestamp": "2026-05-30T06:18:31.678581",
  "test_metrics": {
    "mse": 0.004190383944660425,
    "mae": 0.035102855414152145,
    "r2": 0.9989975690841675
  },
  "new_metrics": {
    "mse": 0.0018388027092441916,
    "mae": 0.031523555517196655,
    "r2": 0.9995601177215576
  },
  "performance_change": 0.0005631131193901243,
  "threshold": 0.15,
  "retrain_needed": false
}