{
  "timestamp": "2026-05-29T19:40:24.848459",
  "test_metrics": {
    "mse": 0.01622476615011692,
    "mae": 0.08700967580080032,
    "r2": 0.9960961937904358
  },
  "new_metrics": {
    "mse": 0.009667410515248775,
    "mae": 0.07850276678800583,
    "r2": 0.9976872205734253
  },
  "performance_change": 0.0015972621850257073,
  "threshold": 0.15,
  "retrain_needed": false
}