{
  "timestamp": "2026-05-30T16:27:04.494362",
  "test_metrics": {
    "mse": 0.011135431937873363,
    "mae": 0.057547248899936676,
    "r2": 0.9973304867744446
  },
  "new_metrics": {
    "mse": 0.010152261704206467,
    "mae": 0.05655552074313164,
    "r2": 0.9975712299346924
  },
  "performance_change": 0.0002413875474983339,
  "threshold": 0.15,
  "retrain_needed": false
}