{
  "timestamp": "2026-05-30T14:28:38.840668",
  "test_metrics": {
    "mse": 0.006459623575210571,
    "mae": 0.0473192073404789,
    "r2": 0.9984527826309204
  },
  "new_metrics": {
    "mse": 0.004908315371721983,
    "mae": 0.04516968876123428,
    "r2": 0.9988257884979248
  },
  "performance_change": 0.00037358388247616986,
  "threshold": 0.15,
  "retrain_needed": false
}