{
  "timestamp": "2026-05-29T19:08:29.385442",
  "test_metrics": {
    "mse": 0.012142408639192581,
    "mae": 0.06523773074150085,
    "r2": 0.997050404548645
  },
  "new_metrics": {
    "mse": 0.004932267125695944,
    "mae": 0.05575383082032204,
    "r2": 0.9988200068473816
  },
  "performance_change": 0.0017748373509137224,
  "threshold": 0.15,
  "retrain_needed": false
}