{
  "timestamp": "2026-05-30T05:07:14.024183",
  "test_metrics": {
    "mse": 0.005092564970254898,
    "mae": 0.04660668969154358,
    "r2": 0.9987777471542358
  },
  "new_metrics": {
    "mse": 0.003011951455846429,
    "mae": 0.043659649789333344,
    "r2": 0.9992794394493103
  },
  "performance_change": 0.0005023062403061221,
  "threshold": 0.15,
  "retrain_needed": false
}