{
  "timestamp": "2026-05-30T17:43:40.070046",
  "test_metrics": {
    "mse": 0.0016173592302948236,
    "mae": 0.013926122337579727,
    "r2": 0.9996113181114197
  },
  "new_metrics": {
    "mse": 0.0003719798114616424,
    "mae": 0.012207533232867718,
    "r2": 0.9999110102653503
  },
  "performance_change": 0.00029980868413622693,
  "threshold": 0.15,
  "retrain_needed": false
}