{
  "timestamp": "2026-05-30T05:03:32.548487",
  "test_metrics": {
    "mse": 0.002895928220823407,
    "mae": 0.023983649909496307,
    "r2": 0.9993035793304443
  },
  "new_metrics": {
    "mse": 0.00077305972808972,
    "mae": 0.020768575370311737,
    "r2": 0.999815046787262
  },
  "performance_change": 0.0005118239015618472,
  "threshold": 0.15,
  "retrain_needed": false
}