{
  "timestamp": "2026-05-30T05:26:57.923569",
  "test_metrics": {
    "mse": 0.012198042124509811,
    "mae": 0.06897332519292831,
    "r2": 0.9970692992210388
  },
  "new_metrics": {
    "mse": 0.006877681240439415,
    "mae": 0.06383254379034042,
    "r2": 0.9983546137809753
  },
  "performance_change": 0.0012890925043431548,
  "threshold": 0.15,
  "retrain_needed": false
}