{
  "timestamp": "2026-05-29T16:04:07.116207",
  "test_metrics": {
    "mse": 0.08303295075893402,
    "mae": 0.2058972269296646,
    "r2": 0.9799193739891052
  },
  "new_metrics": {
    "mse": 0.03735616058111191,
    "mae": 0.1568232774734497,
    "r2": 0.991063117980957
  },
  "performance_change": 0.01137210293790528,
  "threshold": 0.15,
  "retrain_needed": false
}