{
  "timestamp": "2026-05-29T19:35:27.770067",
  "test_metrics": {
    "mse": 0.01484656147658825,
    "mae": 0.07766758650541306,
    "r2": 0.996432900428772
  },
  "new_metrics": {
    "mse": 0.00883884634822607,
    "mae": 0.06842032074928284,
    "r2": 0.9978854656219482
  },
  "performance_change": 0.0014577651867488726,
  "threshold": 0.15,
  "retrain_needed": false
}