{
  "timestamp": "2026-05-29T16:12:09.777838",
  "test_metrics": {
    "mse": 0.05994265154004097,
    "mae": 0.16828417778015137,
    "r2": 0.9852702021598816
  },
  "new_metrics": {
    "mse": 0.02515730820596218,
    "mae": 0.13064883649349213,
    "r2": 0.9939814805984497
  },
  "performance_change": 0.008841512124766887,
  "threshold": 0.15,
  "retrain_needed": false
}