{
  "timestamp": "2026-05-29T19:06:07.295962",
  "test_metrics": {
    "mse": 0.026587769389152527,
    "mae": 0.10834493488073349,
    "r2": 0.9935562014579773
  },
  "new_metrics": {
    "mse": 0.01920665241777897,
    "mae": 0.09897878021001816,
    "r2": 0.9954050779342651
  },
  "performance_change": 0.0018608675317759974,
  "threshold": 0.15,
  "retrain_needed": false
}