{
  "timestamp": "2026-05-29T19:25:28.961888",
  "test_metrics": {
    "mse": 0.017080727964639664,
    "mae": 0.07439832389354706,
    "r2": 0.9958759546279907
  },
  "new_metrics": {
    "mse": 0.006906101014465094,
    "mae": 0.061888620257377625,
    "r2": 0.998347818851471
  },
  "performance_change": 0.002482100518636971,
  "threshold": 0.15,
  "retrain_needed": false
}