{
  "timestamp": "2026-05-29T21:33:59.983850",
  "test_metrics": {
    "mse": 0.024392109364271164,
    "mae": 0.10787510126829147,
    "r2": 0.9941335916519165
  },
  "new_metrics": {
    "mse": 0.020477209240198135,
    "mae": 0.1028822511434555,
    "r2": 0.9951011538505554
  },
  "performance_change": 0.0009732718085012622,
  "threshold": 0.15,
  "retrain_needed": false
}