{
  "timestamp": "2026-05-30T06:59:53.292528",
  "test_metrics": {
    "mse": 0.0185795146971941,
    "mae": 0.0846206545829773,
    "r2": 0.995515763759613
  },
  "new_metrics": {
    "mse": 0.01729349046945572,
    "mae": 0.08315853029489517,
    "r2": 0.9958627820014954
  },
  "performance_change": 0.00034858136306329616,
  "threshold": 0.15,
  "retrain_needed": false
}