{
  "timestamp": "2026-05-29T22:58:04.868659",
  "test_metrics": {
    "mse": 0.004970202222466469,
    "mae": 0.04199036955833435,
    "r2": 0.9988037943840027
  },
  "new_metrics": {
    "mse": 0.002102794824168086,
    "mae": 0.037622857838869095,
    "r2": 0.9994969367980957
  },
  "performance_change": 0.000693972547952226,
  "threshold": 0.15,
  "retrain_needed": false
}