{
  "timestamp": "2026-05-30T03:21:32.291270",
  "test_metrics": {
    "mse": 0.04367071017622948,
    "mae": 0.1715060919523239,
    "r2": 0.9894838929176331
  },
  "new_metrics": {
    "mse": 0.037343915551900864,
    "mae": 0.1668330729007721,
    "r2": 0.991066038608551
  },
  "performance_change": 0.0015989605310833192,
  "threshold": 0.15,
  "retrain_needed": false
}