{
  "timestamp": "2026-05-29T21:25:42.085704",
  "test_metrics": {
    "mse": 0.008076529949903488,
    "mae": 0.05307075381278992,
    "r2": 0.9980543255805969
  },
  "new_metrics": {
    "mse": 0.0034578556660562754,
    "mae": 0.046456385403871536,
    "r2": 0.9991727471351624
  },
  "performance_change": 0.0011206018809795867,
  "threshold": 0.15,
  "retrain_needed": false
}