{
  "timestamp": "2026-05-30T07:49:21.239980",
  "test_metrics": {
    "mse": 0.0043152933940291405,
    "mae": 0.03487493470311165,
    "r2": 0.9989657402038574
  },
  "new_metrics": {
    "mse": 0.002691084984689951,
    "mae": 0.03255992382764816,
    "r2": 0.999356210231781
  },
  "performance_change": 0.00039087429349068703,
  "threshold": 0.15,
  "retrain_needed": false
}