{
  "timestamp": "2026-05-30T02:37:38.470062",
  "test_metrics": {
    "mse": 0.005716501735150814,
    "mae": 0.043671347200870514,
    "r2": 0.998623788356781
  },
  "new_metrics": {
    "mse": 0.0036780759692192078,
    "mae": 0.04069188982248306,
    "r2": 0.9991200566291809
  },
  "performance_change": 0.0004969521837813453,
  "threshold": 0.15,
  "retrain_needed": false
}