{
  "timestamp": "2026-05-29T19:37:59.729379",
  "test_metrics": {
    "mse": 0.010888145305216312,
    "mae": 0.06739512830972672,
    "r2": 0.9973939657211304
  },
  "new_metrics": {
    "mse": 0.005611190106719732,
    "mae": 0.05958891287446022,
    "r2": 0.9986575841903687
  },
  "performance_change": 0.0012669201064643165,
  "threshold": 0.15,
  "retrain_needed": false
}