{
  "timestamp": "2026-05-30T15:32:05.534109",
  "test_metrics": {
    "mse": 0.01788933388888836,
    "mae": 0.09379759430885315,
    "r2": 0.9957132935523987
  },
  "new_metrics": {
    "mse": 0.014534714631736279,
    "mae": 0.09058326482772827,
    "r2": 0.9965227842330933
  },
  "performance_change": 0.0008129756687354915,
  "threshold": 0.15,
  "retrain_needed": false
}