{
  "timestamp": "2026-05-30T13:45:33.957205",
  "test_metrics": {
    "mse": 0.007685122080147266,
    "mae": 0.04548508673906326,
    "r2": 0.9981614351272583
  },
  "new_metrics": {
    "mse": 0.005837604869157076,
    "mae": 0.04319275915622711,
    "r2": 0.9986034631729126
  },
  "performance_change": 0.0004428422398406341,
  "threshold": 0.15,
  "retrain_needed": false
}