{
  "timestamp": "2026-05-30T00:08:46.069076",
  "test_metrics": {
    "mse": 0.005369741003960371,
    "mae": 0.04177594929933548,
    "r2": 0.9987040162086487
  },
  "new_metrics": {
    "mse": 0.0028855716809630394,
    "mae": 0.037671614438295364,
    "r2": 0.9993096590042114
  },
  "performance_change": 0.0006064287173510411,
  "threshold": 0.15,
  "retrain_needed": false
}