{
  "timestamp": "2026-05-30T02:48:48.406127",
  "test_metrics": {
    "mse": 0.01081564836204052,
    "mae": 0.06483447551727295,
    "r2": 0.9973931312561035
  },
  "new_metrics": {
    "mse": 0.007006451953202486,
    "mae": 0.06011487916111946,
    "r2": 0.9983237981796265
  },
  "performance_change": 0.0009330993911607149,
  "threshold": 0.15,
  "retrain_needed": false
}