{
  "timestamp": "2026-05-29T18:54:11.158415",
  "test_metrics": {
    "mse": 0.01697814278304577,
    "mae": 0.07575184106826782,
    "r2": 0.995897650718689
  },
  "new_metrics": {
    "mse": 0.006887956988066435,
    "mae": 0.06281250715255737,
    "r2": 0.9983521699905396
  },
  "performance_change": 0.002464630045144984,
  "threshold": 0.15,
  "retrain_needed": false
}