{
  "timestamp": "2026-05-29T19:55:49.935198",
  "test_metrics": {
    "mse": 0.0169819425791502,
    "mae": 0.08110840618610382,
    "r2": 0.9958816170692444
  },
  "new_metrics": {
    "mse": 0.008554330095648766,
    "mae": 0.07115283608436584,
    "r2": 0.9979535341262817
  },
  "performance_change": 0.0020804852921522416,
  "threshold": 0.15,
  "retrain_needed": false
}