{
  "timestamp": "2026-05-29T16:46:11.151034",
  "test_metrics": {
    "mse": 0.03430907428264618,
    "mae": 0.10779731720685959,
    "r2": 0.9916238188743591
  },
  "new_metrics": {
    "mse": 0.00980860274285078,
    "mae": 0.07845162600278854,
    "r2": 0.9976534247398376
  },
  "performance_change": 0.006080537549332989,
  "threshold": 0.15,
  "retrain_needed": false
}