{
  "timestamp": "2026-05-29T22:28:18.444507",
  "test_metrics": {
    "mse": 0.01408073864877224,
    "mae": 0.08404331654310226,
    "r2": 0.9966046810150146
  },
  "new_metrics": {
    "mse": 0.009659462608397007,
    "mae": 0.0779908150434494,
    "r2": 0.9976891279220581
  },
  "performance_change": 0.001088141494518145,
  "threshold": 0.15,
  "retrain_needed": false
}