{
  "timestamp": "2026-05-29T20:23:59.107904",
  "test_metrics": {
    "mse": 0.008926006965339184,
    "mae": 0.051832716912031174,
    "r2": 0.9978543519973755
  },
  "new_metrics": {
    "mse": 0.0036997615825384855,
    "mae": 0.044164542108774185,
    "r2": 0.9991148710250854
  },
  "performance_change": 0.001263229473506647,
  "threshold": 0.15,
  "retrain_needed": false
}