{
  "timestamp": "2026-05-30T08:35:53.406567",
  "test_metrics": {
    "mse": 0.0025372691452503204,
    "mae": 0.019815564155578613,
    "r2": 0.9993895888328552
  },
  "new_metrics": {
    "mse": 0.0007028653635643423,
    "mae": 0.017594339326024055,
    "r2": 0.9998318552970886
  },
  "performance_change": 0.00044253659351194835,
  "threshold": 0.15,
  "retrain_needed": false
}