{
  "timestamp": "2026-05-30T09:32:26.875118",
  "test_metrics": {
    "mse": 0.014112875796854496,
    "mae": 0.0662837103009224,
    "r2": 0.9966152310371399
  },
  "new_metrics": {
    "mse": 0.012975458055734634,
    "mae": 0.06477882713079453,
    "r2": 0.9968958497047424
  },
  "performance_change": 0.0002815717228307958,
  "threshold": 0.15,
  "retrain_needed": false
}