{
  "timestamp": "2026-05-29T20:47:20.878332",
  "test_metrics": {
    "mse": 0.008262253366410732,
    "mae": 0.05046932026743889,
    "r2": 0.9980105757713318
  },
  "new_metrics": {
    "mse": 0.0030610752291977406,
    "mae": 0.04338909313082695,
    "r2": 0.9992676973342896
  },
  "performance_change": 0.0012596274964182348,
  "threshold": 0.15,
  "retrain_needed": false
}