{
  "timestamp": "2026-05-30T04:48:44.508938",
  "test_metrics": {
    "mse": 0.005411232355982065,
    "mae": 0.03992551192641258,
    "r2": 0.9987028241157532
  },
  "new_metrics": {
    "mse": 0.00333893159404397,
    "mae": 0.03690890595316887,
    "r2": 0.999201238155365
  },
  "performance_change": 0.0004990614100376754,
  "threshold": 0.15,
  "retrain_needed": false
}