{
  "timestamp": "2026-05-30T00:15:16.523165",
  "test_metrics": {
    "mse": 0.017132917419075966,
    "mae": 0.09150300920009613,
    "r2": 0.9958683252334595
  },
  "new_metrics": {
    "mse": 0.011571123264729977,
    "mae": 0.08524037152528763,
    "r2": 0.9972317814826965
  },
  "performance_change": 0.0013691129787840458,
  "threshold": 0.15,
  "retrain_needed": false
}