{
  "timestamp": "2026-05-29T23:10:06.985701",
  "test_metrics": {
    "mse": 0.009309431537985802,
    "mae": 0.056287772953510284,
    "r2": 0.9977596402168274
  },
  "new_metrics": {
    "mse": 0.004297022707760334,
    "mae": 0.049918852746486664,
    "r2": 0.9989719986915588
  },
  "performance_change": 0.0012150806926485647,
  "threshold": 0.15,
  "retrain_needed": false
}