{
  "timestamp": "2026-05-30T05:22:59.156213",
  "test_metrics": {
    "mse": 0.0027968604117631912,
    "mae": 0.02596588432788849,
    "r2": 0.9993311166763306
  },
  "new_metrics": {
    "mse": 0.0008715979056432843,
    "mae": 0.023300133645534515,
    "r2": 0.9997915029525757
  },
  "performance_change": 0.0004606944270646882,
  "threshold": 0.15,
  "retrain_needed": false
}