{
  "timestamp": "2026-05-30T14:09:39.084490",
  "test_metrics": {
    "mse": 0.011456486769020557,
    "mae": 0.059440385550260544,
    "r2": 0.9972559213638306
  },
  "new_metrics": {
    "mse": 0.010201310738921165,
    "mae": 0.05810164287686348,
    "r2": 0.9975594878196716
  },
  "performance_change": 0.0003044017582025605,
  "threshold": 0.15,
  "retrain_needed": false
}