{
  "timestamp": "2026-05-30T16:32:03.893819",
  "test_metrics": {
    "mse": 0.0016839145682752132,
    "mae": 0.01952962391078472,
    "r2": 0.9995965361595154
  },
  "new_metrics": {
    "mse": 0.0005826075212098658,
    "mae": 0.01803451031446457,
    "r2": 0.9998606443405151
  },
  "performance_change": 0.00026421478211045894,
  "threshold": 0.15,
  "retrain_needed": false
}