{
  "timestamp": "2026-05-30T05:47:04.921458",
  "test_metrics": {
    "mse": 0.004178960807621479,
    "mae": 0.034315649420022964,
    "r2": 0.9989960193634033
  },
  "new_metrics": {
    "mse": 0.0023241578601300716,
    "mae": 0.031673673540353775,
    "r2": 0.9994440078735352
  },
  "performance_change": 0.000448438733937409,
  "threshold": 0.15,
  "retrain_needed": false
}