{
  "timestamp": "2026-05-29T16:26:00.355784",
  "test_metrics": {
    "mse": 0.03723706305027008,
    "mae": 0.11525231599807739,
    "r2": 0.9909681081771851
  },
  "new_metrics": {
    "mse": 0.011702962219715118,
    "mae": 0.08262436091899872,
    "r2": 0.9972002506256104
  },
  "performance_change": 0.006288943505849924,
  "threshold": 0.15,
  "retrain_needed": false
}