{
  "timestamp": "2026-05-30T03:17:57.558142",
  "test_metrics": {
    "mse": 0.005027620121836662,
    "mae": 0.037553638219833374,
    "r2": 0.9987921118736267
  },
  "new_metrics": {
    "mse": 0.0027402008417993784,
    "mae": 0.03423396125435829,
    "r2": 0.9993444681167603
  },
  "performance_change": 0.0005530242345400425,
  "threshold": 0.15,
  "retrain_needed": false
}