{
  "timestamp": "2026-05-30T03:54:10.272195",
  "test_metrics": {
    "mse": 0.02150816284120083,
    "mae": 0.1046917662024498,
    "r2": 0.9948502779006958
  },
  "new_metrics": {
    "mse": 0.016804851591587067,
    "mae": 0.09944606572389603,
    "r2": 0.9959797263145447
  },
  "performance_change": 0.001135294866914252,
  "threshold": 0.15,
  "retrain_needed": false
}