{
  "timestamp": "2026-05-29T17:09:14.124023",
  "test_metrics": {
    "mse": 0.02469956874847412,
    "mae": 0.09578792005777359,
    "r2": 0.9940298199653625
  },
  "new_metrics": {
    "mse": 0.009794759564101696,
    "mae": 0.07732594758272171,
    "r2": 0.9976567625999451
  },
  "performance_change": 0.0036487261868149005,
  "threshold": 0.15,
  "retrain_needed": false
}