{
  "timestamp": "2026-05-29T20:11:02.328871",
  "test_metrics": {
    "mse": 0.022912973538041115,
    "mae": 0.09658481180667877,
    "r2": 0.9945226311683655
  },
  "new_metrics": {
    "mse": 0.01508256047964096,
    "mae": 0.08692119270563126,
    "r2": 0.9963917136192322
  },
  "performance_change": 0.0018793764890708425,
  "threshold": 0.15,
  "retrain_needed": false
}