{
  "timestamp": "2026-05-30T01:08:21.644132",
  "test_metrics": {
    "mse": 0.005709384568035603,
    "mae": 0.04184814170002937,
    "r2": 0.9986234903335571
  },
  "new_metrics": {
    "mse": 0.0033524823375046253,
    "mae": 0.03829765319824219,
    "r2": 0.9991979598999023
  },
  "performance_change": 0.0005752614192495435,
  "threshold": 0.15,
  "retrain_needed": false
}