{
  "timestamp": "2026-05-30T00:58:39.825075",
  "test_metrics": {
    "mse": 0.007497401442378759,
    "mae": 0.0544215552508831,
    "r2": 0.9981942176818848
  },
  "new_metrics": {
    "mse": 0.005142248701304197,
    "mae": 0.05119708180427551,
    "r2": 0.9987698197364807
  },
  "performance_change": 0.0005766433469557387,
  "threshold": 0.15,
  "retrain_needed": false
}