{
  "timestamp": "2026-05-30T07:54:03.501258",
  "test_metrics": {
    "mse": 0.0026935171335935593,
    "mae": 0.028976356610655785,
    "r2": 0.9993516802787781
  },
  "new_metrics": {
    "mse": 0.0011269159149378538,
    "mae": 0.02677089534699917,
    "r2": 0.9997304081916809
  },
  "performance_change": 0.00037897360896734823,
  "threshold": 0.15,
  "retrain_needed": false
}