{
  "timestamp": "2026-05-30T11:14:11.386502",
  "test_metrics": {
    "mse": 0.008517656475305557,
    "mae": 0.058540284633636475,
    "r2": 0.997951090335846
  },
  "new_metrics": {
    "mse": 0.004821314010769129,
    "mae": 0.05491173639893532,
    "r2": 0.9988465905189514
  },
  "performance_change": 0.0008973387491406029,
  "threshold": 0.15,
  "retrain_needed": false
}