{
  "timestamp": "2026-05-30T04:33:03.868364",
  "test_metrics": {
    "mse": 0.004167042672634125,
    "mae": 0.035813748836517334,
    "r2": 0.9989985823631287
  },
  "new_metrics": {
    "mse": 0.0018845367012545466,
    "mae": 0.03241710364818573,
    "r2": 0.999549150466919
  },
  "performance_change": 0.0005511200050834063,
  "threshold": 0.15,
  "retrain_needed": false
}