{
  "timestamp": "2026-05-30T05:34:53.878107",
  "test_metrics": {
    "mse": 0.0038167962338775396,
    "mae": 0.034487273544073105,
    "r2": 0.999082624912262
  },
  "new_metrics": {
    "mse": 0.0019344593165442348,
    "mae": 0.03193947672843933,
    "r2": 0.9995372295379639
  },
  "performance_change": 0.00045502205159641027,
  "threshold": 0.15,
  "retrain_needed": false
}