{
  "timestamp": "2026-05-30T00:02:26.064140",
  "test_metrics": {
    "mse": 0.014206619933247566,
    "mae": 0.08252526819705963,
    "r2": 0.9965899586677551
  },
  "new_metrics": {
    "mse": 0.00935052614659071,
    "mae": 0.07662808150053024,
    "r2": 0.9977630376815796
  },
  "performance_change": 0.0011770929494339267,
  "threshold": 0.15,
  "retrain_needed": false
}