{
  "timestamp": "2026-05-30T12:28:19.441937",
  "test_metrics": {
    "mse": 0.0032626872416585684,
    "mae": 0.03426976129412651,
    "r2": 0.9992179274559021
  },
  "new_metrics": {
    "mse": 0.002013563644140959,
    "mae": 0.032561928033828735,
    "r2": 0.9995182752609253
  },
  "performance_change": 0.0003005828826429342,
  "threshold": 0.15,
  "retrain_needed": false
}