{
  "timestamp": "2026-05-29T17:04:59.542884",
  "test_metrics": {
    "mse": 0.02523249201476574,
    "mae": 0.09999572485685349,
    "r2": 0.9938643574714661
  },
  "new_metrics": {
    "mse": 0.009598533622920513,
    "mae": 0.07911718636751175,
    "r2": 0.9977036714553833
  },
  "performance_change": 0.0038630160696022982,
  "threshold": 0.15,
  "retrain_needed": false
}