{
  "timestamp": "2026-05-29T16:19:54.748231",
  "test_metrics": {
    "mse": 0.03551772981882095,
    "mae": 0.10969321429729462,
    "r2": 0.9914715886116028
  },
  "new_metrics": {
    "mse": 0.007643372286111116,
    "mae": 0.07057718932628632,
    "r2": 0.9981714487075806
  },
  "performance_change": 0.00675749075710769,
  "threshold": 0.15,
  "retrain_needed": false
}