{
  "timestamp": "2026-05-29T22:19:31.515725",
  "test_metrics": {
    "mse": 0.00472512561827898,
    "mae": 0.03713497892022133,
    "r2": 0.9988616704940796
  },
  "new_metrics": {
    "mse": 0.001684770337305963,
    "mae": 0.032219480723142624,
    "r2": 0.9995969533920288
  },
  "performance_change": 0.0007361208460281757,
  "threshold": 0.15,
  "retrain_needed": false
}