{
  "timestamp": "2026-05-30T02:30:34.768718",
  "test_metrics": {
    "mse": 0.006872191559523344,
    "mae": 0.050105076283216476,
    "r2": 0.9983513951301575
  },
  "new_metrics": {
    "mse": 0.004384184256196022,
    "mae": 0.04676142334938049,
    "r2": 0.9989511370658875
  },
  "performance_change": 0.0006007323059350167,
  "threshold": 0.15,
  "retrain_needed": false
}