{
  "timestamp": "2026-05-29T18:04:58.056198",
  "test_metrics": {
    "mse": 0.017274286597967148,
    "mae": 0.07894691824913025,
    "r2": 0.9958579540252686
  },
  "new_metrics": {
    "mse": 0.007900770753622055,
    "mae": 0.06556806713342667,
    "r2": 0.9981098771095276
  },
  "performance_change": 0.0022612894491194613,
  "threshold": 0.15,
  "retrain_needed": false
}