{
  "timestamp": "2026-05-29T17:25:34.779255",
  "test_metrics": {
    "mse": 0.019527055323123932,
    "mae": 0.07484404742717743,
    "r2": 0.9953458309173584
  },
  "new_metrics": {
    "mse": 0.005466880742460489,
    "mae": 0.05742518603801727,
    "r2": 0.9986921548843384
  },
  "performance_change": 0.00336197114915913,
  "threshold": 0.15,
  "retrain_needed": false
}