{
  "timestamp": "2026-05-29T17:38:37.257974",
  "test_metrics": {
    "mse": 0.02268734946846962,
    "mae": 0.09496250003576279,
    "r2": 0.9945977926254272
  },
  "new_metrics": {
    "mse": 0.009099680930376053,
    "mae": 0.07878506928682327,
    "r2": 0.9978230595588684
  },
  "performance_change": 0.0032427851311910374,
  "threshold": 0.15,
  "retrain_needed": false
}