{
  "timestamp": "2026-05-29T16:56:15.928777",
  "test_metrics": {
    "mse": 0.024526750668883324,
    "mae": 0.08880570530891418,
    "r2": 0.9940767884254456
  },
  "new_metrics": {
    "mse": 0.00769503228366375,
    "mae": 0.06622198969125748,
    "r2": 0.9981591105461121
  },
  "performance_change": 0.004106646657681891,
  "threshold": 0.15,
  "retrain_needed": false
}