{
  "timestamp": "2026-05-29T16:16:08.821334",
  "test_metrics": {
    "mse": 0.050385043025016785,
    "mae": 0.1428503692150116,
    "r2": 0.9876353740692139
  },
  "new_metrics": {
    "mse": 0.018344033509492874,
    "mae": 0.10212844610214233,
    "r2": 0.9956114888191223
  },
  "performance_change": 0.008075971111732859,
  "threshold": 0.15,
  "retrain_needed": false
}