{
  "timestamp": "2026-05-29T16:28:01.041238",
  "test_metrics": {
    "mse": 0.03536185622215271,
    "mae": 0.10243263095617294,
    "r2": 0.9914267063140869
  },
  "new_metrics": {
    "mse": 0.006999447476118803,
    "mae": 0.06658812612295151,
    "r2": 0.9983254671096802
  },
  "performance_change": 0.006958417351133684,
  "threshold": 0.15,
  "retrain_needed": false
}