{
  "timestamp": "2026-05-29T21:48:08.998762",
  "test_metrics": {
    "mse": 0.0199512280523777,
    "mae": 0.09112843871116638,
    "r2": 0.9951527118682861
  },
  "new_metrics": {
    "mse": 0.016190554946660995,
    "mae": 0.0864829272031784,
    "r2": 0.996126651763916
  },
  "performance_change": 0.0009786838582808274,
  "threshold": 0.15,
  "retrain_needed": false
}