{
  "timestamp": "2026-05-29T18:30:33.776836",
  "test_metrics": {
    "mse": 0.013598130084574223,
    "mae": 0.06160218268632889,
    "r2": 0.9967271089553833
  },
  "new_metrics": {
    "mse": 0.004327021073549986,
    "mae": 0.04900660365819931,
    "r2": 0.9989648461341858
  },
  "performance_change": 0.002245085097713198,
  "threshold": 0.15,
  "retrain_needed": false
}