{
  "timestamp": "2026-05-30T15:27:05.698391",
  "test_metrics": {
    "mse": 0.0028761436697095633,
    "mae": 0.02473122999072075,
    "r2": 0.9993102550506592
  },
  "new_metrics": {
    "mse": 0.0015411553904414177,
    "mae": 0.023046381771564484,
    "r2": 0.9996312856674194
  },
  "performance_change": 0.00032125219884186973,
  "threshold": 0.15,
  "retrain_needed": false
}