{
  "timestamp": "2026-05-29T18:42:17.707090",
  "test_metrics": {
    "mse": 0.019679581746459007,
    "mae": 0.08644868433475494,
    "r2": 0.995305061340332
  },
  "new_metrics": {
    "mse": 0.010607208125293255,
    "mae": 0.07400161027908325,
    "r2": 0.9974623918533325
  },
  "performance_change": 0.002167506824586333,
  "threshold": 0.15,
  "retrain_needed": false
}