{
  "timestamp": "2026-05-29T15:54:27.408369",
  "test_metrics": {
    "mse": 0.13132505118846893,
    "mae": 0.2642679214477539,
    "r2": 0.9678707718849182
  },
  "new_metrics": {
    "mse": 0.05841115117073059,
    "mae": 0.19983108341693878,
    "r2": 0.9860260486602783
  },
  "performance_change": 0.018757955403491414,
  "threshold": 0.15,
  "retrain_needed": false
}