{
  "timestamp": "2026-05-29T22:51:48.701585",
  "test_metrics": {
    "mse": 0.011192554607987404,
    "mae": 0.0685829222202301,
    "r2": 0.997300922870636
  },
  "new_metrics": {
    "mse": 0.007766739930957556,
    "mae": 0.0636206567287445,
    "r2": 0.9981419444084167
  },
  "performance_change": 0.0008432976632167963,
  "threshold": 0.15,
  "retrain_needed": false
}