{
  "timestamp": "2026-05-30T08:40:05.123200",
  "test_metrics": {
    "mse": 0.003704498754814267,
    "mae": 0.031527288258075714,
    "r2": 0.9991124272346497
  },
  "new_metrics": {
    "mse": 0.002340441569685936,
    "mae": 0.029474077746272087,
    "r2": 0.99944007396698
  },
  "performance_change": 0.00032793780099121095,
  "threshold": 0.15,
  "retrain_needed": false
}