{
  "timestamp": "2026-05-30T15:36:59.823393",
  "test_metrics": {
    "mse": 0.0020544962026178837,
    "mae": 0.019807500764727592,
    "r2": 0.999506413936615
  },
  "new_metrics": {
    "mse": 0.0007661740528419614,
    "mae": 0.018083572387695312,
    "r2": 0.9998167157173157
  },
  "performance_change": 0.0003104550169703681,
  "threshold": 0.15,
  "retrain_needed": false
}