{
  "timestamp": "2026-05-30T05:11:10.796633",
  "test_metrics": {
    "mse": 0.004207849036902189,
    "mae": 0.03407199680805206,
    "r2": 0.9989838004112244
  },
  "new_metrics": {
    "mse": 0.001930422498844564,
    "mae": 0.03086797147989273,
    "r2": 0.9995381832122803
  },
  "performance_change": 0.000554946737702554,
  "threshold": 0.15,
  "retrain_needed": false
}