{
  "timestamp": "2026-05-30T10:29:14.648585",
  "test_metrics": {
    "mse": 0.0034153631422668695,
    "mae": 0.03192990645766258,
    "r2": 0.999180257320404
  },
  "new_metrics": {
    "mse": 0.001777769299224019,
    "mae": 0.02987971156835556,
    "r2": 0.9995747208595276
  },
  "performance_change": 0.0003947871630104114,
  "threshold": 0.15,
  "retrain_needed": false
}