{
  "timestamp": "2026-05-30T16:42:09.196791",
  "test_metrics": {
    "mse": 0.0027844354044646025,
    "mae": 0.02805238589644432,
    "r2": 0.9993306994438171
  },
  "new_metrics": {
    "mse": 0.0014879696536809206,
    "mae": 0.026514660567045212,
    "r2": 0.9996440410614014
  },
  "performance_change": 0.000313551477762687,
  "threshold": 0.15,
  "retrain_needed": false
}