{
  "timestamp": "2026-05-30T05:54:56.999002",
  "test_metrics": {
    "mse": 0.010981853120028973,
    "mae": 0.05919666960835457,
    "r2": 0.9973794221878052
  },
  "new_metrics": {
    "mse": 0.008874894119799137,
    "mae": 0.05617193132638931,
    "r2": 0.9978768229484558
  },
  "performance_change": 0.0004987076628867673,
  "threshold": 0.15,
  "retrain_needed": false
}