{
  "timestamp": "2026-05-30T15:11:58.974849",
  "test_metrics": {
    "mse": 0.005322358570992947,
    "mae": 0.04014778137207031,
    "r2": 0.9987233281135559
  },
  "new_metrics": {
    "mse": 0.004233093466609716,
    "mae": 0.038613755255937576,
    "r2": 0.9989873170852661
  },
  "performance_change": 0.00026432642983201574,
  "threshold": 0.15,
  "retrain_needed": false
}