{
  "timestamp": "2026-05-30T03:50:34.263538",
  "test_metrics": {
    "mse": 0.004020764958113432,
    "mae": 0.033371638506650925,
    "r2": 0.9990353584289551
  },
  "new_metrics": {
    "mse": 0.0018313908949494362,
    "mae": 0.030207591131329536,
    "r2": 0.9995618462562561
  },
  "performance_change": 0.0005269961897334246,
  "threshold": 0.15,
  "retrain_needed": false
}