{
  "timestamp": "2026-05-30T03:42:39.621109",
  "test_metrics": {
    "mse": 0.00352273671887815,
    "mae": 0.029882904142141342,
    "r2": 0.9991551637649536
  },
  "new_metrics": {
    "mse": 0.0014541539130732417,
    "mae": 0.02682587318122387,
    "r2": 0.999652087688446
  },
  "performance_change": 0.000497344097807546,
  "threshold": 0.15,
  "retrain_needed": false
}