{
  "timestamp": "2026-05-29T19:13:05.250056",
  "test_metrics": {
    "mse": 0.01171768270432949,
    "mae": 0.06413096189498901,
    "r2": 0.9971847534179688
  },
  "new_metrics": {
    "mse": 0.0047693694941699505,
    "mae": 0.053843069821596146,
    "r2": 0.9988589882850647
  },
  "performance_change": 0.0016789615578831397,
  "threshold": 0.15,
  "retrain_needed": false
}