{
  "timestamp": "2026-05-29T20:49:59.824407",
  "test_metrics": {
    "mse": 0.008017742075026035,
    "mae": 0.051915254443883896,
    "r2": 0.9980639815330505
  },
  "new_metrics": {
    "mse": 0.003288221312686801,
    "mae": 0.04503791779279709,
    "r2": 0.9992133378982544
  },
  "performance_change": 0.0011515858566886845,
  "threshold": 0.15,
  "retrain_needed": false
}