{
  "timestamp": "2026-05-30T11:37:01.681001",
  "test_metrics": {
    "mse": 0.012771395966410637,
    "mae": 0.07588079571723938,
    "r2": 0.9969321489334106
  },
  "new_metrics": {
    "mse": 0.008440801873803139,
    "mae": 0.0715736448764801,
    "r2": 0.9979806542396545
  },
  "performance_change": 0.0010517318629614488,
  "threshold": 0.15,
  "retrain_needed": false
}