{
  "timestamp": "2026-05-30T07:20:39.183511",
  "test_metrics": {
    "mse": 0.007524106185883284,
    "mae": 0.04946138337254524,
    "r2": 0.9981992244720459
  },
  "new_metrics": {
    "mse": 0.005209258757531643,
    "mae": 0.04641963168978691,
    "r2": 0.9987537860870361
  },
  "performance_change": 0.0005555620575477261,
  "threshold": 0.15,
  "retrain_needed": false
}