{
  "timestamp": "2026-05-30T12:38:06.087383",
  "test_metrics": {
    "mse": 0.00753807881847024,
    "mae": 0.04626361280679703,
    "r2": 0.9981840252876282
  },
  "new_metrics": {
    "mse": 0.005759088322520256,
    "mae": 0.04427714645862579,
    "r2": 0.9986222386360168
  },
  "performance_change": 0.000439010580501326,
  "threshold": 0.15,
  "retrain_needed": false
}