{
  "timestamp": "2026-05-29T20:13:33.274568",
  "test_metrics": {
    "mse": 0.01853310875594616,
    "mae": 0.09074908494949341,
    "r2": 0.9955523610115051
  },
  "new_metrics": {
    "mse": 0.010419636033475399,
    "mae": 0.08166353404521942,
    "r2": 0.9975072741508484
  },
  "performance_change": 0.001963646731104151,
  "threshold": 0.15,
  "retrain_needed": false
}