{
  "timestamp": "2026-05-30T08:19:12.021462",
  "test_metrics": {
    "mse": 0.028939593583345413,
    "mae": 0.12283233553171158,
    "r2": 0.9930870532989502
  },
  "new_metrics": {
    "mse": 0.02416444569826126,
    "mae": 0.11852662265300751,
    "r2": 0.9942190051078796
  },
  "performance_change": 0.0011398314026642442,
  "threshold": 0.15,
  "retrain_needed": false
}