{
  "timestamp": "2026-05-30T08:53:25.024178",
  "test_metrics": {
    "mse": 0.007183130364865065,
    "mae": 0.04844071343541145,
    "r2": 0.9982802867889404
  },
  "new_metrics": {
    "mse": 0.005339180119335651,
    "mae": 0.04596549645066261,
    "r2": 0.9987226724624634
  },
  "performance_change": 0.0004431477605812723,
  "threshold": 0.15,
  "retrain_needed": false
}