{
  "timestamp": "2026-05-29T17:42:56.316339",
  "test_metrics": {
    "mse": 0.023452650755643845,
    "mae": 0.1024780347943306,
    "r2": 0.9943310022354126
  },
  "new_metrics": {
    "mse": 0.01191946491599083,
    "mae": 0.08784526586532593,
    "r2": 0.9971484541893005
  },
  "performance_change": 0.002833515144910361,
  "threshold": 0.15,
  "retrain_needed": false
}