{
  "timestamp": "2026-05-29T16:52:07.074541",
  "test_metrics": {
    "mse": 0.02889678068459034,
    "mae": 0.0890231803059578,
    "r2": 0.9929520487785339
  },
  "new_metrics": {
    "mse": 0.006403342355042696,
    "mae": 0.06159577518701553,
    "r2": 0.9984681010246277
  },
  "performance_change": 0.005555205060384582,
  "threshold": 0.15,
  "retrain_needed": false
}