{
  "timestamp": "2026-05-30T00:12:00.063877",
  "test_metrics": {
    "mse": 0.009704946540296078,
    "mae": 0.06697315722703934,
    "r2": 0.9976587891578674
  },
  "new_metrics": {
    "mse": 0.006883146241307259,
    "mae": 0.0631779357790947,
    "r2": 0.9983533024787903
  },
  "performance_change": 0.000696143138787056,
  "threshold": 0.15,
  "retrain_needed": false
}