{
  "timestamp": "2026-05-29T19:23:03.897250",
  "test_metrics": {
    "mse": 0.01608673483133316,
    "mae": 0.07143775373697281,
    "r2": 0.9961221218109131
  },
  "new_metrics": {
    "mse": 0.005488778930157423,
    "mae": 0.058294087648391724,
    "r2": 0.9986869096755981
  },
  "performance_change": 0.0025747725188778755,
  "threshold": 0.15,
  "retrain_needed": false
}