{
  "timestamp": "2026-05-30T06:22:50.691404",
  "test_metrics": {
    "mse": 0.01295927632600069,
    "mae": 0.07637447863817215,
    "r2": 0.9968824982643127
  },
  "new_metrics": {
    "mse": 0.009530390612781048,
    "mae": 0.07244978100061417,
    "r2": 0.9977200031280518
  },
  "performance_change": 0.0008401239516163701,
  "threshold": 0.15,
  "retrain_needed": false
}