{
  "timestamp": "2026-05-30T06:35:00.587781",
  "test_metrics": {
    "mse": 0.00468164449557662,
    "mae": 0.0388372503221035,
    "r2": 0.9988797307014465
  },
  "new_metrics": {
    "mse": 0.00233334768563509,
    "mae": 0.03553067520260811,
    "r2": 0.9994418025016785
  },
  "performance_change": 0.0005627021782064074,
  "threshold": 0.15,
  "retrain_needed": false
}