{
  "timestamp": "2026-05-29T17:27:43.912614",
  "test_metrics": {
    "mse": 0.020730508491396904,
    "mae": 0.08269792795181274,
    "r2": 0.9950311779975891
  },
  "new_metrics": {
    "mse": 0.007506741210818291,
    "mae": 0.06621569395065308,
    "r2": 0.9982041120529175
  },
  "performance_change": 0.003188778528240305,
  "threshold": 0.15,
  "retrain_needed": false
}