{
  "timestamp": "2026-05-30T17:48:54.023872",
  "test_metrics": {
    "mse": 0.001649402896873653,
    "mae": 0.01975911296904087,
    "r2": 0.999604344367981
  },
  "new_metrics": {
    "mse": 0.0005070951883681118,
    "mae": 0.018251078203320503,
    "r2": 0.9998787045478821
  },
  "performance_change": 0.00027446877501777217,
  "threshold": 0.15,
  "retrain_needed": false
}