{
  "timestamp": "2026-05-30T01:18:15.275293",
  "test_metrics": {
    "mse": 0.005754485260695219,
    "mae": 0.043797269463539124,
    "r2": 0.9986135363578796
  },
  "new_metrics": {
    "mse": 0.0031274843495339155,
    "mae": 0.040031109005212784,
    "r2": 0.9992517828941345
  },
  "performance_change": 0.0006391326704649738,
  "threshold": 0.15,
  "retrain_needed": false
}