{
  "timestamp": "2026-05-29T17:29:53.691295",
  "test_metrics": {
    "mse": 0.023812729865312576,
    "mae": 0.08762094378471375,
    "r2": 0.9943236708641052
  },
  "new_metrics": {
    "mse": 0.007316050585359335,
    "mae": 0.06820634007453918,
    "r2": 0.9982497692108154
  },
  "performance_change": 0.003948511396996388,
  "threshold": 0.15,
  "retrain_needed": false
}