{
  "timestamp": "2026-05-29T21:03:38.479095",
  "test_metrics": {
    "mse": 0.007258295081555843,
    "mae": 0.04503796622157097,
    "r2": 0.9982608556747437
  },
  "new_metrics": {
    "mse": 0.002356327371671796,
    "mae": 0.03752100467681885,
    "r2": 0.9994362592697144
  },
  "performance_change": 0.0011774513528092067,
  "threshold": 0.15,
  "retrain_needed": false
}