{
  "timestamp": "2026-05-29T17:15:25.663855",
  "test_metrics": {
    "mse": 0.023460406810045242,
    "mae": 0.08470962941646576,
    "r2": 0.9943798780441284
  },
  "new_metrics": {
    "mse": 0.006988110486418009,
    "mae": 0.06365326046943665,
    "r2": 0.9983282089233398
  },
  "performance_change": 0.003970646396201721,
  "threshold": 0.15,
  "retrain_needed": false
}