{
  "timestamp": "2026-05-29T22:08:20.426222",
  "test_metrics": {
    "mse": 0.038276564329862595,
    "mae": 0.14706629514694214,
    "r2": 0.9908209443092346
  },
  "new_metrics": {
    "mse": 0.030672110617160797,
    "mae": 0.1403811126947403,
    "r2": 0.9926621913909912
  },
  "performance_change": 0.0018583045628292045,
  "threshold": 0.15,
  "retrain_needed": false
}