{
  "timestamp": "2026-05-29T20:06:02.618447",
  "test_metrics": {
    "mse": 0.017020028084516525,
    "mae": 0.08639010787010193,
    "r2": 0.9959011673927307
  },
  "new_metrics": {
    "mse": 0.012156673707067966,
    "mae": 0.07986962050199509,
    "r2": 0.9970917105674744
  },
  "performance_change": 0.0011954430958852015,
  "threshold": 0.15,
  "retrain_needed": false
}