{
  "timestamp": "2026-05-29T22:49:00.377815",
  "test_metrics": {
    "mse": 0.008216372691094875,
    "mae": 0.05642128735780716,
    "r2": 0.9980146288871765
  },
  "new_metrics": {
    "mse": 0.005187006667256355,
    "mae": 0.05180692672729492,
    "r2": 0.9987590909004211
  },
  "performance_change": 0.0007459429869026387,
  "threshold": 0.15,
  "retrain_needed": false
}