{
  "timestamp": "2026-05-30T04:09:44.775293",
  "test_metrics": {
    "mse": 0.006810497492551804,
    "mae": 0.04640217497944832,
    "r2": 0.9983580112457275
  },
  "new_metrics": {
    "mse": 0.004010925069451332,
    "mae": 0.04273383319377899,
    "r2": 0.999040424823761
  },
  "performance_change": 0.0006835359363540818,
  "threshold": 0.15,
  "retrain_needed": false
}