{
  "timestamp": "2026-05-29T20:39:23.270771",
  "test_metrics": {
    "mse": 0.011284139938652515,
    "mae": 0.07122466713190079,
    "r2": 0.9972939491271973
  },
  "new_metrics": {
    "mse": 0.006496861111372709,
    "mae": 0.06439157575368881,
    "r2": 0.9984457492828369
  },
  "performance_change": 0.0011549254426417312,
  "threshold": 0.15,
  "retrain_needed": false
}