{
  "timestamp": "2026-05-29T21:42:28.128236",
  "test_metrics": {
    "mse": 0.005342818330973387,
    "mae": 0.03669881075620651,
    "r2": 0.9987159967422485
  },
  "new_metrics": {
    "mse": 0.0017700189491733909,
    "mae": 0.03138468787074089,
    "r2": 0.9995765686035156
  },
  "performance_change": 0.0008616782589587265,
  "threshold": 0.15,
  "retrain_needed": false
}