{
  "timestamp": "2026-05-30T07:28:52.293317",
  "test_metrics": {
    "mse": 0.006193956360220909,
    "mae": 0.04503821209073067,
    "r2": 0.9985110759735107
  },
  "new_metrics": {
    "mse": 0.00424454640597105,
    "mae": 0.04246631637215614,
    "r2": 0.9989845752716064
  },
  "performance_change": 0.0004742053538405261,
  "threshold": 0.15,
  "retrain_needed": false
}