{
  "timestamp": "2026-05-29T22:22:25.141599",
  "test_metrics": {
    "mse": 0.008265994489192963,
    "mae": 0.055582474917173386,
    "r2": 0.998004674911499
  },
  "new_metrics": {
    "mse": 0.004622254520654678,
    "mae": 0.04998983070254326,
    "r2": 0.998894214630127
  },
  "performance_change": 0.0008913181881706237,
  "threshold": 0.15,
  "retrain_needed": false
}