{
  "timestamp": "2026-05-29T22:25:27.850270",
  "test_metrics": {
    "mse": 0.020624343305826187,
    "mae": 0.09700530767440796,
    "r2": 0.9950292706489563
  },
  "new_metrics": {
    "mse": 0.014687985181808472,
    "mae": 0.08956558257341385,
    "r2": 0.9964861273765564
  },
  "performance_change": 0.001464134544152594,
  "threshold": 0.15,
  "retrain_needed": false
}