{
  "timestamp": "2026-05-30T14:14:19.802106",
  "test_metrics": {
    "mse": 0.01688721962273121,
    "mae": 0.09330884367227554,
    "r2": 0.9959467053413391
  },
  "new_metrics": {
    "mse": 0.013467559590935707,
    "mae": 0.0899641215801239,
    "r2": 0.9967780709266663
  },
  "performance_change": 0.0008347490692709465,
  "threshold": 0.15,
  "retrain_needed": false
}