{
  "timestamp": "2026-05-30T08:49:08.330589",
  "test_metrics": {
    "mse": 0.0023376578465104103,
    "mae": 0.023937221616506577,
    "r2": 0.9994392991065979
  },
  "new_metrics": {
    "mse": 0.0008882905822247267,
    "mae": 0.021752934902906418,
    "r2": 0.9997875094413757
  },
  "performance_change": 0.0003484056861573268,
  "threshold": 0.15,
  "retrain_needed": false
}