{
  "timestamp": "2026-05-30T02:41:18.427025",
  "test_metrics": {
    "mse": 0.006920343730598688,
    "mae": 0.054710932075977325,
    "r2": 0.9983435273170471
  },
  "new_metrics": {
    "mse": 0.004352837800979614,
    "mae": 0.050875697284936905,
    "r2": 0.9989586472511292
  },
  "performance_change": 0.0006161405540787221,
  "threshold": 0.15,
  "retrain_needed": false
}