{
  "timestamp": "2026-05-29T18:51:42.694997",
  "test_metrics": {
    "mse": 0.02875310555100441,
    "mae": 0.109385646879673,
    "r2": 0.9931408762931824
  },
  "new_metrics": {
    "mse": 0.013778431341052055,
    "mae": 0.09449805319309235,
    "r2": 0.9967037439346313
  },
  "performance_change": 0.003587474573342594,
  "threshold": 0.15,
  "retrain_needed": false
}