{
  "timestamp": "2026-05-30T11:00:05.447159",
  "test_metrics": {
    "mse": 0.022490790113806725,
    "mae": 0.11317761987447739,
    "r2": 0.9946204423904419
  },
  "new_metrics": {
    "mse": 0.018955247476696968,
    "mae": 0.10969793051481247,
    "r2": 0.9954652786254883
  },
  "performance_change": 0.0008494056617375889,
  "threshold": 0.15,
  "retrain_needed": false
}