{
  "timestamp": "2026-05-29T23:37:14.897608",
  "test_metrics": {
    "mse": 0.011975094676017761,
    "mae": 0.07821851968765259,
    "r2": 0.9971169829368591
  },
  "new_metrics": {
    "mse": 0.009784148074686527,
    "mae": 0.07472959160804749,
    "r2": 0.9976592659950256
  },
  "performance_change": 0.0005438509898500477,
  "threshold": 0.15,
  "retrain_needed": false
}