{
  "timestamp": "2026-05-29T21:31:14.882168",
  "test_metrics": {
    "mse": 0.012543723918497562,
    "mae": 0.06967524439096451,
    "r2": 0.9969568848609924
  },
  "new_metrics": {
    "mse": 0.007196272723376751,
    "mae": 0.06247806176543236,
    "r2": 0.9982783794403076
  },
  "performance_change": 0.0013255283145965173,
  "threshold": 0.15,
  "retrain_needed": false
}