{
  "timestamp": "2026-05-30T10:55:33.751063",
  "test_metrics": {
    "mse": 0.001726076239719987,
    "mae": 0.018808383494615555,
    "r2": 0.9995845556259155
  },
  "new_metrics": {
    "mse": 0.00047271422226913273,
    "mae": 0.01704137772321701,
    "r2": 0.9998869299888611
  },
  "performance_change": 0.0003025000348832092,
  "threshold": 0.15,
  "retrain_needed": false
}