{
  "timestamp": "2026-05-29T16:44:13.428297",
  "test_metrics": {
    "mse": 0.026084700599312782,
    "mae": 0.09191042184829712,
    "r2": 0.9936612248420715
  },
  "new_metrics": {
    "mse": 0.00758707569912076,
    "mae": 0.0670609325170517,
    "r2": 0.9981849193572998
  },
  "performance_change": 0.004552552119508587,
  "threshold": 0.15,
  "retrain_needed": false
}