{
  "timestamp": "2026-05-29T17:11:19.761003",
  "test_metrics": {
    "mse": 0.021663619205355644,
    "mae": 0.08022405952215195,
    "r2": 0.99485182762146
  },
  "new_metrics": {
    "mse": 0.00611821049824357,
    "mae": 0.06079358235001564,
    "r2": 0.9985362887382507
  },
  "performance_change": 0.003703527514845864,
  "threshold": 0.15,
  "retrain_needed": false
}