{
  "timestamp": "2026-05-29T17:36:33.090239",
  "test_metrics": {
    "mse": 0.018756628036499023,
    "mae": 0.07894164323806763,
    "r2": 0.9955083727836609
  },
  "new_metrics": {
    "mse": 0.006187009159475565,
    "mae": 0.06172163411974907,
    "r2": 0.9985198378562927
  },
  "performance_change": 0.0030250524806849344,
  "threshold": 0.15,
  "retrain_needed": false
}