{
  "timestamp": "2026-05-30T07:08:23.901336",
  "test_metrics": {
    "mse": 0.007050634827464819,
    "mae": 0.04731471464037895,
    "r2": 0.9983015060424805
  },
  "new_metrics": {
    "mse": 0.005300686229020357,
    "mae": 0.04501650854945183,
    "r2": 0.9987319111824036
  },
  "performance_change": 0.000431137424233016,
  "threshold": 0.15,
  "retrain_needed": false
}