{
  "timestamp": "2026-05-29T21:14:22.863302",
  "test_metrics": {
    "mse": 0.009219839237630367,
    "mae": 0.06677499413490295,
    "r2": 0.9977702498435974
  },
  "new_metrics": {
    "mse": 0.005276286508888006,
    "mae": 0.060824763029813766,
    "r2": 0.9987377524375916
  },
  "performance_change": 0.0009696647040195864,
  "threshold": 0.15,
  "retrain_needed": false
}