{
  "timestamp": "2026-05-29T20:08:30.931836",
  "test_metrics": {
    "mse": 0.009282642044126987,
    "mae": 0.0504382848739624,
    "r2": 0.9977502226829529
  },
  "new_metrics": {
    "mse": 0.0029701143503189087,
    "mae": 0.041727665811777115,
    "r2": 0.9992894530296326
  },
  "performance_change": 0.0015427010805777555,
  "threshold": 0.15,
  "retrain_needed": false
}