{
  "timestamp": "2026-05-30T01:51:25.852856",
  "test_metrics": {
    "mse": 0.006268334109336138,
    "mae": 0.050864994525909424,
    "r2": 0.998495876789093
  },
  "new_metrics": {
    "mse": 0.004174485802650452,
    "mae": 0.04725487530231476,
    "r2": 0.9990013241767883
  },
  "performance_change": 0.0005062087880830333,
  "threshold": 0.15,
  "retrain_needed": false
}