{
  "timestamp": "2026-05-29T17:21:26.908451",
  "test_metrics": {
    "mse": 0.018823236227035522,
    "mae": 0.07579725235700607,
    "r2": 0.9955033659934998
  },
  "new_metrics": {
    "mse": 0.006016818340867758,
    "mae": 0.05835650488734245,
    "r2": 0.9985605478286743
  },
  "performance_change": 0.0030709909575479255,
  "threshold": 0.15,
  "retrain_needed": false
}