{
  "timestamp": "2026-05-30T11:23:33.220508",
  "test_metrics": {
    "mse": 0.002595052355900407,
    "mae": 0.02510446310043335,
    "r2": 0.9993770718574524
  },
  "new_metrics": {
    "mse": 0.0013599689118564129,
    "mae": 0.023460330441594124,
    "r2": 0.9996746778488159
  },
  "performance_change": 0.0002977914940657903,
  "threshold": 0.15,
  "retrain_needed": false
}