{
  "timestamp": "2026-05-29T23:40:20.426360",
  "test_metrics": {
    "mse": 0.0056495401076972485,
    "mae": 0.0467493049800396,
    "r2": 0.9986510872840881
  },
  "new_metrics": {
    "mse": 0.002915015909820795,
    "mae": 0.04241923242807388,
    "r2": 0.9993026256561279
  },
  "performance_change": 0.0006524184275528162,
  "threshold": 0.15,
  "retrain_needed": false
}