{
  "timestamp": "2026-05-29T20:44:37.994235",
  "test_metrics": {
    "mse": 0.03563763201236725,
    "mae": 0.12927651405334473,
    "r2": 0.9913855791091919
  },
  "new_metrics": {
    "mse": 0.03123304806649685,
    "mae": 0.12393565475940704,
    "r2": 0.992527961730957
  },
  "performance_change": 0.0011523090973258085,
  "threshold": 0.15,
  "retrain_needed": false
}