{
  "timestamp": "2026-05-30T12:00:17.930084",
  "test_metrics": {
    "mse": 0.006470423191785812,
    "mae": 0.05472181737422943,
    "r2": 0.9984559416770935
  },
  "new_metrics": {
    "mse": 0.004341683816164732,
    "mae": 0.052148427814245224,
    "r2": 0.998961329460144
  },
  "performance_change": 0.0005061693380297219,
  "threshold": 0.15,
  "retrain_needed": false
}