{
  "timestamp": "2026-05-29T15:45:21.499202",
  "test_metrics": {
    "mse": 0.18249079585075378,
    "mae": 0.2930569648742676,
    "r2": 0.9530472159385681
  },
  "new_metrics": {
    "mse": 0.10087891668081284,
    "mae": 0.22682593762874603,
    "r2": 0.9758663177490234
  },
  "performance_change": 0.02394330672062548,
  "threshold": 0.15,
  "retrain_needed": false
}