{
  "timestamp": "2026-05-29T21:36:56.692973",
  "test_metrics": {
    "mse": 0.005979232490062714,
    "mae": 0.03926966339349747,
    "r2": 0.9985589981079102
  },
  "new_metrics": {
    "mse": 0.001866410719230771,
    "mae": 0.03289356082677841,
    "r2": 0.9995535016059875
  },
  "performance_change": 0.0009959386475529217,
  "threshold": 0.15,
  "retrain_needed": false
}