{
  "timestamp": "2026-05-30T02:45:05.192645",
  "test_metrics": {
    "mse": 0.002960513811558485,
    "mae": 0.023318888619542122,
    "r2": 0.9992898106575012
  },
  "new_metrics": {
    "mse": 0.0006752286572009325,
    "mae": 0.020022191107273102,
    "r2": 0.9998384714126587
  },
  "performance_change": 0.0005490506851025222,
  "threshold": 0.15,
  "retrain_needed": false
}