{
  "timestamp": "2026-05-30T01:14:55.043401",
  "test_metrics": {
    "mse": 0.011007308959960938,
    "mae": 0.06576142460107803,
    "r2": 0.9973649382591248
  },
  "new_metrics": {
    "mse": 0.0085274837911129,
    "mae": 0.0619017519056797,
    "r2": 0.9979599118232727
  },
  "performance_change": 0.0005965454983673885,
  "threshold": 0.15,
  "retrain_needed": false
}