{
  "timestamp": "2026-05-29T16:14:08.481900",
  "test_metrics": {
    "mse": 0.055222637951374054,
    "mae": 0.15874122083187103,
    "r2": 0.9865518808364868
  },
  "new_metrics": {
    "mse": 0.022206101566553116,
    "mae": 0.12046043574810028,
    "r2": 0.994687557220459
  },
  "performance_change": 0.008246577338714325,
  "threshold": 0.15,
  "retrain_needed": false
}