{
  "timestamp": "2026-05-29T17:34:25.823685",
  "test_metrics": {
    "mse": 0.01915775053203106,
    "mae": 0.06981725245714188,
    "r2": 0.9954019784927368
  },
  "new_metrics": {
    "mse": 0.004525870084762573,
    "mae": 0.05020866543054581,
    "r2": 0.998917281627655
  },
  "performance_change": 0.0035315412374819417,
  "threshold": 0.15,
  "retrain_needed": false
}