{
  "timestamp": "2026-05-30T03:57:51.178818",
  "test_metrics": {
    "mse": 0.019956229254603386,
    "mae": 0.09763476997613907,
    "r2": 0.9952081441879272
  },
  "new_metrics": {
    "mse": 0.014021467417478561,
    "mae": 0.09209973365068436,
    "r2": 0.9966455698013306
  },
  "performance_change": 0.0014443467146023356,
  "threshold": 0.15,
  "retrain_needed": false
}