{
  "timestamp": "2026-05-30T04:01:55.743052",
  "test_metrics": {
    "mse": 0.005596823990345001,
    "mae": 0.04255995899438858,
    "r2": 0.9986525774002075
  },
  "new_metrics": {
    "mse": 0.003538246266543865,
    "mae": 0.03928537294268608,
    "r2": 0.9991535544395447
  },
  "performance_change": 0.0005016529778968296,
  "threshold": 0.15,
  "retrain_needed": false
}