{
  "timestamp": "2026-05-30T14:33:27.833302",
  "test_metrics": {
    "mse": 0.001718212733976543,
    "mae": 0.0173067357391119,
    "r2": 0.999586284160614
  },
  "new_metrics": {
    "mse": 0.00039086933247745037,
    "mae": 0.015563683584332466,
    "r2": 0.9999064803123474
  },
  "performance_change": 0.0003203286767807922,
  "threshold": 0.15,
  "retrain_needed": false
}