{
    "loss": [
        8.273168563842773,
        3.238690137863159,
        1.318505883216858,
        0.8215444684028625,
        0.5639641284942627,
        0.45688486099243164,
        0.3517640233039856,
        0.306503564119339,
        0.2876264452934265,
        0.24242982268333435
    ],
    "val_loss": [
        4.579957485198975,
        1.4319736957550049,
        0.8206928372383118,
        0.5559825897216797,
        0.33423087000846863,
        0.2360193133354187,
        0.18319164216518402,
        0.1447795331478119,
        0.12970569729804993,
        0.11935547739267349
    ],
    "mae": [
        2.4039957523345947,
        1.5323070287704468,
        0.9233388900756836,
        0.71628338098526,
        0.5898082256317139,
        0.5226770639419556,
        0.4582103490829468,
        0.4246233403682709,
        0.41318684816360474,
        0.3783266246318817
    ],
    "val_mae": [
        1.886445164680481,
        0.9811564683914185,
        0.7252910137176514,
        0.5872576832771301,
        0.4480026066303253,
        0.3722771108150482,
        0.3110659122467041,
        0.2723982632160187,
        0.25532084703445435,
        0.2326963245868683
    ],
    "r2_metric": [
        -61.84991455078125,
        -40.202152252197266,
        -55.118343353271484,
        -58.2991828918457,
        -59.92401123046875,
        -60.95759963989258,
        -61.632511138916016,
        -61.72502517700195,
        -62.03988265991211,
        -62.38282775878906
    ],
    "val_r2_metric": [
        -34.75248336791992,
        -52.50080490112305,
        -56.743282318115234,
        -57.88847732543945,
        -58.618778228759766,
        -58.977176666259766,
        -60.59705352783203,
        -58.8615837097168,
        -59.25535583496094,
        -61.849273681640625
    ]
}