{
    "loss": [
        2.4853262901306152,
        0.2476389855146408,
        0.15957005321979523,
        0.13487271964550018,
        0.12145017087459564,
        0.10784921795129776,
        0.09871415793895721,
        0.09342892467975616,
        0.08301495015621185,
        0.07960236817598343
    ],
    "val_loss": [
        0.17732170224189758,
        0.07760520279407501,
        0.058179885149002075,
        0.025715472176671028,
        0.03285526484251022,
        0.06555832177400589,
        0.030000174418091774,
        0.025553757324814796,
        0.018756629899144173,
        0.024337252601981163
    ],
    "mae": [
        1.1152939796447754,
        0.3723495602607727,
        0.2914890944957733,
        0.2641502916812897,
        0.24879588186740875,
        0.23369726538658142,
        0.22218088805675507,
        0.21720927953720093,
        0.20330825448036194,
        0.1978558450937271
    ],
    "val_mae": [
        0.30186372995376587,
        0.20813250541687012,
        0.1860411912202835,
        0.09219168871641159,
        0.12659043073654175,
        0.20953495800495148,
        0.11413902789354324,
        0.09987831115722656,
        0.07894164323806763,
        0.103000707924366
    ],
    "r2_metric": [
        -55.53485107421875,
        -62.238037109375,
        -62.641014099121094,
        -62.8009147644043,
        -62.902732849121094,
        -62.917137145996094,
        -62.92963790893555,
        -62.910919189453125,
        -62.89152526855469,
        -62.89937973022461
    ],
    "val_r2_metric": [
        -61.73793411254883,
        -61.67831802368164,
        -60.66526412963867,
        -62.265052795410156,
        -61.352996826171875,
        -60.437191009521484,
        -60.21913146972656,
        -61.890132904052734,
        -61.39068603515625,
        -60.742374420166016
    ]
}