{
    "loss": [
        3.403228521347046,
        0.38559362292289734,
        0.2073815017938614,
        0.16119833290576935,
        0.13857734203338623,
        0.12710325419902802,
        0.11680173873901367,
        0.10572674870491028,
        0.10070832818746567,
        0.09491322189569473
    ],
    "val_loss": [
        0.43697455525398254,
        0.09909909218549728,
        0.06021016463637352,
        0.0631260946393013,
        0.10434071719646454,
        0.048697032034397125,
        0.059861745685338974,
        0.03994928300380707,
        0.04257166013121605,
        0.024644378572702408
    ],
    "mae": [
        1.3822815418243408,
        0.4780251979827881,
        0.3416755497455597,
        0.2953963279724121,
        0.27277806401252747,
        0.2616325914859772,
        0.24875232577323914,
        0.23614269495010376,
        0.2304980754852295,
        0.22159866988658905
    ],
    "val_mae": [
        0.5109835267066956,
        0.22527574002742767,
        0.16548772156238556,
        0.1895911544561386,
        0.27275988459587097,
        0.1588205099105835,
        0.1878010630607605,
        0.1380900740623474,
        0.15504294633865356,
        0.09018553048372269
    ],
    "r2_metric": [
        -53.51836013793945,
        -60.783382415771484,
        -62.31245040893555,
        -62.51188659667969,
        -62.67987823486328,
        -62.715545654296875,
        -62.72547912597656,
        -62.764854431152344,
        -62.72986602783203,
        -62.785430908203125
    ],
    "val_r2_metric": [
        -59.28756332397461,
        -62.506797790527344,
        -62.86642074584961,
        -62.15873336791992,
        -60.975093841552734,
        -60.49986267089844,
        -60.51299285888672,
        -60.840789794921875,
        -61.98579788208008,
        -62.313968658447266
    ]
}