{
    "loss": [
        0.4987148642539978,
        0.07608231157064438,
        0.05153787136077881,
        0.03604114055633545,
        0.026515906676650047,
        0.019642656669020653,
        0.01468246802687645,
        0.012737552635371685,
        0.011219538748264313,
        0.009964901022613049
    ],
    "val_loss": [
        0.012771395966410637,
        0.036601752042770386,
        0.029997121542692184,
        0.029903104528784752,
        0.03554198518395424,
        0.04005010053515434,
        0.03783796727657318,
        0.03883764520287514,
        0.04426957666873932,
        0.041254278272390366
    ],
    "mae": [
        0.3983427882194519,
        0.1918531060218811,
        0.15407392382621765,
        0.12837794423103333,
        0.10876484960317612,
        0.0933719053864479,
        0.08104398846626282,
        0.07586977630853653,
        0.07077387720346451,
        0.06605435907840729
    ],
    "val_mae": [
        0.07588081806898117,
        0.14957810938358307,
        0.1264929473400116,
        0.10974228382110596,
        0.11893199384212494,
        0.125559464097023,
        0.11545263230800629,
        0.11137327551841736,
        0.12316320836544037,
        0.11880513280630112
    ],
    "r2_metric": [
        -61.72071075439453,
        -62.9671516418457,
        -62.880428314208984,
        -62.85662841796875,
        -62.87267303466797,
        -62.89183807373047,
        -62.913291931152344,
        -62.9136848449707,
        -62.92481994628906,
        -62.924869537353516
    ],
    "val_r2_metric": [
        -61.921329498291016,
        -60.04829788208008,
        -59.31505584716797,
        -59.48474884033203,
        -59.22629165649414,
        -59.078311920166016,
        -59.14067459106445,
        -59.20851135253906,
        -58.824668884277344,
        -59.0832405090332
    ]
}