{
    "loss": [
        0.42716604471206665,
        0.0672452300786972,
        0.04366663098335266,
        0.030593497678637505,
        0.022467179223895073,
        0.018008746206760406,
        0.014968144707381725,
        0.012521689757704735,
        0.010146582499146461,
        0.008407843299210072
    ],
    "val_loss": [
        0.020381279289722443,
        0.023868393152952194,
        0.013381263241171837,
        0.010205392725765705,
        0.006474135909229517,
        0.00403895927593112,
        0.006166870705783367,
        0.0023192709777504206,
        0.00545790558680892,
        0.0033305399119853973
    ],
    "mae": [
        0.37010419368743896,
        0.18125149607658386,
        0.14429393410682678,
        0.11880014836788177,
        0.09911548346281052,
        0.08834116160869598,
        0.0807349905371666,
        0.07257513701915741,
        0.06379593163728714,
        0.05614440515637398
    ],
    "val_mae": [
        0.095123291015625,
        0.11069707572460175,
        0.08416048437356949,
        0.0724591538310051,
        0.05087443068623543,
        0.040178366005420685,
        0.045855723321437836,
        0.02114265412092209,
        0.041469793766736984,
        0.026696208864450455
    ],
    "r2_metric": [
        -61.872798919677734,
        -62.90920639038086,
        -62.858821868896484,
        -62.852630615234375,
        -62.879459381103516,
        -62.89052963256836,
        -62.892120361328125,
        -62.90485382080078,
        -62.91902160644531,
        -62.9231071472168
    ],
    "val_r2_metric": [
        -61.4089469909668,
        -60.106353759765625,
        -60.41139221191406,
        -61.19060516357422,
        -61.783199310302734,
        -63.32810592651367,
        -61.60148620605469,
        -62.74922180175781,
        -61.70452117919922,
        -62.37981033325195
    ]
}