{
    "loss": [
        0.791922390460968,
        0.1000056192278862,
        0.07662270218133926,
        0.062402356415987015,
        0.051077067852020264,
        0.0429777167737484,
        0.036246757954359055,
        0.03133678808808327,
        0.026707347482442856,
        0.023506157100200653
    ],
    "val_loss": [
        0.024714814499020576,
        0.017000291496515274,
        0.03281156346201897,
        0.013466686941683292,
        0.011491455137729645,
        0.011960096657276154,
        0.012040568515658379,
        0.005416583269834518,
        0.006168755702674389,
        0.004143517930060625
    ],
    "mae": [
        0.5179201364517212,
        0.2245042622089386,
        0.19278128445148468,
        0.17238770425319672,
        0.15403711795806885,
        0.14063800871372223,
        0.128836527466774,
        0.11977575719356537,
        0.11018401384353638,
        0.10275360941886902
    ],
    "val_mae": [
        0.11654485017061234,
        0.08822795003652573,
        0.14685437083244324,
        0.07926168292760849,
        0.0765872597694397,
        0.0809636041522026,
        0.07603878527879715,
        0.04568271338939667,
        0.046945780515670776,
        0.03873191773891449
    ],
    "r2_metric": [
        -60.913330078125,
        -63.01100540161133,
        -63.00154495239258,
        -62.940589904785156,
        -62.891273498535156,
        -62.853675842285156,
        -62.85593032836914,
        -62.85638427734375,
        -62.86741256713867,
        -62.882225036621094
    ],
    "val_r2_metric": [
        -62.20582580566406,
        -60.930755615234375,
        -60.91775131225586,
        -60.990535736083984,
        -62.473819732666016,
        -61.800296783447266,
        -61.134098052978516,
        -62.4022102355957,
        -61.966392517089844,
        -62.52983474731445
    ]
}