{
    "loss": [
        1.9461519718170166,
        0.1779974102973938,
        0.12603089213371277,
        0.10632156580686569,
        0.09182221442461014,
        0.08599095791578293,
        0.07652435451745987,
        0.07219471782445908,
        0.06458362936973572,
        0.06022033095359802
    ],
    "val_loss": [
        0.11625508964061737,
        0.0569259449839592,
        0.033028390258550644,
        0.03602372109889984,
        0.02152601256966591,
        0.0230716485530138,
        0.033154986798763275,
        0.025937695056200027,
        0.0293410737067461,
        0.022581001743674278
    ],
    "mae": [
        0.9559963941574097,
        0.3135662376880646,
        0.25670233368873596,
        0.23294536769390106,
        0.2160942107439041,
        0.20744365453720093,
        0.1950901448726654,
        0.18949556350708008,
        0.17705141007900238,
        0.17160597443580627
    ],
    "val_mae": [
        0.23992730677127838,
        0.1693364828824997,
        0.11486530303955078,
        0.13270807266235352,
        0.08159565180540085,
        0.09462204575538635,
        0.12721584737300873,
        0.10740380734205246,
        0.12295662611722946,
        0.09873552620410919
    ],
    "r2_metric": [
        -57.375457763671875,
        -62.48139572143555,
        -62.825889587402344,
        -62.87600326538086,
        -62.90787124633789,
        -62.90714645385742,
        -62.87554168701172,
        -62.86349105834961,
        -62.886539459228516,
        -62.90747833251953
    ],
    "val_r2_metric": [
        -61.95442199707031,
        -60.956783294677734,
        -61.86956024169922,
        -61.40211486816406,
        -61.75018310546875,
        -61.0641975402832,
        -60.105804443359375,
        -60.40767288208008,
        -60.594242095947266,
        -60.852256774902344
    ]
}