{
    "loss": [
        0.6597607135772705,
        0.08740641921758652,
        0.06387047469615936,
        0.04846562445163727,
        0.037393346428871155,
        0.030433684587478638,
        0.02458859607577324,
        0.02064252458512783,
        0.017738768830895424,
        0.01516774296760559
    ],
    "val_loss": [
        0.02690264955163002,
        0.016876399517059326,
        0.009985295124351978,
        0.023105476051568985,
        0.008218098431825638,
        0.013540774583816528,
        0.01191456988453865,
        0.00889013335108757,
        0.007791245821863413,
        0.013718049973249435
    ],
    "mae": [
        0.46988141536712646,
        0.20807406306266785,
        0.1743677705526352,
        0.14985565841197968,
        0.13061195611953735,
        0.11694974452257156,
        0.10436084866523743,
        0.0952819362282753,
        0.0882861390709877,
        0.08121791481971741
    ],
    "val_mae": [
        0.12391264736652374,
        0.08760888129472733,
        0.062158361077308655,
        0.10288932174444199,
        0.053366318345069885,
        0.06837790459394455,
        0.06912466883659363,
        0.05740126594901085,
        0.0485348254442215,
        0.06600549072027206
    ],
    "r2_metric": [
        -61.3515510559082,
        -62.98212432861328,
        -62.92131042480469,
        -62.87852096557617,
        -62.84503936767578,
        -62.85356903076172,
        -62.87459182739258,
        -62.893192291259766,
        -62.89434051513672,
        -62.903377532958984
    ],
    "val_r2_metric": [
        -61.713985443115234,
        -61.341346740722656,
        -62.106597900390625,
        -60.348514556884766,
        -61.65919494628906,
        -60.91384506225586,
        -60.940093994140625,
        -61.35952377319336,
        -61.60633087158203,
        -60.91834259033203
    ]
}