{
    "loss": [
        0.925858199596405,
        0.10776840895414352,
        0.07967530936002731,
        0.06444660574197769,
        0.052392978221178055,
        0.04389851540327072,
        0.03764444217085838,
        0.03268503025174141,
        0.028826169669628143,
        0.025178855285048485
    ],
    "val_loss": [
        0.0150345079600811,
        0.01719428226351738,
        0.008188525214791298,
        0.011736840009689331,
        0.00852182600647211,
        0.008997568860650063,
        0.010563650168478489,
        0.008010707795619965,
        0.004129457753151655,
        0.008189183659851551
    ],
    "mae": [
        0.5791902542114258,
        0.23510991036891937,
        0.19955602288246155,
        0.17707182466983795,
        0.1584145873785019,
        0.14414383471012115,
        0.13278868794441223,
        0.12436188012361526,
        0.11651358753442764,
        0.10816385596990585
    ],
    "val_mae": [
        0.08200723677873611,
        0.09335032850503922,
        0.05184193700551987,
        0.06991203874349594,
        0.05605361610651016,
        0.05796663463115692,
        0.06369645148515701,
        0.06078850105404854,
        0.034782618284225464,
        0.05889448523521423
    ],
    "r2_metric": [
        -60.23445129394531,
        -62.94247817993164,
        -62.91218566894531,
        -62.9031867980957,
        -62.881229400634766,
        -62.84595489501953,
        -62.833229064941406,
        -62.8309211730957,
        -62.849884033203125,
        -62.855831146240234
    ],
    "val_r2_metric": [
        -63.039676666259766,
        -62.07617950439453,
        -62.29816818237305,
        -61.85234069824219,
        -61.765037536621094,
        -61.617183685302734,
        -61.333709716796875,
        -61.29399108886719,
        -62.251373291015625,
        -62.519203186035156
    ]
}