{
    "loss": [
        1.2708531618118286,
        0.1323893666267395,
        0.10320191830396652,
        0.08621752262115479,
        0.07264319807291031,
        0.06529432535171509,
        0.05740083381533623,
        0.05068981647491455,
        0.045346133410930634,
        0.04074384644627571
    ],
    "val_loss": [
        0.03617040812969208,
        0.044303618371486664,
        0.03241410478949547,
        0.03230205923318863,
        0.022912971675395966,
        0.0341961495578289,
        0.051470063626766205,
        0.05156322196125984,
        0.026598574593663216,
        0.02442007139325142
    ],
    "mae": [
        0.7063776254653931,
        0.2621749937534332,
        0.22741277515888214,
        0.20515024662017822,
        0.1883106529712677,
        0.1765502691268921,
        0.1655980497598648,
        0.1541089117527008,
        0.14558976888656616,
        0.13846899569034576
    ],
    "val_mae": [
        0.1212184876203537,
        0.15794871747493744,
        0.12325416505336761,
        0.12439881265163422,
        0.09658479690551758,
        0.12788760662078857,
        0.16652604937553406,
        0.15994767844676971,
        0.11643250286579132,
        0.11130842566490173
    ],
    "r2_metric": [
        -59.58980178833008,
        -62.87881088256836,
        -62.95990753173828,
        -62.92774963378906,
        -62.89255905151367,
        -62.86860275268555,
        -62.84797286987305,
        -62.804603576660156,
        -62.80531692504883,
        -62.802852630615234
    ],
    "val_r2_metric": [
        -62.35966491699219,
        -60.536190032958984,
        -60.455047607421875,
        -60.31357955932617,
        -60.65648651123047,
        -59.674110412597656,
        -58.52323532104492,
        -58.61193084716797,
        -59.42320251464844,
        -59.635623931884766
    ]
}