{
    "loss": [
        0.404489129781723,
        0.06572205573320389,
        0.044299058616161346,
        0.0313098207116127,
        0.022338004782795906,
        0.01669292338192463,
        0.012831931933760643,
        0.01009997446089983,
        0.008139162324368954,
        0.006698455195873976
    ],
    "val_loss": [
        0.00970735028386116,
        0.00721103698015213,
        0.004768402315676212,
        0.005313307046890259,
        0.003457932500168681,
        0.002333711599931121,
        0.005027347709983587,
        0.002226082142442465,
        0.0016839158488437533,
        0.0027136364951729774
    ],
    "mae": [
        0.3646394908428192,
        0.17844319343566895,
        0.1440075784921646,
        0.11992538720369339,
        0.0996895581483841,
        0.08490470051765442,
        0.07365565747022629,
        0.06392229348421097,
        0.05549069494009018,
        0.04753806069493294
    ],
    "val_mae": [
        0.0660480186343193,
        0.05377158150076866,
        0.041150789707899094,
        0.04762936010956764,
        0.03372365981340408,
        0.02555348537862301,
        0.03858763724565506,
        0.024584325030446053,
        0.019529644399881363,
        0.02270563319325447
    ],
    "r2_metric": [
        -61.65968322753906,
        -62.92889404296875,
        -62.85771179199219,
        -62.85511779785156,
        -62.86867141723633,
        -62.891273498535156,
        -62.90608215332031,
        -62.91834259033203,
        -62.925621032714844,
        -62.94074630737305
    ],
    "val_r2_metric": [
        -61.92795944213867,
        -62.484954833984375,
        -62.71760177612305,
        -61.842124938964844,
        -62.1998176574707,
        -62.78630447387695,
        -61.80310821533203,
        -62.33848190307617,
        -63.237491607666016,
        -62.21394729614258
    ]
}