{
    "loss": [
        0.7302257418632507,
        0.09141798317432404,
        0.07003066688776016,
        0.055324677377939224,
        0.04510926082730293,
        0.036727290600538254,
        0.031022896990180016,
        0.025856275111436844,
        0.02191068045794964,
        0.01882675103843212
    ],
    "val_loss": [
        0.011955699883401394,
        0.017310790717601776,
        0.016199229285120964,
        0.033220257610082626,
        0.017750931903719902,
        0.011209935881197453,
        0.014450659044086933,
        0.007706226781010628,
        0.010639356449246407,
        0.021411627531051636
    ],
    "mae": [
        0.4914243221282959,
        0.21346430480480194,
        0.1832384467124939,
        0.161810502409935,
        0.14451183378696442,
        0.12948071956634521,
        0.11888536810874939,
        0.10841960459947586,
        0.09934313595294952,
        0.09139907360076904
    ],
    "val_mae": [
        0.06882086396217346,
        0.08454376459121704,
        0.08727612346410751,
        0.13946273922920227,
        0.09285573661327362,
        0.07317476719617844,
        0.07748367637395859,
        0.054463353008031845,
        0.06459149718284607,
        0.0952501893043518
    ],
    "r2_metric": [
        -60.972564697265625,
        -62.978057861328125,
        -62.96208572387695,
        -62.93577194213867,
        -62.87611389160156,
        -62.872066497802734,
        -62.866275787353516,
        -62.8732795715332,
        -62.88939666748047,
        -62.89749526977539
    ],
    "val_r2_metric": [
        -63.21821212768555,
        -60.8475227355957,
        -61.04438018798828,
        -60.11055374145508,
        -60.37855529785156,
        -61.090850830078125,
        -60.57879638671875,
        -61.980934143066406,
        -61.218528747558594,
        -60.293758392333984
    ]
}