{
    "loss": [
        0.42044851183891296,
        0.06425885111093521,
        0.0423087514936924,
        0.02936566434800625,
        0.020964279770851135,
        0.01563573069870472,
        0.01187162846326828,
        0.010299860499799252,
        0.009293055161833763,
        0.008180161006748676
    ],
    "val_loss": [
        0.009294641204178333,
        0.02567402459681034,
        0.04850084334611893,
        0.015630969777703285,
        0.018214158713817596,
        0.020209886133670807,
        0.006258419714868069,
        0.01708756387233734,
        0.011047659441828728,
        0.011657672934234142
    ],
    "mae": [
        0.368330717086792,
        0.17645494639873505,
        0.13925333321094513,
        0.11487910896539688,
        0.09635159373283386,
        0.08267040550708771,
        0.07135612517595291,
        0.06588981300592422,
        0.06196312978863716,
        0.0572676882147789
    ],
    "val_mae": [
        0.06843937188386917,
        0.11382729560136795,
        0.1596100628376007,
        0.08579467982053757,
        0.07784735411405563,
        0.08376427739858627,
        0.044592805206775665,
        0.07149232178926468,
        0.0598682202398777,
        0.05649210885167122
    ],
    "r2_metric": [
        -61.80226516723633,
        -62.91964340209961,
        -62.84934616088867,
        -62.85547637939453,
        -62.8806037902832,
        -62.887821197509766,
        -62.90205001831055,
        -62.91461944580078,
        -62.91829299926758,
        -62.92576599121094
    ],
    "val_r2_metric": [
        -62.08400344848633,
        -59.97438430786133,
        -58.51573181152344,
        -60.42848205566406,
        -60.54423141479492,
        -60.34148025512695,
        -61.74314498901367,
        -60.64181900024414,
        -61.161399841308594,
        -61.07127380371094
    ]
}