{
    "loss": [
        1.6892558336257935,
        0.17026612162590027,
        0.12850835919380188,
        0.10700445622205734,
        0.09400720149278641,
        0.08324390649795532,
        0.07648906111717224,
        0.06827934831380844,
        0.06477884948253632,
        0.0589316301047802
    ],
    "val_loss": [
        0.06940335780382156,
        0.03067900985479355,
        0.02722002938389778,
        0.018530603498220444,
        0.02393178828060627,
        0.016215085983276367,
        0.01767447404563427,
        0.023132873699069023,
        0.024855010211467743,
        0.017907138913869858
    ],
    "mae": [
        0.8616273999214172,
        0.3031349182128906,
        0.25684553384780884,
        0.23261135816574097,
        0.21701078116893768,
        0.20227988064289093,
        0.19409611821174622,
        0.18271002173423767,
        0.17732341587543488,
        0.1687261164188385
    ],
    "val_mae": [
        0.18788567185401917,
        0.10963179916143417,
        0.10101120173931122,
        0.07304015010595322,
        0.10305994004011154,
        0.0689871534705162,
        0.07533909380435944,
        0.0958022028207779,
        0.1074092835187912,
        0.07841704785823822
    ],
    "r2_metric": [
        -58.01170349121094,
        -62.63111114501953,
        -62.881587982177734,
        -62.929229736328125,
        -62.966880798339844,
        -62.994285583496094,
        -62.922027587890625,
        -62.927337646484375,
        -62.918304443359375,
        -62.92464828491211
    ],
    "val_r2_metric": [
        -62.79117965698242,
        -63.34114074707031,
        -61.739070892333984,
        -62.93436050415039,
        -62.03829574584961,
        -62.65317153930664,
        -61.59378433227539,
        -60.90512466430664,
        -60.993003845214844,
        -61.50514602661133
    ]
}