{
    "loss": [
        1.7330912351608276,
        0.15789379179477692,
        0.1206638514995575,
        0.0984467938542366,
        0.08646716922521591,
        0.07685942947864532,
        0.06621073931455612,
        0.06186442822217941,
        0.055143799632787704,
        0.05120200291275978
    ],
    "val_loss": [
        0.06762075424194336,
        0.022407306358218193,
        0.045504968613386154,
        0.08053959906101227,
        0.03905642405152321,
        0.021516265347599983,
        0.022773275151848793,
        0.030218981206417084,
        0.02767237089574337,
        0.033603690564632416
    ],
    "mae": [
        0.8521403670310974,
        0.29341018199920654,
        0.2501278817653656,
        0.22268158197402954,
        0.2081986963748932,
        0.19524653255939484,
        0.18087297677993774,
        0.17436492443084717,
        0.1639338582754135,
        0.15720289945602417
    ],
    "val_mae": [
        0.18634727597236633,
        0.08589642494916916,
        0.16610006988048553,
        0.23480860888957977,
        0.15375444293022156,
        0.09439500421285629,
        0.10046294331550598,
        0.1145051047205925,
        0.11583086848258972,
        0.11880522966384888
    ],
    "r2_metric": [
        -58.70098114013672,
        -62.6933708190918,
        -62.89739227294922,
        -62.90789794921875,
        -62.893150329589844,
        -62.87089538574219,
        -62.871826171875,
        -62.828922271728516,
        -62.828216552734375,
        -62.793418884277344
    ],
    "val_r2_metric": [
        -63.244964599609375,
        -62.80046081542969,
        -60.77351379394531,
        -59.80778121948242,
        -61.27370834350586,
        -60.989261627197266,
        -60.69552993774414,
        -60.1951789855957,
        -60.44381332397461,
        -59.3983154296875
    ]
}