{
    "loss": [
        0.7989307641983032,
        0.09168153256177902,
        0.0687917172908783,
        0.05531200021505356,
        0.04543950781226158,
        0.038693685084581375,
        0.033697448670864105,
        0.027473516762256622,
        0.02513807639479637,
        0.022843215614557266
    ],
    "val_loss": [
        0.05600695312023163,
        0.021822622045874596,
        0.05487383157014847,
        0.1128506064414978,
        0.12843377888202667,
        0.10924082249403,
        0.08490727096796036,
        0.09631341695785522,
        0.06813424825668335,
        0.07393989711999893
    ],
    "mae": [
        0.5209537148475647,
        0.2143191546201706,
        0.18321365118026733,
        0.16175995767116547,
        0.1442485749721527,
        0.13198818266391754,
        0.12253540009260178,
        0.10925927013158798,
        0.10459224134683609,
        0.09964495897293091
    ],
    "val_mae": [
        0.1976308673620224,
        0.10514124482870102,
        0.17478516697883606,
        0.2571217715740204,
        0.2557799220085144,
        0.2363978922367096,
        0.19761691987514496,
        0.21299274265766144,
        0.17486470937728882,
        0.17857912182807922
    ],
    "r2_metric": [
        -60.83543014526367,
        -62.983028411865234,
        -62.95619201660156,
        -62.93539810180664,
        -62.916160583496094,
        -62.869300842285156,
        -62.87565612792969,
        -62.908790588378906,
        -62.89673614501953,
        -62.90428161621094
    ],
    "val_r2_metric": [
        -60.78703308105469,
        -60.91158676147461,
        -58.91169738769531,
        -57.12108612060547,
        -56.285316467285156,
        -56.72370147705078,
        -57.32231521606445,
        -56.920291900634766,
        -57.717628479003906,
        -57.57441711425781
    ]
}