{
    "loss": [
        0.5120415687561035,
        0.07955148071050644,
        0.056809358298778534,
        0.041207775473594666,
        0.0316372849047184,
        0.02449827268719673,
        0.019537055864930153,
        0.015938345342874527,
        0.013352805748581886,
        0.011047422885894775
    ],
    "val_loss": [
        0.015500559471547604,
        0.01595262996852398,
        0.012988761067390442,
        0.020038418471813202,
        0.005749894306063652,
        0.006565276067703962,
        0.003571790410205722,
        0.006187028717249632,
        0.0028464130591601133,
        0.007582247257232666
    ],
    "mae": [
        0.4008767902851105,
        0.19634366035461426,
        0.16281487047672272,
        0.13712291419506073,
        0.11914389580488205,
        0.10492955893278122,
        0.0924486294388771,
        0.08342676609754562,
        0.07503513991832733,
        0.0676279366016388
    ],
    "val_mae": [
        0.08799608796834946,
        0.0920276790857315,
        0.07827967405319214,
        0.10524168610572815,
        0.0519707165658474,
        0.048583999276161194,
        0.03566299006342888,
        0.04356301575899124,
        0.02740396186709404,
        0.04637344926595688
    ],
    "r2_metric": [
        -61.82662582397461,
        -63.0014762878418,
        -62.94889831542969,
        -62.884910583496094,
        -62.87385177612305,
        -62.87937545776367,
        -62.892913818359375,
        -62.900054931640625,
        -62.90862274169922,
        -62.91716766357422
    ],
    "val_r2_metric": [
        -62.249778747558594,
        -62.339881896972656,
        -61.38359069824219,
        -60.689998626708984,
        -61.68146896362305,
        -61.6580696105957,
        -62.2430534362793,
        -61.7277717590332,
        -62.38127517700195,
        -61.545654296875
    ]
}