{
    "loss": [
        0.7602347731590271,
        0.09508013725280762,
        0.07246224582195282,
        0.056291352957487106,
        0.045128900557756424,
        0.03703109920024872,
        0.030539674684405327,
        0.025579743087291718,
        0.021888339892029762,
        0.01898120529949665
    ],
    "val_loss": [
        0.022270550951361656,
        0.02378479577600956,
        0.020141959190368652,
        0.01011697854846716,
        0.008648117072880268,
        0.008608358912169933,
        0.018075300380587578,
        0.00832886341959238,
        0.006177278235554695,
        0.011152892373502254
    ],
    "mae": [
        0.5093710422515869,
        0.21928724646568298,
        0.18868939578533173,
        0.16322684288024902,
        0.1445923149585724,
        0.13039042055606842,
        0.11760406941175461,
        0.1059015765786171,
        0.0977223813533783,
        0.09074624627828598
    ],
    "val_mae": [
        0.10637695342302322,
        0.11619926989078522,
        0.09463334828615189,
        0.06430020928382874,
        0.05591815337538719,
        0.056058015674352646,
        0.09728755801916122,
        0.0565725602209568,
        0.04720974713563919,
        0.062233783304691315
    ],
    "r2_metric": [
        -61.02976989746094,
        -62.98365020751953,
        -62.95703125,
        -62.89618682861328,
        -62.85429382324219,
        -62.84444046020508,
        -62.867431640625,
        -62.869903564453125,
        -62.893959045410156,
        -62.89655685424805
    ],
    "val_r2_metric": [
        -63.26723861694336,
        -61.598655700683594,
        -60.63213348388672,
        -61.51699447631836,
        -61.87116241455078,
        -62.19231033325195,
        -60.80620193481445,
        -61.53129577636719,
        -62.249874114990234,
        -61.13352584838867
    ]
}