{
    "loss": [
        1.153036117553711,
        0.11948616802692413,
        0.09037410467863083,
        0.07563376426696777,
        0.06545454263687134,
        0.057570070028305054,
        0.04933641850948334,
        0.044186610728502274,
        0.039437435567379,
        0.03509446233510971
    ],
    "val_loss": [
        0.03171587735414505,
        0.04302423819899559,
        0.029835769906640053,
        0.01144942082464695,
        0.043715208768844604,
        0.017123891040682793,
        0.010136274620890617,
        0.012816628441214561,
        0.011437000706791878,
        0.00942795816808939
    ],
    "mae": [
        0.6384657621383667,
        0.246351420879364,
        0.21190263330936432,
        0.19206583499908447,
        0.17709602415561676,
        0.16505569219589233,
        0.1520143449306488,
        0.1432056725025177,
        0.1348840743303299,
        0.12635847926139832
    ],
    "val_mae": [
        0.13462339341640472,
        0.1607666015625,
        0.12237653136253357,
        0.07283694297075272,
        0.17040561139583588,
        0.09149753302335739,
        0.06558692455291748,
        0.0832020491361618,
        0.07169930636882782,
        0.06751295179128647
    ],
    "r2_metric": [
        -60.31044006347656,
        -63.02848815917969,
        -63.00648498535156,
        -62.95732116699219,
        -62.97119903564453,
        -62.925865173339844,
        -62.88654708862305,
        -62.866905212402344,
        -62.84978103637695,
        -62.878448486328125
    ],
    "val_r2_metric": [
        -62.27056884765625,
        -60.52684783935547,
        -60.09348678588867,
        -61.4126091003418,
        -60.17741394042969,
        -60.73051834106445,
        -61.26618576049805,
        -61.46144485473633,
        -61.82936096191406,
        -61.199764251708984
    ]
}