{
    "loss": [
        0.5521758794784546,
        0.07895877212285995,
        0.05660673975944519,
        0.041366782039403915,
        0.0320691242814064,
        0.025146914646029472,
        0.019947553053498268,
        0.016493478789925575,
        0.014021705836057663,
        0.011685788631439209
    ],
    "val_loss": [
        0.013691852800548077,
        0.009836075827479362,
        0.006352969445288181,
        0.011970298364758492,
        0.004437040537595749,
        0.007662070915102959,
        0.0023341032210737467,
        0.0025823027826845646,
        0.002862763125449419,
        0.0017260765889659524
    ],
    "mae": [
        0.41652828454971313,
        0.1968979835510254,
        0.16472002863883972,
        0.1397383064031601,
        0.12221374362707138,
        0.10706514120101929,
        0.0945463627576828,
        0.08507781475782394,
        0.07797876000404358,
        0.07028568536043167
    ],
    "val_mae": [
        0.08314460515975952,
        0.062313180416822433,
        0.05218730494379997,
        0.07958351820707321,
        0.041780438274145126,
        0.05338692665100098,
        0.02397218719124794,
        0.026173172518610954,
        0.028341710567474365,
        0.018808381631970406
    ],
    "r2_metric": [
        -61.83002853393555,
        -62.97924041748047,
        -62.894046783447266,
        -62.8674201965332,
        -62.85591125488281,
        -62.878326416015625,
        -62.89159393310547,
        -62.89558410644531,
        -62.89216613769531,
        -62.90215301513672
    ],
    "val_r2_metric": [
        -61.48052215576172,
        -62.06837463378906,
        -61.93128204345703,
        -60.77923583984375,
        -62.66754150390625,
        -61.4832878112793,
        -62.81536102294922,
        -62.7486457824707,
        -62.310298919677734,
        -62.95455551147461
    ]
}