{
    "loss": [
        0.7125614285469055,
        0.0906229317188263,
        0.06842892616987228,
        0.05244894698262215,
        0.041917845606803894,
        0.034257326275110245,
        0.02876819111406803,
        0.023330559954047203,
        0.021486153826117516,
        0.019279321655631065
    ],
    "val_loss": [
        0.01897295005619526,
        0.011390064842998981,
        0.03324821963906288,
        0.014302791096270084,
        0.028544124215841293,
        0.028036942705512047,
        0.021662047132849693,
        0.019874945282936096,
        0.023828348144888878,
        0.015394678339362144
    ],
    "mae": [
        0.486208438873291,
        0.2126038372516632,
        0.18203617632389069,
        0.15713472664356232,
        0.13869328796863556,
        0.12547415494918823,
        0.11382952332496643,
        0.10121019929647446,
        0.09677882492542267,
        0.09260136634111404
    ],
    "val_mae": [
        0.09445551037788391,
        0.0678945854306221,
        0.1315535008907318,
        0.07879158854484558,
        0.11468842625617981,
        0.11380209773778915,
        0.0913315936923027,
        0.08857909590005875,
        0.09422271698713303,
        0.07580816000699997
    ],
    "r2_metric": [
        -61.12043762207031,
        -62.973026275634766,
        -62.9315071105957,
        -62.89624786376953,
        -62.85240173339844,
        -62.84839630126953,
        -62.857994079589844,
        -62.87625503540039,
        -62.88053512573242,
        -62.88665771484375
    ],
    "val_r2_metric": [
        -62.33242416381836,
        -61.56509017944336,
        -59.71348571777344,
        -60.930564880371094,
        -59.54667282104492,
        -59.5501708984375,
        -60.155704498291016,
        -60.25555419921875,
        -59.94764709472656,
        -60.60000228881836
    ]
}