{
    "loss": [
        0.5969244241714478,
        0.08269393444061279,
        0.0605720691382885,
        0.045669976621866226,
        0.036432165652513504,
        0.02977677993476391,
        0.02387254126369953,
        0.02005859650671482,
        0.016666023060679436,
        0.014208118431270123
    ],
    "val_loss": [
        0.017956407740712166,
        0.012887711636722088,
        0.011908593587577343,
        0.010298370383679867,
        0.0092007489874959,
        0.003833446651697159,
        0.0057029519230127335,
        0.002961518242955208,
        0.003893829882144928,
        0.002564941067248583
    ],
    "mae": [
        0.4346679151058197,
        0.2010820060968399,
        0.16999919712543488,
        0.1457156240940094,
        0.12903060019016266,
        0.11632656306028366,
        0.10310795903205872,
        0.09292486310005188,
        0.08432032912969589,
        0.07734565436840057
    ],
    "val_mae": [
        0.09347463399171829,
        0.07104652374982834,
        0.07291370630264282,
        0.0680987685918808,
        0.06346952170133591,
        0.03187517449259758,
        0.045419204980134964,
        0.02940348908305168,
        0.03657657280564308,
        0.024880222976207733
    ],
    "r2_metric": [
        -61.63345718383789,
        -62.99871063232422,
        -62.950355529785156,
        -62.881874084472656,
        -62.85786819458008,
        -62.859439849853516,
        -62.88058853149414,
        -62.88726043701172,
        -62.89562225341797,
        -62.89773941040039
    ],
    "val_r2_metric": [
        -61.53110122680664,
        -61.09267044067383,
        -61.52773666381836,
        -61.24534225463867,
        -61.272613525390625,
        -62.582462310791016,
        -61.807281494140625,
        -62.96988296508789,
        -62.34396743774414,
        -62.624019622802734
    ]
}