{
    "loss": [
        1.057554841041565,
        0.12380799651145935,
        0.09556400030851364,
        0.07830071449279785,
        0.06765281409025192,
        0.05646193027496338,
        0.04950544610619545,
        0.04303302988409996,
        0.03649419918656349,
        0.03405481204390526
    ],
    "val_loss": [
        0.02649790048599243,
        0.05495886504650116,
        0.02354300208389759,
        0.03146404027938843,
        0.03011741116642952,
        0.04710781201720238,
        0.026220625266432762,
        0.026013586670160294,
        0.019294822588562965,
        0.01638646051287651
    ],
    "mae": [
        0.6447418928146362,
        0.2538614869117737,
        0.21798941493034363,
        0.19562296569347382,
        0.1803627759218216,
        0.1631430834531784,
        0.15170879662036896,
        0.14192984998226166,
        0.12923453748226166,
        0.1257713884115219
    ],
    "val_mae": [
        0.11156609654426575,
        0.18893691897392273,
        0.10275448858737946,
        0.1296772062778473,
        0.1149095818400383,
        0.1577681303024292,
        0.11054517328739166,
        0.11611788719892502,
        0.09532542526721954,
        0.09317506104707718
    ],
    "r2_metric": [
        -59.54029846191406,
        -62.92489242553711,
        -62.95669174194336,
        -62.9864387512207,
        -62.963623046875,
        -62.933990478515625,
        -62.89091873168945,
        -62.86779022216797,
        -62.874244689941406,
        -62.86941146850586
    ],
    "val_r2_metric": [
        -62.03438186645508,
        -60.31575393676758,
        -60.53667449951172,
        -60.10490798950195,
        -59.75794982910156,
        -58.837711334228516,
        -59.750389099121094,
        -59.58662033081055,
        -60.1233024597168,
        -60.155941009521484
    ]
}