{
    "loss": [
        0.4735770523548126,
        0.0713682547211647,
        0.049706052988767624,
        0.03587811067700386,
        0.02703585848212242,
        0.02110361121594906,
        0.01705893687903881,
        0.014116385951638222,
        0.01151428371667862,
        0.009577763266861439
    ],
    "val_loss": [
        0.011161040514707565,
        0.015975728631019592,
        0.009393109939992428,
        0.02762412652373314,
        0.010242375545203686,
        0.016441140323877335,
        0.009726800955832005,
        0.007869893684983253,
        0.005895969923585653,
        0.004986625164747238
    ],
    "mae": [
        0.3864409625530243,
        0.18592135608196259,
        0.1519978791475296,
        0.1276942640542984,
        0.11031343787908554,
        0.0973457619547844,
        0.08665017038583755,
        0.07814008742570877,
        0.06954823434352875,
        0.06094242259860039
    ],
    "val_mae": [
        0.07110995054244995,
        0.0870872512459755,
        0.0671708956360817,
        0.11731908470392227,
        0.06914017349481583,
        0.08410913497209549,
        0.05802631378173828,
        0.052111562341451645,
        0.041431549936532974,
        0.03803931549191475
    ],
    "r2_metric": [
        -61.617977142333984,
        -62.95097732543945,
        -62.882198333740234,
        -62.856971740722656,
        -62.871089935302734,
        -62.88338088989258,
        -62.89311981201172,
        -62.89768600463867,
        -62.9101448059082,
        -62.915409088134766
    ],
    "val_r2_metric": [
        -62.09290313720703,
        -60.955509185791016,
        -62.07357406616211,
        -59.44537353515625,
        -61.055171966552734,
        -60.6650390625,
        -61.28581619262695,
        -61.376182556152344,
        -61.61648941040039,
        -61.86090850830078
    ]
}