{
    "loss": [
        1.1220757961273193,
        0.1310754120349884,
        0.10140052437782288,
        0.08156844973564148,
        0.0722937062382698,
        0.06338312476873398,
        0.05611172690987587,
        0.049042291939258575,
        0.043801240622997284,
        0.03990676999092102
    ],
    "val_loss": [
        0.03620301932096481,
        0.021753083914518356,
        0.016696320846676826,
        0.03504956513643265,
        0.01911282353103161,
        0.027642464265227318,
        0.014320439659059048,
        0.017025254666805267,
        0.009849129244685173,
        0.008926007896661758
    ],
    "mae": [
        0.6700275540351868,
        0.26206475496292114,
        0.22651587426662445,
        0.20160458981990814,
        0.18957747519016266,
        0.17671416699886322,
        0.16462358832359314,
        0.15382124483585358,
        0.14442001283168793,
        0.13694827258586884
    ],
    "val_mae": [
        0.13166017830371857,
        0.09201397746801376,
        0.07901003956794739,
        0.1376248002052307,
        0.09393318742513657,
        0.12827631831169128,
        0.08027307689189911,
        0.08797474205493927,
        0.05405457690358162,
        0.05183273181319237
    ],
    "r2_metric": [
        -59.420989990234375,
        -62.941436767578125,
        -62.96784591674805,
        -62.96682357788086,
        -62.94242858886719,
        -62.93340301513672,
        -62.9041633605957,
        -62.87782669067383,
        -62.87104415893555,
        -62.84371566772461
    ],
    "val_r2_metric": [
        -62.742340087890625,
        -61.680503845214844,
        -61.638023376464844,
        -60.81907272338867,
        -60.93609619140625,
        -61.37150192260742,
        -61.056243896484375,
        -60.91159439086914,
        -61.97468566894531,
        -61.96146011352539
    ]
}