{
    "loss": [
        0.5827816724777222,
        0.07884152233600616,
        0.05643482506275177,
        0.04158066213130951,
        0.032531313598155975,
        0.025312308222055435,
        0.019618971273303032,
        0.017269838601350784,
        0.01553343702107668,
        0.014393932186067104
    ],
    "val_loss": [
        0.012882205657660961,
        0.076499342918396,
        0.02755003422498703,
        0.014295894652605057,
        0.024010784924030304,
        0.02795390412211418,
        0.024164192378520966,
        0.031621821224689484,
        0.04018770158290863,
        0.0333375483751297
    ],
    "mae": [
        0.43049073219299316,
        0.19661426544189453,
        0.1623816192150116,
        0.13708028197288513,
        0.12119835615158081,
        0.10525963455438614,
        0.09185311943292618,
        0.08643727749586105,
        0.08204776048660278,
        0.0785379633307457
    ],
    "val_mae": [
        0.07579273730516434,
        0.22070537507534027,
        0.11987344920635223,
        0.07907463610172272,
        0.098195381462574,
        0.10487302392721176,
        0.09302619844675064,
        0.10403049737215042,
        0.119717076420784,
        0.10782425850629807
    ],
    "r2_metric": [
        -61.482643127441406,
        -62.98805236816406,
        -62.929813385009766,
        -62.87853240966797,
        -62.86962890625,
        -62.88480758666992,
        -62.89651107788086,
        -62.90333557128906,
        -62.900638580322266,
        -62.90336608886719
    ],
    "val_r2_metric": [
        -61.56968307495117,
        -58.56005096435547,
        -59.78097152709961,
        -60.66714096069336,
        -59.91767883300781,
        -59.58625793457031,
        -59.961891174316406,
        -59.50572204589844,
        -59.08686447143555,
        -59.361595153808594
    ]
}