{
    "loss": [
        0.48551949858665466,
        0.06720790266990662,
        0.04635794460773468,
        0.03458382561802864,
        0.02597145363688469,
        0.020254265516996384,
        0.016195690259337425,
        0.014713139273226261,
        0.01317340973764658,
        0.012017796747386456
    ],
    "val_loss": [
        0.021577294915914536,
        0.08321008831262589,
        0.05971569940447807,
        0.042799632996320724,
        0.05760910362005234,
        0.06071826070547104,
        0.0541703924536705,
        0.05917079374194145,
        0.04245791211724281,
        0.0659058690071106
    ],
    "mae": [
        0.3887791633605957,
        0.18134480714797974,
        0.1462067812681198,
        0.12524354457855225,
        0.10682014375925064,
        0.093543641269207,
        0.08323253691196442,
        0.07952147722244263,
        0.07534153014421463,
        0.0712646022439003
    ],
    "val_mae": [
        0.1057787835597992,
        0.22005489468574524,
        0.17653508484363556,
        0.14358995854854584,
        0.15222305059432983,
        0.15512309968471527,
        0.1375943422317505,
        0.14049844443798065,
        0.11366116255521774,
        0.1512807160615921
    ],
    "r2_metric": [
        -61.60173797607422,
        -62.95286178588867,
        -62.87345504760742,
        -62.85935592651367,
        -62.890628814697266,
        -62.88844299316406,
        -62.896995544433594,
        -62.91193389892578,
        -62.90986633300781,
        -62.914306640625
    ],
    "val_r2_metric": [
        -60.6113395690918,
        -57.99173355102539,
        -57.77803039550781,
        -58.504066467285156,
        -58.19554138183594,
        -58.20198440551758,
        -58.632965087890625,
        -58.36826705932617,
        -59.05221939086914,
        -58.120296478271484
    ]
}