{
    "loss": [
        0.5083898901939392,
        0.06868473440408707,
        0.04868900775909424,
        0.03571876883506775,
        0.027873098850250244,
        0.021568404510617256,
        0.01692034862935543,
        0.013558905571699142,
        0.011139658279716969,
        0.009220076724886894
    ],
    "val_loss": [
        0.02941487357020378,
        0.025925764814019203,
        0.021864337846636772,
        0.009537886828184128,
        0.006402414292097092,
        0.0069810147397220135,
        0.011837411671876907,
        0.003568098647519946,
        0.003366644261404872,
        0.014313941821455956
    ],
    "mae": [
        0.39891085028648376,
        0.1821899116039276,
        0.15103353559970856,
        0.12832318246364594,
        0.11317551136016846,
        0.0979652926325798,
        0.08587640523910522,
        0.07579109072685242,
        0.06762133538722992,
        0.060105979442596436
    ],
    "val_mae": [
        0.12709517776966095,
        0.11383530497550964,
        0.11305276304483414,
        0.06278308480978012,
        0.05150937661528587,
        0.049021441489458084,
        0.06311945617198944,
        0.03571131452918053,
        0.03544735163450241,
        0.06359861046075821
    ],
    "r2_metric": [
        -61.6498908996582,
        -62.960330963134766,
        -62.90718078613281,
        -62.858131408691406,
        -62.8621711730957,
        -62.89083480834961,
        -62.893489837646484,
        -62.906097412109375,
        -62.90825653076172,
        -62.914947509765625
    ],
    "val_r2_metric": [
        -60.325836181640625,
        -59.99951934814453,
        -60.5728874206543,
        -61.27579879760742,
        -63.8394775390625,
        -61.593441009521484,
        -61.00433349609375,
        -62.213134765625,
        -62.4319953918457,
        -60.79505157470703
    ]
}