{
    "loss": [
        0.7272944450378418,
        0.09845751523971558,
        0.07342648506164551,
        0.05900353193283081,
        0.04847744479775429,
        0.039787426590919495,
        0.03388456627726555,
        0.027702495455741882,
        0.024733923375606537,
        0.022366130724549294
    ],
    "val_loss": [
        0.021014191210269928,
        0.01507494691759348,
        0.035564251244068146,
        0.034149181097745895,
        0.036129243671894073,
        0.03152993693947792,
        0.02649465762078762,
        0.02203988842666149,
        0.035260822623968124,
        0.018697215244174004
    ],
    "mae": [
        0.5132735371589661,
        0.2228289097547531,
        0.1892167031764984,
        0.16764259338378906,
        0.15075860917568207,
        0.1354924589395523,
        0.12450382113456726,
        0.11101937294006348,
        0.10506565868854523,
        0.0997273176908493
    ],
    "val_mae": [
        0.10258158296346664,
        0.08696018904447556,
        0.13690368831157684,
        0.13396529853343964,
        0.12613797187805176,
        0.1133422777056694,
        0.10566363483667374,
        0.09519079327583313,
        0.12217824161052704,
        0.08722996711730957
    ],
    "r2_metric": [
        -60.46591567993164,
        -62.96977233886719,
        -62.93832778930664,
        -62.9150390625,
        -62.87664794921875,
        -62.84886169433594,
        -62.84136199951172,
        -62.86463165283203,
        -62.87432861328125,
        -62.8687629699707
    ],
    "val_r2_metric": [
        -62.93547439575195,
        -61.70915603637695,
        -59.65593719482422,
        -59.69779586791992,
        -59.59303665161133,
        -59.511940002441406,
        -59.83955383300781,
        -59.99593734741211,
        -59.4034309387207,
        -60.257198333740234
    ]
}