{
    "loss": [
        0.7648698091506958,
        0.0998801663517952,
        0.07448721677064896,
        0.06094291806221008,
        0.04966656118631363,
        0.04249473661184311,
        0.03590524196624756,
        0.030911261215806007,
        0.02621896006166935,
        0.02181284688413143
    ],
    "val_loss": [
        0.019775623455643654,
        0.0573122575879097,
        0.017603205516934395,
        0.014206618070602417,
        0.031908873468637466,
        0.020903833210468292,
        0.026360584422945976,
        0.03212197497487068,
        0.017329653725028038,
        0.01691371202468872
    ],
    "mae": [
        0.5213025808334351,
        0.2262783944606781,
        0.19239062070846558,
        0.17264686524868011,
        0.15421688556671143,
        0.14138466119766235,
        0.13078291714191437,
        0.12051771581172943,
        0.10927540063858032,
        0.09818535298109055
    ],
    "val_mae": [
        0.08943185955286026,
        0.1868644654750824,
        0.09048967808485031,
        0.08252532035112381,
        0.12108256667852402,
        0.10132207721471786,
        0.1170673742890358,
        0.12334147840738297,
        0.08345328271389008,
        0.07670969516038895
    ],
    "r2_metric": [
        -60.445953369140625,
        -62.925411224365234,
        -62.921531677246094,
        -62.905921936035156,
        -62.88106155395508,
        -62.81719970703125,
        -62.828643798828125,
        -62.848873138427734,
        -62.8585205078125,
        -62.87666702270508
    ],
    "val_r2_metric": [
        -61.518733978271484,
        -59.5479736328125,
        -60.619991302490234,
        -60.880008697509766,
        -59.782711029052734,
        -60.124935150146484,
        -59.92436599731445,
        -59.44951248168945,
        -60.685359954833984,
        -60.48988723754883
    ]
}