{
    "loss": [
        0.3947006165981293,
        0.0636262521147728,
        0.04081335291266441,
        0.028484605252742767,
        0.02064429223537445,
        0.015879636630415916,
        0.01256562490016222,
        0.010188606567680836,
        0.00824473612010479,
        0.006899018306285143
    ],
    "val_loss": [
        0.009042742662131786,
        0.01347324252128601,
        0.012151614762842655,
        0.004593399353325367,
        0.006581075023859739,
        0.002483359770849347,
        0.0035478631034493446,
        0.003494994482025504,
        0.0016173598123714328,
        0.007428801152855158
    ],
    "mae": [
        0.35965120792388916,
        0.17551545798778534,
        0.13813428580760956,
        0.11464795470237732,
        0.09685193002223969,
        0.08416183292865753,
        0.07396773993968964,
        0.06572826206684113,
        0.05693057179450989,
        0.05011805519461632
    ],
    "val_mae": [
        0.060776080936193466,
        0.08201837539672852,
        0.07627009600400925,
        0.04403788596391678,
        0.04931558296084404,
        0.024611053988337517,
        0.030784577131271362,
        0.0297983530908823,
        0.01392611488699913,
        0.04573306068778038
    ],
    "r2_metric": [
        -61.77494430541992,
        -62.910308837890625,
        -62.86320877075195,
        -62.858848571777344,
        -62.89109420776367,
        -62.9002799987793,
        -62.914283752441406,
        -62.92365264892578,
        -62.93192672729492,
        -62.943294525146484
    ],
    "val_r2_metric": [
        -62.30801010131836,
        -60.63636016845703,
        -61.61102294921875,
        -62.02356719970703,
        -61.4868049621582,
        -62.52153778076172,
        -62.056697845458984,
        -62.032466888427734,
        -62.763362884521484,
        -61.461181640625
    ]
}