{
    "loss": [
        0.4801068603992462,
        0.07295536249876022,
        0.05022093281149864,
        0.03650134056806564,
        0.027514740824699402,
        0.022097187116742134,
        0.01798333413898945,
        0.015088850632309914,
        0.012588168494403362,
        0.010487671010196209
    ],
    "val_loss": [
        0.018781857565045357,
        0.013142908923327923,
        0.010803554207086563,
        0.006608836352825165,
        0.004726741928607225,
        0.0034623611718416214,
        0.009709118865430355,
        0.0050720833241939545,
        0.005861847661435604,
        0.002431493019685149
    ],
    "mae": [
        0.3896271884441376,
        0.18797358870506287,
        0.15275122225284576,
        0.12879659235477448,
        0.11050914227962494,
        0.09836923331022263,
        0.08797118812799454,
        0.07908876240253448,
        0.07063288986682892,
        0.06325800716876984
    ],
    "val_mae": [
        0.09924439340829849,
        0.07609231024980545,
        0.0640476793050766,
        0.048550330102443695,
        0.03791144862771034,
        0.03375568985939026,
        0.06048548221588135,
        0.04078365117311478,
        0.044623758643865585,
        0.02251112461090088
    ],
    "r2_metric": [
        -61.56595230102539,
        -62.93526840209961,
        -62.87069320678711,
        -62.84520721435547,
        -62.87818145751953,
        -62.88296127319336,
        -62.897438049316406,
        -62.90243148803711,
        -62.91489028930664,
        -62.915672302246094
    ],
    "val_r2_metric": [
        -61.25517272949219,
        -61.44721221923828,
        -61.35501480102539,
        -61.742557525634766,
        -62.12334442138672,
        -63.11083984375,
        -61.15998077392578,
        -61.74689483642578,
        -61.604061126708984,
        -62.43492889404297
    ]
}