{
    "loss": [
        0.7368481159210205,
        0.09393857419490814,
        0.07039292901754379,
        0.0552959069609642,
        0.04437697306275368,
        0.03679824247956276,
        0.030325917527079582,
        0.02552059106528759,
        0.021688995882868767,
        0.019032834097743034
    ],
    "val_loss": [
        0.02174568362534046,
        0.01695913076400757,
        0.01612555980682373,
        0.009560742415487766,
        0.018864979967474937,
        0.006544426549226046,
        0.009642675518989563,
        0.005747954826802015,
        0.004823134280741215,
        0.004484735894948244
    ],
    "mae": [
        0.4911988377571106,
        0.216859370470047,
        0.18413187563419342,
        0.1605529636144638,
        0.14223642647266388,
        0.12938526272773743,
        0.11620520800352097,
        0.1057109385728836,
        0.09675224125385284,
        0.08975417912006378
    ],
    "val_mae": [
        0.10027775913476944,
        0.0872294083237648,
        0.08576583117246628,
        0.05836016684770584,
        0.09905189275741577,
        0.04793228954076767,
        0.06628043949604034,
        0.04002920165657997,
        0.036426376551389694,
        0.03878244757652283
    ],
    "r2_metric": [
        -61.215972900390625,
        -62.99667739868164,
        -62.957950592041016,
        -62.921295166015625,
        -62.89033126831055,
        -62.86687088012695,
        -62.88018035888672,
        -62.885955810546875,
        -62.8996467590332,
        -62.90993881225586
    ],
    "val_r2_metric": [
        -60.9130744934082,
        -61.01311492919922,
        -61.3206787109375,
        -61.5466194152832,
        -60.26136779785156,
        -61.91781234741211,
        -61.39826202392578,
        -61.99363708496094,
        -62.2392578125,
        -62.720272064208984
    ]
}