{
    "loss": [
        2.366208076477051,
        0.2237515151500702,
        0.15766361355781555,
        0.12625016272068024,
        0.11468533426523209,
        0.10170087218284607,
        0.09424294531345367,
        0.0847124457359314,
        0.07831253111362457,
        0.07073290646076202
    ],
    "val_loss": [
        0.1445896178483963,
        0.04991300031542778,
        0.043497972190380096,
        0.04829242452979088,
        0.028934745118021965,
        0.024632876738905907,
        0.020559877157211304,
        0.046161770820617676,
        0.033298641443252563,
        0.039843980222940445
    ],
    "mae": [
        1.075697422027588,
        0.35487332940101624,
        0.28865358233451843,
        0.2549976408481598,
        0.23965555429458618,
        0.22546976804733276,
        0.21656695008277893,
        0.20450346171855927,
        0.19561390578746796,
        0.1857103854417801
    ],
    "val_mae": [
        0.27408137917518616,
        0.15214204788208008,
        0.14457885921001434,
        0.1636987179517746,
        0.11165236681699753,
        0.09795501828193665,
        0.0850929468870163,
        0.16237512230873108,
        0.1267477124929428,
        0.146230086684227
    ],
    "r2_metric": [
        -56.62171173095703,
        -62.30582809448242,
        -62.76554870605469,
        -62.92299270629883,
        -62.94352722167969,
        -62.957679748535156,
        -62.926116943359375,
        -62.93062973022461,
        -62.90090560913086,
        -62.85838317871094
    ],
    "val_r2_metric": [
        -61.81641387939453,
        -61.525901794433594,
        -61.98217010498047,
        -60.45357894897461,
        -61.189613342285156,
        -60.913326263427734,
        -62.78700256347656,
        -60.07158660888672,
        -60.563297271728516,
        -59.96893310546875
    ]
}