{
    "loss": [
        0.5507962703704834,
        0.07997216284275055,
        0.05601387098431587,
        0.04168606922030449,
        0.03264840692281723,
        0.025340130552649498,
        0.02061299979686737,
        0.01681833527982235,
        0.014282464049756527,
        0.011909793131053448
    ],
    "val_loss": [
        0.010373244993388653,
        0.008265706710517406,
        0.010066376067698002,
        0.0176220815628767,
        0.004558822140097618,
        0.0058821216225624084,
        0.007768027950078249,
        0.0037252705078572035,
        0.0036949103232473135,
        0.0025372670497745275
    ],
    "mae": [
        0.42500045895576477,
        0.19902418553829193,
        0.16292066872119904,
        0.13859349489212036,
        0.12097089737653732,
        0.10608608275651932,
        0.09502984583377838,
        0.0864250585436821,
        0.07885891199111938,
        0.0701235830783844
    ],
    "val_mae": [
        0.063694067299366,
        0.05305451527237892,
        0.06579168885946274,
        0.09814482927322388,
        0.03770401328802109,
        0.04459654912352562,
        0.051775529980659485,
        0.031559307128190994,
        0.03236333280801773,
        0.019815580919384956
    ],
    "r2_metric": [
        -61.37017059326172,
        -62.953285217285156,
        -62.907806396484375,
        -62.85781478881836,
        -62.842525482177734,
        -62.868507385253906,
        -62.87095642089844,
        -62.88858413696289,
        -62.89345932006836,
        -62.89912414550781
    ],
    "val_r2_metric": [
        -62.83339309692383,
        -61.93360137939453,
        -62.50693130493164,
        -61.13936233520508,
        -62.69799041748047,
        -62.3239860534668,
        -61.543582916259766,
        -62.30026626586914,
        -62.34375,
        -62.65589904785156
    ]
}