{
    "loss": [
        0.4409811794757843,
        0.06484515964984894,
        0.04382990300655365,
        0.03220658376812935,
        0.024238156154751778,
        0.019119175150990486,
        0.014665265567600727,
        0.012913903221487999,
        0.011623747646808624,
        0.010399270802736282
    ],
    "val_loss": [
        0.01788933575153351,
        0.05724319815635681,
        0.08179807662963867,
        0.053222499787807465,
        0.06800519675016403,
        0.043733708560466766,
        0.04740922152996063,
        0.051702018827199936,
        0.06903707981109619,
        0.053236059844493866
    ],
    "mae": [
        0.37722495198249817,
        0.17821885645389557,
        0.14369089901447296,
        0.12190663069486618,
        0.10415034741163254,
        0.09202326089143753,
        0.07996534556150436,
        0.07468198239803314,
        0.07079242914915085,
        0.06655609607696533
    ],
    "val_mae": [
        0.09379758685827255,
        0.17564444243907928,
        0.19669023156166077,
        0.15062938630580902,
        0.16381914913654327,
        0.120701365172863,
        0.12394049763679504,
        0.1247597336769104,
        0.15349091589450836,
        0.1292925328016281
    ],
    "r2_metric": [
        -61.60213088989258,
        -62.935150146484375,
        -62.86955642700195,
        -62.84542465209961,
        -62.87451934814453,
        -62.895103454589844,
        -62.90357971191406,
        -62.90798568725586,
        -62.92121124267578,
        -62.91802978515625
    ],
    "val_r2_metric": [
        -60.981834411621094,
        -58.61948776245117,
        -57.36878204345703,
        -58.34016799926758,
        -57.823394775390625,
        -58.93907928466797,
        -58.8133659362793,
        -58.698280334472656,
        -57.97024917602539,
        -58.55228042602539
    ]
}