{
    "loss": [
        0.9408494234085083,
        0.11236248910427094,
        0.08844049274921417,
        0.07328550517559052,
        0.06013048440217972,
        0.05105626583099365,
        0.043029364198446274,
        0.03695511445403099,
        0.03245004639029503,
        0.029105816036462784
    ],
    "val_loss": [
        0.021994665265083313,
        0.01884966902434826,
        0.011032098904252052,
        0.012834427878260612,
        0.022404195740818977,
        0.009001138620078564,
        0.018949801102280617,
        0.01104465126991272,
        0.01208643987774849,
        0.00472512561827898
    ],
    "mae": [
        0.5822439193725586,
        0.2400079220533371,
        0.20974090695381165,
        0.1901407241821289,
        0.17114795744419098,
        0.15724635124206543,
        0.14432278275489807,
        0.1333179771900177,
        0.12523674964904785,
        0.11735879629850388
    ],
    "val_mae": [
        0.10268548130989075,
        0.09558351337909698,
        0.06357348710298538,
        0.07382850348949432,
        0.11536436527967453,
        0.05478082224726677,
        0.09287385642528534,
        0.06840113550424576,
        0.07678709924221039,
        0.03713497519493103
    ],
    "r2_metric": [
        -60.47544860839844,
        -62.942867279052734,
        -62.92509460449219,
        -62.913780212402344,
        -62.88720703125,
        -62.83494567871094,
        -62.83972930908203,
        -62.834110260009766,
        -62.82880783081055,
        -62.8359260559082
    ],
    "val_r2_metric": [
        -62.06206512451172,
        -61.562713623046875,
        -61.954097747802734,
        -61.74140930175781,
        -60.844505310058594,
        -61.980735778808594,
        -60.6207275390625,
        -61.0974006652832,
        -60.92981719970703,
        -62.473907470703125
    ]
}