{
    "loss": [
        1.5918114185333252,
        0.15023833513259888,
        0.11068091541528702,
        0.09652148932218552,
        0.08257168531417847,
        0.07549305260181427,
        0.06751982122659683,
        0.06280898302793503,
        0.056819092482328415,
        0.05087665840983391
    ],
    "val_loss": [
        0.0629141628742218,
        0.02525559440255165,
        0.02415558136999607,
        0.01608673855662346,
        0.02019074559211731,
        0.025961680337786674,
        0.017851827666163445,
        0.03272468224167824,
        0.022189602255821228,
        0.018125195056200027
    ],
    "mae": [
        0.8160991668701172,
        0.28124698996543884,
        0.2359871119260788,
        0.21927815675735474,
        0.20176582038402557,
        0.19099147617816925,
        0.18052975833415985,
        0.17372627556324005,
        0.16350552439689636,
        0.15347430109977722
    ],
    "val_mae": [
        0.17658963799476624,
        0.09662055969238281,
        0.09824191778898239,
        0.07143772393465042,
        0.08835861086845398,
        0.11216968297958374,
        0.08607643097639084,
        0.13404040038585663,
        0.10236512869596481,
        0.0889969989657402
    ],
    "r2_metric": [
        -58.78398895263672,
        -62.830787658691406,
        -62.975704193115234,
        -62.98874282836914,
        -62.969505310058594,
        -62.95426940917969,
        -62.97066879272461,
        -62.96005630493164,
        -62.93388748168945,
        -62.91483688354492
    ],
    "val_r2_metric": [
        -62.40380096435547,
        -61.42009353637695,
        -61.470298767089844,
        -62.07274627685547,
        -61.16328048706055,
        -61.42801284790039,
        -60.975948333740234,
        -60.80686569213867,
        -60.712825775146484,
        -60.967899322509766
    ]
}