{
    "loss": [
        0.6453914642333984,
        0.09191529452800751,
        0.06845294684171677,
        0.05337480455636978,
        0.04248201847076416,
        0.03468264266848564,
        0.028959212824702263,
        0.02451479248702526,
        0.020999034866690636,
        0.01810481585562229
    ],
    "val_loss": [
        0.012082898989319801,
        0.05832970142364502,
        0.013901904225349426,
        0.02843221090734005,
        0.012914854101836681,
        0.006036487873643637,
        0.004818327724933624,
        0.004387761000543833,
        0.009805317968130112,
        0.002960511948913336
    ],
    "mae": [
        0.45916253328323364,
        0.21344654262065887,
        0.18183940649032593,
        0.15968136489391327,
        0.1416974514722824,
        0.12853892147541046,
        0.1169155016541481,
        0.10692225396633148,
        0.09782029688358307,
        0.09003749489784241
    ],
    "val_mae": [
        0.0641341507434845,
        0.20724759995937347,
        0.07792291790246964,
        0.12406232953071594,
        0.08033031225204468,
        0.047369685024023056,
        0.04153569042682648,
        0.035355038940906525,
        0.05979344993829727,
        0.023318881168961525
    ],
    "r2_metric": [
        -61.12358856201172,
        -63.02253341674805,
        -62.944580078125,
        -62.89676284790039,
        -62.85403060913086,
        -62.83971405029297,
        -62.85873031616211,
        -62.872802734375,
        -62.90688705444336,
        -62.905303955078125
    ],
    "val_r2_metric": [
        -62.34677505493164,
        -60.65573501586914,
        -62.13646697998047,
        -60.04623031616211,
        -61.81108474731445,
        -62.74968719482422,
        -62.52092742919922,
        -62.58420181274414,
        -61.24896240234375,
        -62.62001037597656
    ]
}