{
    "loss": [
        0.8339324593544006,
        0.1041916012763977,
        0.07615421712398529,
        0.06209924817085266,
        0.050896402448415756,
        0.042299143970012665,
        0.03564992547035217,
        0.030661923810839653,
        0.026333490386605263,
        0.022752586752176285
    ],
    "val_loss": [
        0.01689770817756653,
        0.00926588848233223,
        0.020015684887766838,
        0.012835167348384857,
        0.00770654296502471,
        0.007783136330544949,
        0.007421079557389021,
        0.005677979439496994,
        0.006830274127423763,
        0.008490191772580147
    ],
    "mae": [
        0.543878972530365,
        0.22926756739616394,
        0.19327367842197418,
        0.17302606999874115,
        0.1554863005876541,
        0.1417340487241745,
        0.13043290376663208,
        0.12023912370204926,
        0.11003535240888596,
        0.1006677970290184
    ],
    "val_mae": [
        0.08590790629386902,
        0.056269098073244095,
        0.09877187013626099,
        0.07538610696792603,
        0.04736831784248352,
        0.05366314947605133,
        0.05660761892795563,
        0.042864877730607986,
        0.05457864701747894,
        0.05652753636240959
    ],
    "r2_metric": [
        -60.75844955444336,
        -62.95429229736328,
        -62.965087890625,
        -62.90350341796875,
        -62.85708999633789,
        -62.820953369140625,
        -62.802276611328125,
        -62.82362747192383,
        -62.8382682800293,
        -62.85674285888672
    ],
    "val_r2_metric": [
        -63.06532669067383,
        -62.405853271484375,
        -60.84510040283203,
        -61.4801139831543,
        -62.87367630004883,
        -61.7489128112793,
        -63.02519607543945,
        -62.16924285888672,
        -61.78823471069336,
        -61.3317756652832
    ]
}