{
    "loss": [
        5.292109966278076,
        0.7651501297950745,
        0.37737226486206055,
        0.2731967866420746,
        0.21850048005580902,
        0.19318774342536926,
        0.18741406500339508,
        0.16153807938098907,
        0.14913617074489594,
        0.14371010661125183
    ],
    "val_loss": [
        1.0207531452178955,
        0.25945085287094116,
        0.14061270654201508,
        0.08911246806383133,
        0.08372045308351517,
        0.0674930065870285,
        0.08211302012205124,
        0.050385039299726486,
        0.07515379041433334,
        0.05940181761980057
    ],
    "mae": [
        1.8312246799468994,
        0.6868997812271118,
        0.46941834688186646,
        0.3956335484981537,
        0.3516435921192169,
        0.32651081681251526,
        0.3176434338092804,
        0.2952873706817627,
        0.28296855092048645,
        0.2765788733959198
    ],
    "val_mae": [
        0.7815186977386475,
        0.3726222813129425,
        0.27041298151016235,
        0.21009992063045502,
        0.20962212979793549,
        0.18017154932022095,
        0.22396260499954224,
        0.1428503841161728,
        0.2141554057598114,
        0.17752867937088013
    ],
    "r2_metric": [
        -53.17790603637695,
        -58.454097747802734,
        -61.67194366455078,
        -62.24138641357422,
        -62.331119537353516,
        -62.41593551635742,
        -62.55281448364258,
        -62.51399230957031,
        -62.571861267089844,
        -62.61147689819336
    ],
    "val_r2_metric": [
        -57.10999298095703,
        -63.66543960571289,
        -63.97296905517578,
        -61.779293060302734,
        -61.318016052246094,
        -62.09785842895508,
        -61.62397766113281,
        -61.378639221191406,
        -61.117671966552734,
        -61.36560821533203
    ]
}