{
    "loss": [
        1.5235393047332764,
        0.1447100043296814,
        0.10775195062160492,
        0.09406761080026627,
        0.08327824622392654,
        0.07447990775108337,
        0.06561814248561859,
        0.06158028170466423,
        0.05351094529032707,
        0.04981628432869911
    ],
    "val_loss": [
        0.057838257402181625,
        0.029107965528964996,
        0.015683762729167938,
        0.018157878890633583,
        0.034910898655653,
        0.012037994340062141,
        0.03292834013700485,
        0.012141341343522072,
        0.020197417587041855,
        0.026945313438773155
    ],
    "mae": [
        0.7863816618919373,
        0.2804073691368103,
        0.2358831763267517,
        0.21783335506916046,
        0.2034941464662552,
        0.19155104458332062,
        0.1786651909351349,
        0.1731499880552292,
        0.16075237095355988,
        0.1544666290283203
    ],
    "val_mae": [
        0.17494890093803406,
        0.11656145751476288,
        0.06940839439630508,
        0.08424889296293259,
        0.1460074782371521,
        0.06238057464361191,
        0.13309092819690704,
        0.06831904500722885,
        0.1018199548125267,
        0.11943002045154572
    ],
    "r2_metric": [
        -59.457969665527344,
        -62.79069137573242,
        -62.926570892333984,
        -62.9100227355957,
        -62.900062561035156,
        -62.887977600097656,
        -62.8886604309082,
        -62.866485595703125,
        -62.84767150878906,
        -62.818260192871094
    ],
    "val_r2_metric": [
        -62.7978630065918,
        -61.601715087890625,
        -62.742889404296875,
        -61.77685546875,
        -60.870819091796875,
        -61.87992477416992,
        -60.20152282714844,
        -61.99611282348633,
        -60.65520095825195,
        -60.02191925048828
    ]
}