{
    "loss": [
        0.45825260877609253,
        0.06868690997362137,
        0.04700852930545807,
        0.033020224422216415,
        0.02437959611415863,
        0.019641904160380363,
        0.01652456820011139,
        0.013616533018648624,
        0.010982409119606018,
        0.009000085294246674
    ],
    "val_loss": [
        0.009060647338628769,
        0.007217778824269772,
        0.009601202793419361,
        0.007480093277990818,
        0.004491292405873537,
        0.0031898573506623507,
        0.0038822805508971214,
        0.003311981214210391,
        0.002355732023715973,
        0.002816511318087578
    ],
    "mae": [
        0.38404086232185364,
        0.18427233397960663,
        0.15001384913921356,
        0.12455541640520096,
        0.10544747859239578,
        0.0943443700671196,
        0.0861278772354126,
        0.07679245620965958,
        0.06741800159215927,
        0.05870671197772026
    ],
    "val_mae": [
        0.060652684420347214,
        0.051500800997018814,
        0.06613299995660782,
        0.05696782097220421,
        0.03897040709853172,
        0.031264957040548325,
        0.03732939437031746,
        0.036724984645843506,
        0.021034816280007362,
        0.023304270580410957
    ],
    "r2_metric": [
        -61.7757682800293,
        -62.933685302734375,
        -62.851497650146484,
        -62.83299255371094,
        -62.868263244628906,
        -62.884490966796875,
        -62.89379119873047,
        -62.90102767944336,
        -62.914649963378906,
        -62.922794342041016
    ],
    "val_r2_metric": [
        -62.61914825439453,
        -62.32154846191406,
        -61.38678741455078,
        -61.662662506103516,
        -62.129703521728516,
        -62.825477600097656,
        -62.00163650512695,
        -63.12964630126953,
        -62.5211181640625,
        -62.28801345825195
    ]
}