{
    "loss": [
        2.620959520339966,
        0.25077909231185913,
        0.17369791865348816,
        0.14229904115200043,
        0.11842746287584305,
        0.10686291754245758,
        0.0994846373796463,
        0.09439243376255035,
        0.0816774070262909,
        0.07996748387813568
    ],
    "val_loss": [
        0.16553977131843567,
        0.05506764352321625,
        0.03729887306690216,
        0.0251745767891407,
        0.025140611454844475,
        0.020912880077958107,
        0.01738896407186985,
        0.022885028272867203,
        0.022805580869317055,
        0.03786797448992729
    ],
    "mae": [
        1.119372844696045,
        0.37361326813697815,
        0.3059130907058716,
        0.2717711329460144,
        0.24704605340957642,
        0.23338685929775238,
        0.22465486824512482,
        0.2184411883354187,
        0.20198360085487366,
        0.19934627413749695
    ],
    "val_mae": [
        0.29398107528686523,
        0.16137386858463287,
        0.1316116750240326,
        0.09835448861122131,
        0.0969686433672905,
        0.0840596929192543,
        0.07250993698835373,
        0.09816064685583115,
        0.09761805832386017,
        0.14767085015773773
    ],
    "r2_metric": [
        -57.431854248046875,
        -62.30472946166992,
        -62.75868225097656,
        -62.85835266113281,
        -62.91515350341797,
        -62.89183807373047,
        -62.90447998046875,
        -62.93547439575195,
        -62.885581970214844,
        -62.87021255493164
    ],
    "val_r2_metric": [
        -61.38848876953125,
        -63.709228515625,
        -64.30166625976562,
        -63.729000091552734,
        -61.64211654663086,
        -63.77723693847656,
        -62.96947479248047,
        -62.61109924316406,
        -62.42533874511719,
        -62.15974044799805
    ]
}