{
    "loss": [
        5.0015950202941895,
        0.7667847275733948,
        0.34700077772140503,
        0.23900295794010162,
        0.2045605480670929,
        0.17745067179203033,
        0.15895092487335205,
        0.14619974792003632,
        0.13424113392829895,
        0.1284828931093216
    ],
    "val_loss": [
        1.0492256879806519,
        0.28579339385032654,
        0.12364578247070312,
        0.08919630944728851,
        0.07196342945098877,
        0.05738310143351555,
        0.05339597910642624,
        0.05346381291747093,
        0.07573436200618744,
        0.04111647605895996
    ],
    "mae": [
        1.7857694625854492,
        0.6979362964630127,
        0.452534943819046,
        0.3673635423183441,
        0.3339788317680359,
        0.31118130683898926,
        0.2939918637275696,
        0.2803212106227875,
        0.2686080038547516,
        0.2590579390525818
    ],
    "val_mae": [
        0.8155525922775269,
        0.39894989132881165,
        0.23673923313617706,
        0.21091921627521515,
        0.18164677917957306,
        0.1532069891691208,
        0.14823418855667114,
        0.15175095200538635,
        0.20482505857944489,
        0.12250371277332306
    ],
    "r2_metric": [
        -51.22730255126953,
        -57.43663024902344,
        -61.137943267822266,
        -62.1241569519043,
        -62.44534683227539,
        -62.527923583984375,
        -62.6872444152832,
        -62.756961822509766,
        -62.80356216430664,
        -62.853614807128906
    ],
    "val_r2_metric": [
        -53.547752380371094,
        -60.434993743896484,
        -63.46017837524414,
        -60.62880325317383,
        -61.3084602355957,
        -61.40921401977539,
        -60.952327728271484,
        -61.93773651123047,
        -60.291893005371094,
        -61.75448226928711
    ]
}