{
    "loss": [
        0.9306625723838806,
        0.1105673685669899,
        0.0850377157330513,
        0.06925124675035477,
        0.05832647532224655,
        0.04943740740418434,
        0.042629268020391464,
        0.037025440484285355,
        0.03289684280753136,
        0.028513727709650993
    ],
    "val_loss": [
        0.019720589742064476,
        0.04734497889876366,
        0.048319000750780106,
        0.02768785133957863,
        0.014396514743566513,
        0.015392264351248741,
        0.022963369265198708,
        0.016274364665150642,
        0.03413081169128418,
        0.006089401431381702
    ],
    "mae": [
        0.585966944694519,
        0.23775619268417358,
        0.2056901901960373,
        0.1841341108083725,
        0.16810113191604614,
        0.15271957218647003,
        0.1418982446193695,
        0.13215132057666779,
        0.12411224097013474,
        0.1145600825548172
    ],
    "val_mae": [
        0.08609692007303238,
        0.16518579423427582,
        0.1763375699520111,
        0.12011733651161194,
        0.08315638452768326,
        0.07816474884748459,
        0.10198143869638443,
        0.08807012438774109,
        0.13410305976867676,
        0.04455188289284706
    ],
    "r2_metric": [
        -59.86992263793945,
        -62.931148529052734,
        -62.94908905029297,
        -62.93119430541992,
        -62.8962516784668,
        -62.8627815246582,
        -62.8535041809082,
        -62.83470153808594,
        -62.84149932861328,
        -62.859344482421875
    ],
    "val_r2_metric": [
        -62.98311996459961,
        -59.2785758972168,
        -59.98511505126953,
        -60.298343658447266,
        -60.80794906616211,
        -60.92729187011719,
        -60.14730453491211,
        -60.35990524291992,
        -59.58004379272461,
        -62.14242935180664
    ]
}