{
    "loss": [
        2.184966802597046,
        0.19676890969276428,
        0.13848420977592468,
        0.11386223137378693,
        0.101237952709198,
        0.09433902055025101,
        0.08381003886461258,
        0.07994693517684937,
        0.0727359727025032,
        0.06826290488243103
    ],
    "val_loss": [
        0.12493474781513214,
        0.07532545179128647,
        0.03339410573244095,
        0.03699946403503418,
        0.04409974068403244,
        0.05392314866185188,
        0.03727705404162407,
        0.029243024066090584,
        0.02736513875424862,
        0.07856390625238419
    ],
    "mae": [
        1.0113768577575684,
        0.3310735821723938,
        0.2677178978919983,
        0.23977552354335785,
        0.2257402390241623,
        0.2168874591588974,
        0.20447175204753876,
        0.19725295901298523,
        0.1894971877336502,
        0.18283596634864807
    ],
    "val_mae": [
        0.2478322833776474,
        0.21092921495437622,
        0.12161098420619965,
        0.13291940093040466,
        0.15020149946212769,
        0.17175425589084625,
        0.14302334189414978,
        0.12112652510404587,
        0.11635087430477142,
        0.2308916598558426
    ],
    "r2_metric": [
        -57.66707229614258,
        -62.51982498168945,
        -62.810791015625,
        -62.902488708496094,
        -62.960533142089844,
        -62.9171142578125,
        -62.88017654418945,
        -62.92702865600586,
        -62.92438888549805,
        -62.904178619384766
    ],
    "val_r2_metric": [
        -62.87701416015625,
        -60.521034240722656,
        -60.14830780029297,
        -59.938777923583984,
        -60.07865524291992,
        -59.31581497192383,
        -60.592857360839844,
        -61.06020736694336,
        -60.086544036865234,
        -59.37091064453125
    ]
}