{
    "loss": [
        0.7729142308235168,
        0.10089603066444397,
        0.0757024884223938,
        0.06035180762410164,
        0.04844062030315399,
        0.03999004140496254,
        0.0341186486184597,
        0.028660913929343224,
        0.02443814091384411,
        0.020703764632344246
    ],
    "val_loss": [
        0.034267112612724304,
        0.02062235400080681,
        0.025224676355719566,
        0.02128041721880436,
        0.010916491039097309,
        0.012935882434248924,
        0.01496828068047762,
        0.015368688851594925,
        0.011755761690437794,
        0.014858466573059559
    ],
    "mae": [
        0.5201370716094971,
        0.22560782730579376,
        0.1923663169145584,
        0.17008325457572937,
        0.15137262642383575,
        0.13734132051467896,
        0.12628747522830963,
        0.11512985080480576,
        0.10559522360563278,
        0.09706158190965652
    ],
    "val_mae": [
        0.13928748667240143,
        0.10390565544366837,
        0.11594400554895401,
        0.10375001281499863,
        0.07503494620323181,
        0.0775565579533577,
        0.08304709941148758,
        0.08213211596012115,
        0.06479398161172867,
        0.07931416481733322
    ],
    "r2_metric": [
        -60.566707611083984,
        -62.96689987182617,
        -62.94009780883789,
        -62.92939758300781,
        -62.8974494934082,
        -62.847843170166016,
        -62.8679313659668,
        -62.86752700805664,
        -62.882171630859375,
        -62.893455505371094
    ],
    "val_r2_metric": [
        -61.08235168457031,
        -61.32085037231445,
        -60.46035385131836,
        -60.473670959472656,
        -62.24416732788086,
        -61.15922164916992,
        -60.53904724121094,
        -60.55270767211914,
        -61.18964767456055,
        -60.70752716064453
    ]
}