{
    "loss": [
        0.541258692741394,
        0.07823139429092407,
        0.05307936668395996,
        0.039188191294670105,
        0.03031185083091259,
        0.024284614250063896,
        0.01957775093615055,
        0.016526643186807632,
        0.014124290086328983,
        0.011768587864935398
    ],
    "val_loss": [
        0.015419691801071167,
        0.01572335697710514,
        0.012738358229398727,
        0.011747625656425953,
        0.005496907979249954,
        0.015057846903800964,
        0.005551591515541077,
        0.005172247067093849,
        0.005575484596192837,
        0.0030011197086423635
    ],
    "mae": [
        0.4183173179626465,
        0.1952820122241974,
        0.15772654116153717,
        0.134852796792984,
        0.1185663491487503,
        0.10446446388959885,
        0.09285274147987366,
        0.08464690297842026,
        0.07784032076597214,
        0.07046017795801163
    ],
    "val_mae": [
        0.08659683912992477,
        0.08667904883623123,
        0.07950294017791748,
        0.07155308127403259,
        0.04577665776014328,
        0.0746663361787796,
        0.04186299070715904,
        0.04318748041987419,
        0.04284549877047539,
        0.030397968366742134
    ],
    "r2_metric": [
        -61.49970245361328,
        -62.95228958129883,
        -62.88456726074219,
        -62.82769012451172,
        -62.85038375854492,
        -62.871273040771484,
        -62.884090423583984,
        -62.891685485839844,
        -62.90289306640625,
        -62.90323257446289
    ],
    "val_r2_metric": [
        -61.61088180541992,
        -60.671661376953125,
        -60.80537796020508,
        -61.05707550048828,
        -62.11205291748047,
        -60.653343200683594,
        -62.06798553466797,
        -62.18553924560547,
        -61.6878662109375,
        -62.5204963684082
    ]
}