{
    "loss": [
        0.4957979619503021,
        0.06957295536994934,
        0.04405203461647034,
        0.03075527958571911,
        0.0224801953881979,
        0.017829228192567825,
        0.01463093888014555,
        0.011709361337125301,
        0.009079881012439728,
        0.0069929370656609535
    ],
    "val_loss": [
        0.022077247500419617,
        0.03936287760734558,
        0.026844916865229607,
        0.011901411227881908,
        0.007275823038071394,
        0.012665309011936188,
        0.005984260234981775,
        0.004763764329254627,
        0.009210186079144478,
        0.002784432377666235
    ],
    "mae": [
        0.3940524756908417,
        0.18281380832195282,
        0.14282198250293732,
        0.11798063665628433,
        0.10012932866811752,
        0.08849787712097168,
        0.0790441483259201,
        0.0689004510641098,
        0.05827277526259422,
        0.04947075992822647
    ],
    "val_mae": [
        0.11351465433835983,
        0.1444021612405777,
        0.11682719737291336,
        0.0720546692609787,
        0.05536997318267822,
        0.0736551284790039,
        0.047297634184360504,
        0.03702392429113388,
        0.052769824862480164,
        0.02805239148437977
    ],
    "r2_metric": [
        -61.901676177978516,
        -62.948455810546875,
        -62.86836624145508,
        -62.874481201171875,
        -62.902713775634766,
        -62.90561294555664,
        -62.911399841308594,
        -62.91884231567383,
        -62.92970657348633,
        -62.94224548339844
    ],
    "val_r2_metric": [
        -61.504188537597656,
        -59.40977478027344,
        -59.450439453125,
        -61.108978271484375,
        -61.60538101196289,
        -60.8538818359375,
        -61.78255081176758,
        -61.861572265625,
        -61.171348571777344,
        -62.17032241821289
    ]
}