{
    "loss": [
        1.1993125677108765,
        0.12898896634578705,
        0.09881758689880371,
        0.07972420006990433,
        0.06836739182472229,
        0.058857712894678116,
        0.05159364268183708,
        0.045619260519742966,
        0.04049557074904442,
        0.03639701008796692
    ],
    "val_loss": [
        0.03210599720478058,
        0.03181925415992737,
        0.018063457682728767,
        0.027836913242936134,
        0.023298421874642372,
        0.018208341673016548,
        0.026803649961948395,
        0.01228648703545332,
        0.01258406788110733,
        0.019970854744315147
    ],
    "mae": [
        0.6844543218612671,
        0.2581983804702759,
        0.22272977232933044,
        0.1984933763742447,
        0.18275299668312073,
        0.16826006770133972,
        0.1566583812236786,
        0.14752855896949768,
        0.13799726963043213,
        0.13171957433223724
    ],
    "val_mae": [
        0.11636938154697418,
        0.13552813231945038,
        0.08741772174835205,
        0.12394318729639053,
        0.10983018577098846,
        0.09252017736434937,
        0.11743190884590149,
        0.06730730831623077,
        0.07367821782827377,
        0.09593366831541061
    ],
    "r2_metric": [
        -58.99412536621094,
        -62.83322525024414,
        -62.941619873046875,
        -62.9141731262207,
        -62.89369583129883,
        -62.86279296875,
        -62.869049072265625,
        -62.83646011352539,
        -62.79954147338867,
        -62.82449722290039
    ],
    "val_r2_metric": [
        -63.300601959228516,
        -61.87248611450195,
        -61.07286071777344,
        -60.880348205566406,
        -60.93905258178711,
        -61.01432800292969,
        -60.26334762573242,
        -61.39417266845703,
        -60.9379997253418,
        -60.34747314453125
    ]
}