{
    "loss": [
        1.2983179092407227,
        0.14753557741641998,
        0.11539682000875473,
        0.09419380128383636,
        0.08111078292131424,
        0.07260923087596893,
        0.06450898200273514,
        0.05560550093650818,
        0.05126503109931946,
        0.04667496308684349
    ],
    "val_loss": [
        0.05277838930487633,
        0.022161228582262993,
        0.035165246576070786,
        0.029519760981202126,
        0.02494078129529953,
        0.0160988736897707,
        0.022541070356965065,
        0.009342833422124386,
        0.010337671265006065,
        0.008378046564757824
    ],
    "mae": [
        0.7414106130599976,
        0.2795332372188568,
        0.24216808378696442,
        0.21646693348884583,
        0.20003414154052734,
        0.18808738887310028,
        0.17604175209999084,
        0.16394899785518646,
        0.1568276733160019,
        0.14883831143379211
    ],
    "val_mae": [
        0.16146820783615112,
        0.08826404809951782,
        0.13907863199710846,
        0.12634868919849396,
        0.10646279901266098,
        0.08016446232795715,
        0.10882367193698883,
        0.04719768092036247,
        0.05687465891242027,
        0.05084811523556709
    ],
    "r2_metric": [
        -58.94098663330078,
        -62.8238525390625,
        -62.91808319091797,
        -62.90584945678711,
        -62.94416427612305,
        -62.911094665527344,
        -62.872520446777344,
        -62.848899841308594,
        -62.83977508544922,
        -62.817909240722656
    ],
    "val_r2_metric": [
        -64.3784408569336,
        -62.501399993896484,
        -60.8732795715332,
        -62.58957290649414,
        -60.51711654663086,
        -60.963443756103516,
        -61.87435531616211,
        -62.60977554321289,
        -63.09740447998047,
        -62.397865295410156
    ]
}