{
    "loss": [
        0.7438092827796936,
        0.10215365141630173,
        0.0749814510345459,
        0.059309221804142,
        0.04713630676269531,
        0.03908625245094299,
        0.032615646719932556,
        0.02799443155527115,
        0.02304857224225998,
        0.020845122635364532
    ],
    "val_loss": [
        0.026871437206864357,
        0.021919691935181618,
        0.008430815301835537,
        0.016596483066678047,
        0.013440079055726528,
        0.020789531990885735,
        0.01906306855380535,
        0.0103555116802454,
        0.0069838836789131165,
        0.009478389285504818
    ],
    "mae": [
        0.5076578259468079,
        0.22704944014549255,
        0.19057480990886688,
        0.16810224950313568,
        0.14908187091350555,
        0.13542672991752625,
        0.1238032728433609,
        0.1134599894285202,
        0.10193675756454468,
        0.0969231054186821
    ],
    "val_mae": [
        0.12088502943515778,
        0.10950356721878052,
        0.05135166272521019,
        0.08935187757015228,
        0.07621529698371887,
        0.09946736693382263,
        0.08979541808366776,
        0.06414023786783218,
        0.04953707382082939,
        0.05498895049095154
    ],
    "r2_metric": [
        -60.86157989501953,
        -62.96723937988281,
        -62.936283111572266,
        -62.87592315673828,
        -62.847599029541016,
        -62.819061279296875,
        -62.83966827392578,
        -62.85027313232422,
        -62.86442565917969,
        -62.88483428955078
    ],
    "val_r2_metric": [
        -61.490928649902344,
        -62.0754508972168,
        -63.036983489990234,
        -61.137691497802734,
        -60.836341857910156,
        -60.10008239746094,
        -60.282135009765625,
        -61.137123107910156,
        -61.520790100097656,
        -61.29991149902344
    ]
}