{
    "loss": [
        2.15109920501709,
        0.21279846131801605,
        0.1485798954963684,
        0.12783095240592957,
        0.11055383086204529,
        0.09966199845075607,
        0.08977969735860825,
        0.08382798731327057,
        0.07834792137145996,
        0.07162053883075714
    ],
    "val_loss": [
        0.12690208852291107,
        0.04432335123419762,
        0.03472911939024925,
        0.03645210713148117,
        0.022901078686118126,
        0.03395504131913185,
        0.032908108085393906,
        0.020518185570836067,
        0.027217185124754906,
        0.017116203904151917
    ],
    "mae": [
        1.0109951496124268,
        0.3459590971469879,
        0.28187766671180725,
        0.2567733824253082,
        0.23647765815258026,
        0.22389906644821167,
        0.21135705709457397,
        0.2039901167154312,
        0.19723844528198242,
        0.1885482668876648
    ],
    "val_mae": [
        0.25126051902770996,
        0.12489164620637894,
        0.10815128684043884,
        0.12060350924730301,
        0.07511880993843079,
        0.11929909884929657,
        0.11838501691818237,
        0.07672353088855743,
        0.09556598961353302,
        0.06289375573396683
    ],
    "r2_metric": [
        -56.43988037109375,
        -62.27457809448242,
        -62.743080139160156,
        -62.82898712158203,
        -62.87340545654297,
        -62.87738037109375,
        -62.88028335571289,
        -62.84426498413086,
        -62.831573486328125,
        -62.84185028076172
    ],
    "val_r2_metric": [
        -64.0598373413086,
        -63.112884521484375,
        -61.7066535949707,
        -61.74374771118164,
        -62.70890808105469,
        -61.104957580566406,
        -60.68296813964844,
        -62.024776458740234,
        -60.803123474121094,
        -63.164520263671875
    ]
}