{
    "loss": [
        0.9189662933349609,
        0.119488425552845,
        0.08948540687561035,
        0.07242855429649353,
        0.05901016294956207,
        0.049131616950035095,
        0.04378930851817131,
        0.03807052597403526,
        0.033644720911979675,
        0.029400240629911423
    ],
    "val_loss": [
        0.06402228772640228,
        0.02476431615650654,
        0.045397404581308365,
        0.020356621593236923,
        0.05294445529580116,
        0.0744318813085556,
        0.04146498814225197,
        0.03114636242389679,
        0.04367264360189438,
        0.019951235502958298
    ],
    "mae": [
        0.590702474117279,
        0.2483864724636078,
        0.21209928393363953,
        0.18902328610420227,
        0.17000535130500793,
        0.15310779213905334,
        0.14487576484680176,
        0.1349303424358368,
        0.12708507478237152,
        0.11727453023195267
    ],
    "val_mae": [
        0.2095089703798294,
        0.11476864665746689,
        0.17319375276565552,
        0.09903562068939209,
        0.17631591856479645,
        0.19831694662570953,
        0.1414138525724411,
        0.12426755577325821,
        0.14922910928726196,
        0.09112847596406937
    ],
    "r2_metric": [
        -59.88369369506836,
        -62.86637878417969,
        -62.882301330566406,
        -62.86262512207031,
        -62.86604309082031,
        -62.80653762817383,
        -62.766014099121094,
        -62.78623962402344,
        -62.78356170654297,
        -62.817630767822266
    ],
    "val_r2_metric": [
        -61.41987609863281,
        -60.55447769165039,
        -60.202796936035156,
        -60.821353912353516,
        -59.169273376464844,
        -57.92947769165039,
        -58.824462890625,
        -59.22576141357422,
        -59.283790588378906,
        -60.12349319458008
    ]
}