{
    "loss": [
        0.9126587510108948,
        0.10647374391555786,
        0.08041379600763321,
        0.06521482765674591,
        0.0536104217171669,
        0.04388580098748207,
        0.037802256643772125,
        0.03097735345363617,
        0.02827044576406479,
        0.025640269741415977
    ],
    "val_loss": [
        0.02780679427087307,
        0.014153851196169853,
        0.014163042418658733,
        0.02226412110030651,
        0.01791352406144142,
        0.017040174454450607,
        0.03823483735322952,
        0.01661851443350315,
        0.016790105029940605,
        0.011975088156759739
    ],
    "mae": [
        0.5659891963005066,
        0.2321036010980606,
        0.19903212785720825,
        0.1781267523765564,
        0.16037990152835846,
        0.1439472883939743,
        0.1336537003517151,
        0.1198534294962883,
        0.11443796008825302,
        0.10877127200365067
    ],
    "val_mae": [
        0.12175345420837402,
        0.08079837262630463,
        0.0800928995013237,
        0.1119411438703537,
        0.0980159267783165,
        0.09563900530338287,
        0.14696159958839417,
        0.0919729471206665,
        0.09868550300598145,
        0.07821845263242722
    ],
    "r2_metric": [
        -60.36867141723633,
        -62.96784210205078,
        -62.94207000732422,
        -62.92692184448242,
        -62.894081115722656,
        -62.84253692626953,
        -62.843055725097656,
        -62.853172302246094,
        -62.85091781616211,
        -62.858211517333984
    ],
    "val_r2_metric": [
        -62.206260681152344,
        -61.152137756347656,
        -61.43718719482422,
        -60.91592025756836,
        -60.73645782470703,
        -60.18764877319336,
        -59.38713455200195,
        -60.448631286621094,
        -60.04750442504883,
        -60.6995735168457
    ]
}