{
    "loss": [
        0.5121738314628601,
        0.07910525053739548,
        0.05485234037041664,
        0.03884107619524002,
        0.02968674898147583,
        0.022597268223762512,
        0.017602134495973587,
        0.01417390163987875,
        0.011617547832429409,
        0.009758325293660164
    ],
    "val_loss": [
        0.015976592898368835,
        0.01325802132487297,
        0.02509252540767193,
        0.02011193335056305,
        0.009971149265766144,
        0.016768690198659897,
        0.011081463657319546,
        0.014913350343704224,
        0.016491813585162163,
        0.004259924869984388
    ],
    "mae": [
        0.4063243865966797,
        0.1957314908504486,
        0.1604648381471634,
        0.13428880274295807,
        0.11749047785997391,
        0.10160358250141144,
        0.08848660439252853,
        0.07861039787530899,
        0.07057466357946396,
        0.06398328393697739
    ],
    "val_mae": [
        0.08650009334087372,
        0.08103146404027939,
        0.10707756131887436,
        0.0976819321513176,
        0.0694398507475853,
        0.08073791861534119,
        0.06504453718662262,
        0.07272722572088242,
        0.07621463388204575,
        0.0339428074657917
    ],
    "r2_metric": [
        -61.79974365234375,
        -62.98068618774414,
        -62.894901275634766,
        -62.857662200927734,
        -62.863975524902344,
        -62.87199401855469,
        -62.889068603515625,
        -62.90644073486328,
        -62.91807174682617,
        -62.926055908203125
    ],
    "val_r2_metric": [
        -61.34236526489258,
        -60.89673614501953,
        -59.82904815673828,
        -60.04625701904297,
        -61.141204833984375,
        -60.46955490112305,
        -61.26667785644531,
        -60.54649353027344,
        -60.40712356567383,
        -62.203956604003906
    ]
}