{
    "loss": [
        0.5015438795089722,
        0.0708712488412857,
        0.04951409623026848,
        0.03630373626947403,
        0.028563788160681725,
        0.02233789674937725,
        0.017742378637194633,
        0.014683607965707779,
        0.01221802830696106,
        0.0096639608964324
    ],
    "val_loss": [
        0.025209225714206696,
        0.01374752726405859,
        0.006364299915730953,
        0.005496919620782137,
        0.005699571222066879,
        0.0048713358119130135,
        0.004866569768637419,
        0.003415362210944295,
        0.0042442865669727325,
        0.003489438910037279
    ],
    "mae": [
        0.39600297808647156,
        0.18635381758213043,
        0.15307031571865082,
        0.12918268144130707,
        0.1137579083442688,
        0.0998222604393959,
        0.08859541267156601,
        0.07959301769733429,
        0.07129812985658646,
        0.06155608221888542
    ],
    "val_mae": [
        0.12109658867120743,
        0.07838857918977737,
        0.04859489947557449,
        0.04413618519902229,
        0.04521850869059563,
        0.040924571454524994,
        0.04238562285900116,
        0.031929925084114075,
        0.03689124435186386,
        0.03179527446627617
    ],
    "r2_metric": [
        -61.62200927734375,
        -62.949642181396484,
        -62.89250564575195,
        -62.870262145996094,
        -62.8692626953125,
        -62.8822135925293,
        -62.88774108886719,
        -62.89707565307617,
        -62.91102981567383,
        -62.922828674316406
    ],
    "val_r2_metric": [
        -61.47682571411133,
        -60.92625045776367,
        -62.6864013671875,
        -62.48404312133789,
        -61.9498176574707,
        -62.00971221923828,
        -61.992881774902344,
        -62.388004302978516,
        -62.14241027832031,
        -62.14963912963867
    ]
}