{
    "loss": [
        0.6100345253944397,
        0.08342371881008148,
        0.06183620169758797,
        0.04812869057059288,
        0.03825164586305618,
        0.031049806624650955,
        0.025422047823667526,
        0.021352114155888557,
        0.01847492717206478,
        0.016067057847976685
    ],
    "val_loss": [
        0.02244420163333416,
        0.0124724842607975,
        0.033128391951322556,
        0.02193218469619751,
        0.01929950714111328,
        0.006736147683113813,
        0.006673515774309635,
        0.01166881900280714,
        0.008723338134586811,
        0.005411224905401468
    ],
    "mae": [
        0.44495025277137756,
        0.20264260470867157,
        0.17156538367271423,
        0.14973950386047363,
        0.13276995718479156,
        0.1187480092048645,
        0.1060243621468544,
        0.09608331322669983,
        0.08939877897500992,
        0.08311527222394943
    ],
    "val_mae": [
        0.10663658380508423,
        0.07026860117912292,
        0.14187417924404144,
        0.09824706614017487,
        0.09806240350008011,
        0.04660920053720474,
        0.04654841870069504,
        0.06645417958498001,
        0.055941980332136154,
        0.03992549702525139
    ],
    "r2_metric": [
        -61.27350997924805,
        -62.98080825805664,
        -62.940155029296875,
        -62.880802154541016,
        -62.83705520629883,
        -62.84989547729492,
        -62.86178970336914,
        -62.879398345947266,
        -62.88280487060547,
        -62.88562774658203
    ],
    "val_r2_metric": [
        -60.9638671875,
        -62.531219482421875,
        -60.360111236572266,
        -59.95795440673828,
        -60.947120666503906,
        -61.96782684326172,
        -61.99755859375,
        -61.107582092285156,
        -61.5637092590332,
        -61.90174102783203
    ]
}