{
    "loss": [
        0.722819447517395,
        0.08938977122306824,
        0.06613703072071075,
        0.05038426071405411,
        0.04001623019576073,
        0.03285069763660431,
        0.027331780642271042,
        0.02265024371445179,
        0.021029341965913773,
        0.019154362380504608
    ],
    "val_loss": [
        0.07745879888534546,
        0.030529173091053963,
        0.08951327949762344,
        0.08677714318037033,
        0.06734909117221832,
        0.09011847525835037,
        0.07577865570783615,
        0.0827438160777092,
        0.0822896957397461,
        0.08122193068265915
    ],
    "mae": [
        0.49689722061157227,
        0.21233494579792023,
        0.1801362931728363,
        0.15541276335716248,
        0.1374894678592682,
        0.12446726858615875,
        0.11368159204721451,
        0.10284744203090668,
        0.09903152287006378,
        0.094107486307621
    ],
    "val_mae": [
        0.23622776567935944,
        0.135807603597641,
        0.22871997952461243,
        0.2152940034866333,
        0.1753382384777069,
        0.2037026733160019,
        0.18016204237937927,
        0.18644660711288452,
        0.17945928871631622,
        0.17639359831809998
    ],
    "r2_metric": [
        -61.06903076171875,
        -62.92080307006836,
        -62.901710510253906,
        -62.875797271728516,
        -62.854652404785156,
        -62.86100387573242,
        -62.844268798828125,
        -62.8669548034668,
        -62.87321472167969,
        -62.871952056884766
    ],
    "val_r2_metric": [
        -60.092674255371094,
        -59.348968505859375,
        -57.94438171386719,
        -57.140281677246094,
        -57.77775192260742,
        -57.01984405517578,
        -57.569908142089844,
        -57.6486701965332,
        -57.38721466064453,
        -57.4493293762207
    ]
}