{
    "loss": [
        0.9431099891662598,
        0.11096054315567017,
        0.08757270872592926,
        0.07054232805967331,
        0.059224583208560944,
        0.049512386322021484,
        0.043056193739175797,
        0.03790176659822464,
        0.03289300203323364,
        0.02927621267735958
    ],
    "val_loss": [
        0.027653630822896957,
        0.02544248104095459,
        0.014717958867549896,
        0.027840647846460342,
        0.020712455734610558,
        0.025370337069034576,
        0.021971357986330986,
        0.014248214662075043,
        0.02894776128232479,
        0.023515895009040833
    ],
    "mae": [
        0.5981021523475647,
        0.239127054810524,
        0.20879244804382324,
        0.18596526980400085,
        0.16879570484161377,
        0.1536112129688263,
        0.14289604127407074,
        0.13429875671863556,
        0.12485890835523605,
        0.11707083880901337
    ],
    "val_mae": [
        0.12154380977153778,
        0.12310152500867844,
        0.07888278365135193,
        0.11414358019828796,
        0.09293193370103836,
        0.10477816313505173,
        0.10419910401105881,
        0.08154662698507309,
        0.11420558393001556,
        0.10535187274217606
    ],
    "r2_metric": [
        -59.90677261352539,
        -62.91231155395508,
        -62.94546127319336,
        -62.934871673583984,
        -62.903961181640625,
        -62.89282989501953,
        -62.843997955322266,
        -62.842247009277344,
        -62.84226608276367,
        -62.85298156738281
    ],
    "val_r2_metric": [
        -62.30838394165039,
        -61.89582061767578,
        -61.35708999633789,
        -60.22719192504883,
        -60.413856506347656,
        -59.908355712890625,
        -60.34621810913086,
        -61.430301666259766,
        -59.4844970703125,
        -59.95229721069336
    ]
}