{
    "loss": [
        1.4782593250274658,
        0.1494448482990265,
        0.11281265318393707,
        0.09478681534528732,
        0.08571019023656845,
        0.0755820944905281,
        0.06939161568880081,
        0.062261492013931274,
        0.0553956963121891,
        0.051825977861881256
    ],
    "val_loss": [
        0.05581897869706154,
        0.04050328582525253,
        0.021891621872782707,
        0.03681537136435509,
        0.020223988220095634,
        0.03072640672326088,
        0.04506402462720871,
        0.022211860865354538,
        0.026343606412410736,
        0.038259219378232956
    ],
    "mae": [
        0.7689688801765442,
        0.28298816084861755,
        0.2398826777935028,
        0.21807092428207397,
        0.20555035769939423,
        0.19137656688690186,
        0.1819649040699005,
        0.17253096401691437,
        0.16208989918231964,
        0.1568581908941269
    ],
    "val_mae": [
        0.16225826740264893,
        0.14757350087165833,
        0.08992937207221985,
        0.1388670951128006,
        0.09123516082763672,
        0.11791521310806274,
        0.1567685306072235,
        0.10561079531908035,
        0.11784035712480545,
        0.15015862882137299
    ],
    "r2_metric": [
        -59.0792121887207,
        -62.812461853027344,
        -62.95036697387695,
        -62.92038345336914,
        -62.890933990478516,
        -62.87909698486328,
        -62.88667297363281,
        -62.85641860961914,
        -62.856529235839844,
        -62.84571075439453
    ],
    "val_r2_metric": [
        -62.98131561279297,
        -62.43342590332031,
        -62.29932403564453,
        -61.44820785522461,
        -62.849151611328125,
        -59.921669006347656,
        -59.5595703125,
        -60.65901184082031,
        -60.394744873046875,
        -58.886295318603516
    ]
}