{
    "loss": [
        2.4334704875946045,
        0.26690614223480225,
        0.16978415846824646,
        0.14039501547813416,
        0.11912737786769867,
        0.10985514521598816,
        0.0999070480465889,
        0.09425466507673264,
        0.08800718933343887,
        0.07851534336805344
    ],
    "val_loss": [
        0.2165748029947281,
        0.06692874431610107,
        0.052352651953697205,
        0.03778048977255821,
        0.05797969922423363,
        0.09193588048219681,
        0.09320095181465149,
        0.052718136459589005,
        0.06707429885864258,
        0.0374009907245636
    ],
    "mae": [
        1.1213502883911133,
        0.3938025236129761,
        0.3067750036716461,
        0.2738916575908661,
        0.24972930550575256,
        0.23772946000099182,
        0.22715674340724945,
        0.21974360942840576,
        0.2117859572172165,
        0.19814513623714447
    ],
    "val_mae": [
        0.345865935087204,
        0.16855090856552124,
        0.1486164629459381,
        0.1106700524687767,
        0.1756417602300644,
        0.24688994884490967,
        0.2402784675359726,
        0.1737891286611557,
        0.2074711173772812,
        0.12659594416618347
    ],
    "r2_metric": [
        -54.6983757019043,
        -61.742794036865234,
        -62.48262405395508,
        -62.74772262573242,
        -62.828636169433594,
        -62.86897659301758,
        -62.81836700439453,
        -62.80568313598633,
        -62.85230255126953,
        -62.84480667114258
    ],
    "val_r2_metric": [
        -61.93119812011719,
        -62.77947235107422,
        -60.87256622314453,
        -61.53017044067383,
        -60.833251953125,
        -59.61705017089844,
        -59.09389114379883,
        -60.48115539550781,
        -60.123111724853516,
        -60.35663604736328
    ]
}