{
    "loss": [
        0.6513551473617554,
        0.09135457128286362,
        0.06775064021348953,
        0.05332309380173683,
        0.04250159114599228,
        0.03474939614534378,
        0.028708333149552345,
        0.023644456639885902,
        0.018857980147004128,
        0.0171765498816967
    ],
    "val_loss": [
        0.01140934880822897,
        0.01737274043262005,
        0.01081564649939537,
        0.012392604723572731,
        0.04017206281423569,
        0.026732705533504486,
        0.051613762974739075,
        0.02666129730641842,
        0.02798558957874775,
        0.025228697806596756
    ],
    "mae": [
        0.4630926549434662,
        0.21295888721942902,
        0.18069612979888916,
        0.15843304991722107,
        0.13917569816112518,
        0.12527501583099365,
        0.11385200917720795,
        0.1027417927980423,
        0.09082820266485214,
        0.08641904592514038
    ],
    "val_mae": [
        0.06564657390117645,
        0.09043043851852417,
        0.06483448296785355,
        0.08521176129579544,
        0.14278443157672882,
        0.10805259644985199,
        0.15701371431350708,
        0.1060461476445198,
        0.10112441331148148,
        0.0959542989730835
    ],
    "r2_metric": [
        -61.272037506103516,
        -62.977012634277344,
        -62.94346237182617,
        -62.914161682128906,
        -62.86598587036133,
        -62.86650085449219,
        -62.87104034423828,
        -62.877037048339844,
        -62.89463806152344,
        -62.8965950012207
    ],
    "val_r2_metric": [
        -62.929237365722656,
        -61.433536529541016,
        -61.39826583862305,
        -60.934688568115234,
        -58.90028381347656,
        -59.608360290527344,
        -58.450889587402344,
        -59.771358489990234,
        -59.707908630371094,
        -59.859188079833984
    ]
}