{
    "loss": [
        0.9957262277603149,
        0.11828652024269104,
        0.09255694597959518,
        0.07691700011491776,
        0.0663788765668869,
        0.05658935010433197,
        0.04907533898949623,
        0.04375004395842552,
        0.0375826433300972,
        0.033030468970537186
    ],
    "val_loss": [
        0.06004738062620163,
        0.0153923025354743,
        0.018922679126262665,
        0.019365014508366585,
        0.01920161582529545,
        0.0111022237688303,
        0.008632469922304153,
        0.009610701352357864,
        0.00762982526794076,
        0.009764444082975388
    ],
    "mae": [
        0.6085494756698608,
        0.24504563212394714,
        0.21400684118270874,
        0.1931043416261673,
        0.17792315781116486,
        0.1639382243156433,
        0.15195173025131226,
        0.14231273531913757,
        0.13246919214725494,
        0.12399742007255554
    ],
    "val_mae": [
        0.19415917992591858,
        0.07551799714565277,
        0.09515823423862457,
        0.09877928346395493,
        0.08982602506875992,
        0.06842462718486786,
        0.05854475498199463,
        0.06525541096925735,
        0.053305111825466156,
        0.06078765541315079
    ],
    "r2_metric": [
        -60.0402717590332,
        -62.894798278808594,
        -62.980655670166016,
        -62.93716049194336,
        -62.92452621459961,
        -62.88958740234375,
        -62.841461181640625,
        -62.845951080322266,
        -62.83700180053711,
        -62.830989837646484
    ],
    "val_r2_metric": [
        -60.3083381652832,
        -62.19464874267578,
        -60.83793640136719,
        -61.15287399291992,
        -60.5582160949707,
        -62.023311614990234,
        -62.459449768066406,
        -61.32805252075195,
        -62.02069854736328,
        -61.48710250854492
    ]
}