{
    "loss": [
        1.3370250463485718,
        0.12939396500587463,
        0.10053101181983948,
        0.0859697237610817,
        0.07456924766302109,
        0.06629625707864761,
        0.05726603418588638,
        0.050245560705661774,
        0.04458414390683174,
        0.0410555861890316
    ],
    "val_loss": [
        0.035660210996866226,
        0.021168667823076248,
        0.052523646503686905,
        0.044665537774562836,
        0.0191416684538126,
        0.012390738353133202,
        0.02674841694533825,
        0.01162821426987648,
        0.014275012537837029,
        0.019514523446559906
    ],
    "mae": [
        0.7028961777687073,
        0.25873780250549316,
        0.22298161685466766,
        0.2045106291770935,
        0.1894529014825821,
        0.17693626880645752,
        0.16489136219024658,
        0.1533542424440384,
        0.14342448115348816,
        0.13757658004760742
    ],
    "val_mae": [
        0.13491638004779816,
        0.09465915709733963,
        0.18736787140369415,
        0.15961894392967224,
        0.09786628186702728,
        0.0690569058060646,
        0.1301579624414444,
        0.07246050983667374,
        0.08507329970598221,
        0.09794511646032333
    ],
    "r2_metric": [
        -60.44150924682617,
        -62.975894927978516,
        -62.968563079833984,
        -62.94813919067383,
        -62.944000244140625,
        -62.91027069091797,
        -62.89236068725586,
        -62.88899612426758,
        -62.85121536254883,
        -62.81744384765625
    ],
    "val_r2_metric": [
        -1461.977783203125,
        -239.1084442138672,
        -5103.22607421875,
        -949.3980102539062,
        -1189.434814453125,
        -1076.93115234375,
        -2896.85546875,
        -255.9095001220703,
        -232.8124542236328,
        -244.7520294189453
    ]
}