{
    "loss": [
        0.9610584378242493,
        0.11757421493530273,
        0.0876120999455452,
        0.069066621363163,
        0.05907394364476204,
        0.04710353538393974,
        0.03930632397532463,
        0.035981081426143646,
        0.03337723761796951,
        0.029766369611024857
    ],
    "val_loss": [
        0.02774794027209282,
        0.04808187484741211,
        0.04877384752035141,
        0.06374213844537735,
        0.037060391157865524,
        0.051920335739851,
        0.05466601252555847,
        0.0521414540708065,
        0.032347455620765686,
        0.03311900794506073
    ],
    "mae": [
        0.5945321321487427,
        0.24414367973804474,
        0.20741236209869385,
        0.18173012137413025,
        0.16720424592494965,
        0.14807862043380737,
        0.13432802259922028,
        0.12908893823623657,
        0.12429379671812057,
        0.1176898330450058
    ],
    "val_mae": [
        0.1205441802740097,
        0.17208434641361237,
        0.1812208592891693,
        0.19366338849067688,
        0.1395951807498932,
        0.1564631313085556,
        0.1647358536720276,
        0.15572576224803925,
        0.11996810138225555,
        0.12413185089826584
    ],
    "r2_metric": [
        -60.31378173828125,
        -62.89832305908203,
        -62.91489028930664,
        -62.85841369628906,
        -62.87029266357422,
        -62.83186340332031,
        -62.818153381347656,
        -62.80232238769531,
        -62.811466217041016,
        -62.808834075927734
    ],
    "val_r2_metric": [
        -62.315494537353516,
        -60.11453628540039,
        -60.21227264404297,
        -58.83224105834961,
        -58.87812042236328,
        -58.72150421142578,
        -58.22874450683594,
        -58.40972900390625,
        -59.246177673339844,
        -59.115840911865234
    ]
}