{
    "loss": [
        0.5911740660667419,
        0.08308525383472443,
        0.05843368172645569,
        0.04314501956105232,
        0.032724447548389435,
        0.02581958845257759,
        0.02090713381767273,
        0.017589770257472992,
        0.015009455382823944,
        0.01296184491366148
    ],
    "val_loss": [
        0.028462618589401245,
        0.0469210259616375,
        0.04526405781507492,
        0.022659175097942352,
        0.0282105915248394,
        0.020878221839666367,
        0.018633969128131866,
        0.016933832317590714,
        0.0109818484634161,
        0.018326107412576675
    ],
    "mae": [
        0.4432714283466339,
        0.20284272730350494,
        0.1672118902206421,
        0.14235663414001465,
        0.12373200803995132,
        0.1087786927819252,
        0.09726473689079285,
        0.08980735391378403,
        0.08260055631399155,
        0.07619599997997284
    ],
    "val_mae": [
        0.12546059489250183,
        0.17206180095672607,
        0.15272608399391174,
        0.09830518066883087,
        0.11509434878826141,
        0.09785644710063934,
        0.08461140841245651,
        0.07752905040979385,
        0.0591965951025486,
        0.07620008289813995
    ],
    "r2_metric": [
        -61.40983581542969,
        -62.95397186279297,
        -62.89981460571289,
        -62.85383224487305,
        -62.86676788330078,
        -62.87348937988281,
        -62.88494110107422,
        -62.90138626098633,
        -62.90520095825195,
        -62.90751647949219
    ],
    "val_r2_metric": [
        -60.93222427368164,
        -60.124359130859375,
        -58.79995346069336,
        -60.1757926940918,
        -59.485443115234375,
        -60.11577224731445,
        -60.28041458129883,
        -60.55141830444336,
        -61.38824462890625,
        -60.469566345214844
    ]
}