{
    "loss": [
        0.4994097650051117,
        0.07323601096868515,
        0.05011974647641182,
        0.035541653633117676,
        0.02745785191655159,
        0.02172737568616867,
        0.01756700687110424,
        0.014017926529049873,
        0.011687844060361385,
        0.009566041640937328
    ],
    "val_loss": [
        0.012030134908854961,
        0.010188668966293335,
        0.014844624325633049,
        0.008816177025437355,
        0.00668744184076786,
        0.011813894845545292,
        0.005018318071961403,
        0.011431380175054073,
        0.009818755090236664,
        0.005265844985842705
    ],
    "mae": [
        0.4042190611362457,
        0.19068369269371033,
        0.15585178136825562,
        0.1305370032787323,
        0.11336085945367813,
        0.09962039440870285,
        0.08806519955396652,
        0.07790075242519379,
        0.0704403817653656,
        0.06283623725175858
    ],
    "val_mae": [
        0.07592520117759705,
        0.06761542707681656,
        0.08158361166715622,
        0.06498073041439056,
        0.051541682332754135,
        0.06739822775125504,
        0.0434100516140461,
        0.06539774686098099,
        0.057130541652441025,
        0.04017201066017151
    ],
    "r2_metric": [
        -61.61707305908203,
        -62.91622543334961,
        -62.88493347167969,
        -62.84625244140625,
        -62.85750198364258,
        -62.87232208251953,
        -62.89521408081055,
        -62.897586822509766,
        -62.896636962890625,
        -62.904598236083984
    ],
    "val_r2_metric": [
        -61.72557067871094,
        -61.5331916809082,
        -60.91223907470703,
        -61.33015823364258,
        -61.69974136352539,
        -61.0521354675293,
        -62.138397216796875,
        -61.03093338012695,
        -61.11207580566406,
        -61.91944122314453
    ]
}