{
    "loss": [
        0.6397423148155212,
        0.08373502641916275,
        0.06150583550333977,
        0.04742133989930153,
        0.03644012287259102,
        0.02900026924908161,
        0.022870540618896484,
        0.020207572728395462,
        0.018281616270542145,
        0.016529779881238937
    ],
    "val_loss": [
        0.012198038399219513,
        0.039932724088430405,
        0.053193747997283936,
        0.045731525868177414,
        0.02578832395374775,
        0.0407191701233387,
        0.031712666153907776,
        0.025094982236623764,
        0.02432553470134735,
        0.01900862716138363
    ],
    "mae": [
        0.4643059968948364,
        0.20324786007404327,
        0.17085868120193481,
        0.1482549011707306,
        0.1292792558670044,
        0.11446435749530792,
        0.1009262427687645,
        0.09483273327350616,
        0.09004457294940948,
        0.08564749360084534
    ],
    "val_mae": [
        0.06897325068712234,
        0.15229569375514984,
        0.17475420236587524,
        0.1458771824836731,
        0.11012627184391022,
        0.13205567002296448,
        0.11591196805238724,
        0.09869416058063507,
        0.09261362254619598,
        0.08262056857347488
    ],
    "r2_metric": [
        -61.216148376464844,
        -62.98371887207031,
        -62.930381774902344,
        -62.89481735229492,
        -62.857906341552734,
        -62.86980438232422,
        -62.88688278198242,
        -62.887325286865234,
        -62.9046630859375,
        -62.902992248535156
    ],
    "val_r2_metric": [
        -61.851165771484375,
        -60.05820846557617,
        -59.32740783691406,
        -58.64711380004883,
        -59.57735824584961,
        -58.78793716430664,
        -59.29790496826172,
        -59.808082580566406,
        -59.877811431884766,
        -60.323707580566406
    ]
}