{
    "loss": [
        2.0159361362457275,
        0.17578241229057312,
        0.12455698102712631,
        0.11038623750209808,
        0.09762219339609146,
        0.08744584769010544,
        0.07968858629465103,
        0.07315301895141602,
        0.06781870871782303,
        0.06216861680150032
    ],
    "val_loss": [
        0.10311216861009598,
        0.026854978874325752,
        0.02284090965986252,
        0.02103150263428688,
        0.055875472724437714,
        0.01794649288058281,
        0.020060211420059204,
        0.021179543808102608,
        0.014326396398246288,
        0.018288766965270042
    ],
    "mae": [
        0.9427081942558289,
        0.30855709314346313,
        0.2543127238750458,
        0.23619608581066132,
        0.2212417870759964,
        0.2081477791070938,
        0.19812044501304626,
        0.18911051750183105,
        0.18131215870380402,
        0.17253674566745758
    ],
    "val_mae": [
        0.2308468222618103,
        0.09655383974313736,
        0.08977532386779785,
        0.0880996361374855,
        0.19126400351524353,
        0.08361208438873291,
        0.09131810814142227,
        0.09601963311433792,
        0.07287950813770294,
        0.08909965306520462
    ],
    "r2_metric": [
        -58.441131591796875,
        -62.67555618286133,
        -62.87443923950195,
        -62.950862884521484,
        -62.982810974121094,
        -62.959068298339844,
        -62.93043518066406,
        -62.95954513549805,
        -62.96147155761719,
        -62.928348541259766
    ],
    "val_r2_metric": [
        -61.907833099365234,
        -62.68707275390625,
        -62.21413803100586,
        -61.08522033691406,
        -60.07454299926758,
        -61.79230880737305,
        -60.96986770629883,
        -61.09815216064453,
        -61.83669662475586,
        -61.11500549316406
    ]
}