{
    "loss": [
        1.6742324829101562,
        0.16355428099632263,
        0.12147974967956543,
        0.10251513123512268,
        0.09010463953018188,
        0.07768657058477402,
        0.07249917089939117,
        0.06591317057609558,
        0.06010838970541954,
        0.05545297637581825
    ],
    "val_loss": [
        0.08026982843875885,
        0.040618326514959335,
        0.03525494039058685,
        0.04132186621427536,
        0.02935461699962616,
        0.02081417292356491,
        0.01424524374306202,
        0.014681508764624596,
        0.012621832080185413,
        0.028723204508423805
    ],
    "mae": [
        0.8622714877128601,
        0.29755210876464844,
        0.2512739896774292,
        0.22781671583652496,
        0.21337749063968658,
        0.19712047278881073,
        0.18914084136486053,
        0.17992444336414337,
        0.17033341526985168,
        0.16285830736160278
    ],
    "val_mae": [
        0.2077498584985733,
        0.14492765069007874,
        0.13007503747940063,
        0.1575596034526825,
        0.1151646226644516,
        0.09473944455385208,
        0.06102507933974266,
        0.0650058314204216,
        0.058227188885211945,
        0.11071597784757614
    ],
    "r2_metric": [
        -57.853065490722656,
        -62.660709381103516,
        -62.916412353515625,
        -62.95806121826172,
        -62.9544677734375,
        -62.90577697753906,
        -62.90320587158203,
        -62.871726989746094,
        -62.908260345458984,
        -62.887168884277344
    ],
    "val_r2_metric": [
        -62.0465087890625,
        -62.472530364990234,
        -60.78757095336914,
        -61.1490592956543,
        -60.945125579833984,
        -61.84638977050781,
        -62.05731201171875,
        -61.908565521240234,
        -61.816646575927734,
        -60.14733123779297
    ]
}