{
    "loss": [
        0.6511657238006592,
        0.08917699754238129,
        0.06840258091688156,
        0.05392708256840706,
        0.04332185536623001,
        0.03546776622533798,
        0.02937256544828415,
        0.024382490664720535,
        0.020733967423439026,
        0.01775328256189823
    ],
    "val_loss": [
        0.013181239366531372,
        0.03141457587480545,
        0.017001386731863022,
        0.020519400015473366,
        0.012930629774928093,
        0.01932450756430626,
        0.006136198062449694,
        0.005596830043941736,
        0.007385409437119961,
        0.006358091253787279
    ],
    "mae": [
        0.45840439200401306,
        0.2097124606370926,
        0.17983923852443695,
        0.1579509824514389,
        0.1405497044324875,
        0.12638090550899506,
        0.11479192227125168,
        0.1047530546784401,
        0.09642047435045242,
        0.08883005380630493
    ],
    "val_mae": [
        0.07179634273052216,
        0.13569939136505127,
        0.09289179742336273,
        0.10404878854751587,
        0.0810767188668251,
        0.09608156234025955,
        0.04980950802564621,
        0.042559973895549774,
        0.052735574543476105,
        0.05431833118200302
    ],
    "r2_metric": [
        -61.533103942871094,
        -63.00637435913086,
        -62.97433853149414,
        -62.921016693115234,
        -62.87632369995117,
        -62.87586975097656,
        -62.876834869384766,
        -62.87814712524414,
        -62.88129806518555,
        -62.8896484375
    ],
    "val_r2_metric": [
        -62.23417663574219,
        -60.6153450012207,
        -60.46974563598633,
        -60.03929138183594,
        -60.60374450683594,
        -60.216209411621094,
        -61.662353515625,
        -61.886253356933594,
        -61.726261138916016,
        -61.908294677734375
    ]
}