{
    "loss": [
        0.6632816195487976,
        0.08360345661640167,
        0.06183307245373726,
        0.04840785264968872,
        0.040106307715177536,
        0.03289495036005974,
        0.027097219601273537,
        0.024533404037356377,
        0.02221895195543766,
        0.020241089165210724
    ],
    "val_loss": [
        0.0159178264439106,
        0.10412248969078064,
        0.054098572582006454,
        0.06416001915931702,
        0.061887726187705994,
        0.05342729762196541,
        0.035000961273908615,
        0.03876381739974022,
        0.017823554575443268,
        0.027810776606202126
    ],
    "mae": [
        0.46606817841529846,
        0.2037968635559082,
        0.17148341238498688,
        0.1488613486289978,
        0.1338263899087906,
        0.12130455672740936,
        0.10965881496667862,
        0.1043165996670723,
        0.09929463267326355,
        0.09473739564418793
    ],
    "val_mae": [
        0.08911304175853729,
        0.26853233575820923,
        0.17209631204605103,
        0.17722198367118835,
        0.17262399196624756,
        0.15414078533649445,
        0.11944665759801865,
        0.12663991749286652,
        0.07938258349895477,
        0.10532297939062119
    ],
    "r2_metric": [
        -61.357608795166016,
        -62.977840423583984,
        -62.953250885009766,
        -62.91218185424805,
        -62.86861801147461,
        -62.86676788330078,
        -62.874908447265625,
        -62.88245391845703,
        -62.88223648071289,
        -62.87653732299805
    ],
    "val_r2_metric": [
        -61.785823822021484,
        -58.58771896362305,
        -58.674232482910156,
        -58.04551315307617,
        -57.986934661865234,
        -58.44730758666992,
        -59.249237060546875,
        -59.01774215698242,
        -60.518035888671875,
        -59.718631744384766
    ]
}