{
    "loss": [
        1.0695197582244873,
        0.1302812546491623,
        0.10113237798213959,
        0.0835370272397995,
        0.07212405651807785,
        0.06206392124295235,
        0.0528375543653965,
        0.04657038673758507,
        0.041044093668460846,
        0.03696596994996071
    ],
    "val_loss": [
        0.03190121054649353,
        0.01922815851867199,
        0.020293792709708214,
        0.012305780313909054,
        0.009365798905491829,
        0.010914023965597153,
        0.01005411148071289,
        0.0186447910964489,
        0.006556162144988775,
        0.008885000832378864
    ],
    "mae": [
        0.6555408239364624,
        0.26099932193756104,
        0.22543655335903168,
        0.20279771089553833,
        0.18726414442062378,
        0.1727210432291031,
        0.15875086188316345,
        0.14851005375385284,
        0.1400330513715744,
        0.13204547762870789
    ],
    "val_mae": [
        0.12599484622478485,
        0.09168504923582077,
        0.09746278822422028,
        0.06778234243392944,
        0.05353713780641556,
        0.06386877596378326,
        0.05707518756389618,
        0.09487363696098328,
        0.04393314570188522,
        0.06472114473581314
    ],
    "r2_metric": [
        -59.40589904785156,
        -62.85648727416992,
        -62.912574768066406,
        -62.91838836669922,
        -62.89480972290039,
        -62.8935546875,
        -62.8671989440918,
        -62.83688735961914,
        -62.808101654052734,
        -62.80752182006836
    ],
    "val_r2_metric": [
        -61.82099914550781,
        -61.82621765136719,
        -61.34027862548828,
        -61.69120407104492,
        -63.38934326171875,
        -61.71525573730469,
        -61.76608657836914,
        -60.25905990600586,
        -62.51774978637695,
        -61.3367919921875
    ]
}