{
    "loss": [
        1.3728965520858765,
        0.1411205530166626,
        0.1045289859175682,
        0.08882509917020798,
        0.0801222175359726,
        0.07021785527467728,
        0.062410712242126465,
        0.05699216201901436,
        0.05233929678797722,
        0.04636508226394653
    ],
    "val_loss": [
        0.046511366963386536,
        0.05094929039478302,
        0.035672564059495926,
        0.020628396421670914,
        0.017268870025873184,
        0.013780442997813225,
        0.042687952518463135,
        0.019091444090008736,
        0.01299576461315155,
        0.01453433744609356
    ],
    "mae": [
        0.7564994692802429,
        0.27307820320129395,
        0.23101425170898438,
        0.21090003848075867,
        0.19911962747573853,
        0.18527854979038239,
        0.1748114377260208,
        0.1656257063150406,
        0.1571083664894104,
        0.14767014980316162
    ],
    "val_mae": [
        0.14099450409412384,
        0.18235981464385986,
        0.14910925924777985,
        0.0949990525841713,
        0.0783066377043724,
        0.06756226718425751,
        0.16374705731868744,
        0.09158919006586075,
        0.06709849834442139,
        0.07408934086561203
    ],
    "r2_metric": [
        -58.652992248535156,
        -62.91634750366211,
        -62.9886474609375,
        -62.97040557861328,
        -62.974510192871094,
        -62.96807861328125,
        -62.960899353027344,
        -62.933128356933594,
        -62.91267395019531,
        -62.89185333251953
    ],
    "val_r2_metric": [
        -63.67450714111328,
        -61.47505569458008,
        -62.06787109375,
        -62.23972702026367,
        -61.26004409790039,
        -62.16611862182617,
        -60.392940521240234,
        -61.15640640258789,
        -61.79615020751953,
        -61.293338775634766
    ]
}