{
    "loss": [
        1.0967267751693726,
        0.12216825783252716,
        0.091575488448143,
        0.07704543322324753,
        0.06323876976966858,
        0.05330176278948784,
        0.04754069447517395,
        0.039203766733407974,
        0.036755725741386414,
        0.033415284007787704
    ],
    "val_loss": [
        0.02884412370622158,
        0.020624347031116486,
        0.03790094703435898,
        0.04404077306389809,
        0.060365691781044006,
        0.03280501440167427,
        0.04488551616668701,
        0.057465679943561554,
        0.04593878239393234,
        0.04999050498008728
    ],
    "mae": [
        0.6385875344276428,
        0.24934963881969452,
        0.21267610788345337,
        0.1935800313949585,
        0.17339970171451569,
        0.15793433785438538,
        0.1483488529920578,
        0.1334311068058014,
        0.12911885976791382,
        0.12325545400381088
    ],
    "val_mae": [
        0.11801907420158386,
        0.09700529277324677,
        0.1423843652009964,
        0.15888696908950806,
        0.17942924797534943,
        0.1273587942123413,
        0.1431654989719391,
        0.16824716329574585,
        0.1546788513660431,
        0.15296971797943115
    ],
    "r2_metric": [
        -60.051448822021484,
        -62.99408721923828,
        -63.00630187988281,
        -62.967708587646484,
        -62.93047332763672,
        -62.90913772583008,
        -62.86171340942383,
        -62.86037063598633,
        -62.862144470214844,
        -62.86058807373047
    ],
    "val_r2_metric": [
        -61.967342376708984,
        -61.621421813964844,
        -59.326507568359375,
        -58.92692565917969,
        -58.3398551940918,
        -59.47704315185547,
        -58.613399505615234,
        -58.08526611328125,
        -58.263126373291016,
        -58.21487808227539
    ]
}