{
    "loss": [
        1.3046571016311646,
        0.1244560033082962,
        0.09810495376586914,
        0.08501806110143661,
        0.07296110689640045,
        0.06472957134246826,
        0.056702543050050735,
        0.05183478072285652,
        0.04616737738251686,
        0.041677623987197876
    ],
    "val_loss": [
        0.03350187838077545,
        0.04236546531319618,
        0.04460279643535614,
        0.04293575510382652,
        0.024411050602793694,
        0.03908666595816612,
        0.031720370054244995,
        0.030076030641794205,
        0.0471445731818676,
        0.03316427767276764
    ],
    "mae": [
        0.7152495980262756,
        0.25408804416656494,
        0.22053150832653046,
        0.20228664577007294,
        0.1880965232849121,
        0.17546169459819794,
        0.16378085315227509,
        0.15482917428016663,
        0.14570026099681854,
        0.13816973567008972
    ],
    "val_mae": [
        0.12570738792419434,
        0.1619747430086136,
        0.16925697028636932,
        0.1592613160610199,
        0.11316637694835663,
        0.13647358119487762,
        0.12752224504947662,
        0.12109575420618057,
        0.1589897722005844,
        0.1286691427230835
    ],
    "r2_metric": [
        -59.31254959106445,
        -62.91489028930664,
        -62.95650863647461,
        -62.963924407958984,
        -62.935577392578125,
        -62.94774627685547,
        -62.91091537475586,
        -62.88211441040039,
        -62.83600616455078,
        -62.82633590698242
    ],
    "val_r2_metric": [
        -61.676448822021484,
        -61.515220642089844,
        -60.923423767089844,
        -60.121761322021484,
        -61.143104553222656,
        -59.850990295410156,
        -60.2991828918457,
        -59.79986572265625,
        -59.23088073730469,
        -59.86753463745117
    ]
}