{
    "loss": [
        7.124634742736816,
        2.2193031311035156,
        1.021345615386963,
        0.6907888054847717,
        0.5180811285972595,
        0.40177488327026367,
        0.346555233001709,
        0.2913476824760437,
        0.2642039358615875,
        0.2491510510444641
    ],
    "val_loss": [
        3.80888032913208,
        1.0948965549468994,
        0.639657735824585,
        0.42600488662719727,
        0.2982756197452545,
        0.2281966209411621,
        0.18066364526748657,
        0.15711599588394165,
        0.1550510972738266,
        0.13865485787391663
    ],
    "mae": [
        2.2488350868225098,
        1.2333658933639526,
        0.8171148300170898,
        0.663801372051239,
        0.5650558471679688,
        0.48863744735717773,
        0.4527915120124817,
        0.41454172134399414,
        0.39306768774986267,
        0.38292643427848816
    ],
    "val_mae": [
        1.7197614908218384,
        0.8194016218185425,
        0.6237331032752991,
        0.48911839723587036,
        0.3982452154159546,
        0.33956724405288696,
        0.2938586473464966,
        0.2654131352901459,
        0.27739012241363525,
        0.25489598512649536
    ],
    "r2_metric": [
        -51.13163375854492,
        -45.63541030883789,
        -56.03962707519531,
        -58.34962463378906,
        -59.91548156738281,
        -60.70875549316406,
        -60.90729904174805,
        -61.64226150512695,
        -61.599002838134766,
        -61.589332580566406
    ],
    "val_r2_metric": [
        -3084879.75,
        -49482.046875,
        -4406.5927734375,
        -51582.8125,
        -56576.015625,
        -68645.1484375,
        -100468.9375,
        -63563.5703125,
        -204393.015625,
        -231297.25
    ]
}