{
    "loss": [
        0.7680765390396118,
        0.09652765095233917,
        0.07304174453020096,
        0.05711698904633522,
        0.04518849402666092,
        0.03623880818486214,
        0.029902981594204903,
        0.02406831830739975,
        0.020061969757080078,
        0.01703842543065548
    ],
    "val_loss": [
        0.014108877629041672,
        0.03767089173197746,
        0.01292137335985899,
        0.01875016652047634,
        0.008392415009438992,
        0.008809281513094902,
        0.004886987153440714,
        0.007264595944434404,
        0.003738760482519865,
        0.004950925707817078
    ],
    "mae": [
        0.5047768354415894,
        0.21875078976154327,
        0.18692831695079803,
        0.16300806403160095,
        0.14391225576400757,
        0.1287413239479065,
        0.11624862998723984,
        0.10354690998792648,
        0.09352393448352814,
        0.08620671182870865
    ],
    "val_mae": [
        0.08088769763708115,
        0.15855102241039276,
        0.07389713078737259,
        0.09766452759504318,
        0.061680614948272705,
        0.06405501812696457,
        0.04154727980494499,
        0.05660243332386017,
        0.03146901726722717,
        0.034674856811761856
    ],
    "r2_metric": [
        -61.23653793334961,
        -63.04804229736328,
        -62.98476791381836,
        -62.91560363769531,
        -62.87044143676758,
        -62.84508514404297,
        -62.86872863769531,
        -62.88067626953125,
        -62.88667678833008,
        -62.90353012084961
    ],
    "val_r2_metric": [
        -61.939659118652344,
        -61.05192565917969,
        -61.21656036376953,
        -60.470767974853516,
        -61.6313362121582,
        -61.263607025146484,
        -62.40598678588867,
        -61.61197280883789,
        -62.414329528808594,
        -62.28066635131836
    ]
}