{
    "loss": [
        0.5582567453384399,
        0.07381575554609299,
        0.05145964026451111,
        0.03722139447927475,
        0.027866702526807785,
        0.0215945765376091,
        0.017976751551032066,
        0.014842665754258633,
        0.012465828098356724,
        0.010096756741404533
    ],
    "val_loss": [
        0.022120900452136993,
        0.03516918420791626,
        0.03523143008351326,
        0.01992093212902546,
        0.026272527873516083,
        0.018624523654580116,
        0.007980413734912872,
        0.010382016189396381,
        0.01061548013240099,
        0.0071766795590519905
    ],
    "mae": [
        0.4221586585044861,
        0.19050370156764984,
        0.1551666259765625,
        0.13028426468372345,
        0.11077447980642319,
        0.09732062369585037,
        0.0880335122346878,
        0.07941386848688126,
        0.071444071829319,
        0.06221570074558258
    ],
    "val_mae": [
        0.1056123599410057,
        0.14584881067276,
        0.13272923231124878,
        0.09782689064741135,
        0.10405183583498001,
        0.07887452840805054,
        0.050742655992507935,
        0.06241380795836449,
        0.05818784981966019,
        0.04472214728593826
    ],
    "r2_metric": [
        -61.4464111328125,
        -62.95273971557617,
        -62.87642288208008,
        -62.83274459838867,
        -62.87220001220703,
        -62.882774353027344,
        -62.88103103637695,
        -62.89585494995117,
        -62.90978240966797,
        -62.914085388183594
    ],
    "val_r2_metric": [
        -60.32448196411133,
        -60.25873565673828,
        -59.38024139404297,
        -60.01781463623047,
        -59.71970748901367,
        -60.55343246459961,
        -61.668663024902344,
        -61.15262222290039,
        -61.1904411315918,
        -61.54103469848633
    ]
}