{
    "loss": [
        0.47325435280799866,
        0.06773790717124939,
        0.04570255056023598,
        0.03244561329483986,
        0.024045465514063835,
        0.018773473799228668,
        0.015037797391414642,
        0.012103408575057983,
        0.00980521459132433,
        0.008443286642432213
    ],
    "val_loss": [
        0.016358276829123497,
        0.020823748782277107,
        0.024401161819696426,
        0.006673297379165888,
        0.004356781952083111,
        0.007845892570912838,
        0.003972765523940325,
        0.009136163629591465,
        0.0034313437063246965,
        0.002534947358071804
    ],
    "mae": [
        0.373687207698822,
        0.18101151287555695,
        0.1463640034198761,
        0.12247227877378464,
        0.10500146448612213,
        0.09201366454362869,
        0.0814131498336792,
        0.07157072424888611,
        0.06319870799779892,
        0.05674230679869652
    ],
    "val_mae": [
        0.08806502819061279,
        0.1070786789059639,
        0.10937099903821945,
        0.05475723370909691,
        0.04280557855963707,
        0.0568435974419117,
        0.04044772684574127,
        0.054940734058618546,
        0.03110155090689659,
        0.025758035480976105
    ],
    "r2_metric": [
        -62.01613235473633,
        -62.95376968383789,
        -62.893943786621094,
        -62.87104034423828,
        -62.877098083496094,
        -62.894954681396484,
        -62.907440185546875,
        -62.90562438964844,
        -62.92060470581055,
        -62.930625915527344
    ],
    "val_r2_metric": [
        -61.080177307128906,
        -60.52297592163086,
        -59.85359573364258,
        -61.515933990478516,
        -62.26984405517578,
        -61.214351654052734,
        -62.219947814941406,
        -61.268470764160156,
        -62.149417877197266,
        -62.470420837402344
    ]
}