{
    "loss": [
        1.6702767610549927,
        0.16253376007080078,
        0.1188034638762474,
        0.10151321440935135,
        0.0885915756225586,
        0.07734302431344986,
        0.06949952989816666,
        0.06387411057949066,
        0.05796966329216957,
        0.0529344342648983
    ],
    "val_loss": [
        0.07059180736541748,
        0.03930683806538582,
        0.019899016246199608,
        0.020381592214107513,
        0.02253393456339836,
        0.024124832823872566,
        0.03175106272101402,
        0.011225085705518723,
        0.014799635857343674,
        0.026864666491746902
    ],
    "mae": [
        0.8612960577011108,
        0.2959088683128357,
        0.24627678096294403,
        0.22474944591522217,
        0.20884671807289124,
        0.1948387771844864,
        0.18429206311702728,
        0.17577393352985382,
        0.16727957129478455,
        0.15829682350158691
    ],
    "val_mae": [
        0.1888980120420456,
        0.13703270256519318,
        0.07899421453475952,
        0.08543545752763748,
        0.09696174412965775,
        0.10023749619722366,
        0.12917834520339966,
        0.04687625169754028,
        0.06675241887569427,
        0.11956003308296204
    ],
    "r2_metric": [
        -57.80008316040039,
        -62.778358459472656,
        -62.93284606933594,
        -62.94258499145508,
        -62.94806671142578,
        -62.922698974609375,
        -62.92964172363281,
        -62.8896484375,
        -62.89870071411133,
        -62.900211334228516
    ],
    "val_r2_metric": [
        -61.511985778808594,
        -60.11756896972656,
        -61.547489166259766,
        -62.12091064453125,
        -61.54846954345703,
        -61.14703369140625,
        -60.71880340576172,
        -63.201316833496094,
        -61.41586685180664,
        -61.02332305908203
    ]
}