{
    "loss": [
        5.792450428009033,
        1.1698296070098877,
        0.5735344886779785,
        0.37286972999572754,
        0.2918657958507538,
        0.24261637032032013,
        0.21763285994529724,
        0.1950882524251938,
        0.18231645226478577,
        0.16820892691612244
    ],
    "val_loss": [
        1.5963927507400513,
        0.48330289125442505,
        0.22666187584400177,
        0.16795982420444489,
        0.12485593557357788,
        0.11221712082624435,
        0.06766773015260696,
        0.1092526763677597,
        0.0889602079987526,
        0.06673218309879303
    ],
    "mae": [
        1.9884605407714844,
        0.8566926717758179,
        0.5873862504959106,
        0.4676840305328369,
        0.40994998812675476,
        0.3733130395412445,
        0.3474145531654358,
        0.3307136595249176,
        0.31845009326934814,
        0.3024749457836151
    ],
    "val_mae": [
        0.9743271470069885,
        0.5392557382583618,
        0.3492499887943268,
        0.29920777678489685,
        0.25795069336891174,
        0.24349913001060486,
        0.16642923653125763,
        0.25571081042289734,
        0.22580087184906006,
        0.18035385012626648
    ],
    "r2_metric": [
        -50.434906005859375,
        -55.82722473144531,
        -60.13834762573242,
        -61.46491622924805,
        -61.94656753540039,
        -62.27164840698242,
        -62.29854202270508,
        -62.41293716430664,
        -62.37993240356445,
        -62.5843620300293
    ],
    "val_r2_metric": [
        -49.95106887817383,
        -57.62699890136719,
        -60.501312255859375,
        -61.58726119995117,
        -61.075618743896484,
        -59.6884880065918,
        -61.56467056274414,
        -59.30049133300781,
        -60.95493698120117,
        -60.183902740478516
    ]
}