{
    "loss": [
        4.335659503936768,
        0.6518961787223816,
        0.33884578943252563,
        0.2377379685640335,
        0.19307173788547516,
        0.179629847407341,
        0.15148301422595978,
        0.13933677971363068,
        0.12882643938064575,
        0.12364095449447632
    ],
    "val_loss": [
        0.7613127827644348,
        0.22149957716464996,
        0.11665569990873337,
        0.08206676691770554,
        0.07853750139474869,
        0.12589551508426666,
        0.05005830526351929,
        0.03775477036833763,
        0.06383631378412247,
        0.037237055599689484
    ],
    "mae": [
        1.6466476917266846,
        0.63421231508255,
        0.442455530166626,
        0.3682158589363098,
        0.3299817442893982,
        0.31693699955940247,
        0.28779807686805725,
        0.2726583778858185,
        0.2622433006763458,
        0.2561131417751312
    ],
    "val_mae": [
        0.6879898309707642,
        0.34311482310295105,
        0.23252935707569122,
        0.19501419365406036,
        0.20242346823215485,
        0.29500916600227356,
        0.15081514418125153,
        0.11612206697463989,
        0.19416068494319916,
        0.11525232344865799
    ],
    "r2_metric": [
        -51.11714553833008,
        -59.22898483276367,
        -61.818275451660156,
        -62.45882797241211,
        -62.57631301879883,
        -62.696624755859375,
        -62.80137252807617,
        -62.73662185668945,
        -62.82572937011719,
        -62.8115348815918
    ],
    "val_r2_metric": [
        -57.279483795166016,
        -62.83165740966797,
        -64.27816772460938,
        -62.36259460449219,
        -62.113861083984375,
        -61.58223342895508,
        -61.36594009399414,
        -61.901187896728516,
        -61.02515411376953,
        -63.201297760009766
    ]
}