{
    "loss": [
        0.6890460252761841,
        0.0900462195277214,
        0.06766467541456223,
        0.054162539541721344,
        0.04291166737675667,
        0.035197559744119644,
        0.029221627861261368,
        0.023916885256767273,
        0.01924121379852295,
        0.01812540739774704
    ],
    "val_loss": [
        0.01616978645324707,
        0.022158654406666756,
        0.009329276159405708,
        0.012444430030882359,
        0.02482280693948269,
        0.01675565168261528,
        0.0112141789868474,
        0.009869243949651718,
        0.005590910091996193,
        0.004167042672634125
    ],
    "mae": [
        0.4759942293167114,
        0.21182426810264587,
        0.180813729763031,
        0.1586737036705017,
        0.1400557905435562,
        0.12697142362594604,
        0.11500884592533112,
        0.10334080457687378,
        0.09208088368177414,
        0.08915247023105621
    ],
    "val_mae": [
        0.08465765416622162,
        0.10797806084156036,
        0.0631415918469429,
        0.07166577875614166,
        0.10768231004476547,
        0.08992686122655869,
        0.07143459469079971,
        0.06621463596820831,
        0.04249337315559387,
        0.03581375256180763
    ],
    "r2_metric": [
        -61.18747329711914,
        -62.97312927246094,
        -62.938968658447266,
        -62.89104461669922,
        -62.85094451904297,
        -62.83789825439453,
        -62.85625076293945,
        -62.86764144897461,
        -62.881038665771484,
        -62.88764572143555
    ],
    "val_r2_metric": [
        -61.3613395690918,
        -61.080360412597656,
        -61.51619338989258,
        -61.29191589355469,
        -59.86039733886719,
        -60.37679672241211,
        -61.3955078125,
        -61.55792999267578,
        -61.83522033691406,
        -62.35088348388672
    ]
}