{
    "loss": [
        0.6251002550125122,
        0.08558192104101181,
        0.06358490884304047,
        0.049211837351322174,
        0.038497503846883774,
        0.03205998241901398,
        0.02663104236125946,
        0.02204526774585247,
        0.018783751875162125,
        0.01598191075026989
    ],
    "val_loss": [
        0.012750083580613136,
        0.015260527841746807,
        0.006942812819033861,
        0.017774568870663643,
        0.012075730599462986,
        0.0058385878801345825,
        0.009737427346408367,
        0.0057346704415977,
        0.010551129467785358,
        0.0040747541934251785
    ],
    "mae": [
        0.4493832290172577,
        0.2062704861164093,
        0.17492981255054474,
        0.15260855853557587,
        0.13389061391353607,
        0.12217314541339874,
        0.11098261177539825,
        0.09992947429418564,
        0.09206963330507278,
        0.08446064591407776
    ],
    "val_mae": [
        0.07401060312986374,
        0.08448521792888641,
        0.04754047468304634,
        0.09743253141641617,
        0.07519429922103882,
        0.04830894246697426,
        0.06465082615613937,
        0.043057654052972794,
        0.06366362422704697,
        0.03347642347216606
    ],
    "r2_metric": [
        -61.305606842041016,
        -62.98027801513672,
        -62.91865539550781,
        -62.873165130615234,
        -62.85701370239258,
        -62.854305267333984,
        -62.857120513916016,
        -62.875831604003906,
        -62.887664794921875,
        -62.8844108581543
    ],
    "val_r2_metric": [
        -62.60032272338867,
        -61.06292724609375,
        -62.322349548339844,
        -60.4611930847168,
        -60.859092712402344,
        -61.869102478027344,
        -61.232723236083984,
        -61.85460662841797,
        -61.0463981628418,
        -62.148719787597656
    ]
}