{
    "loss": [
        0.8041008710861206,
        0.10479208081960678,
        0.08007566630840302,
        0.06555113941431046,
        0.05351521819829941,
        0.04462603107094765,
        0.0380471795797348,
        0.03267214074730873,
        0.02799566090106964,
        0.02424723096191883
    ],
    "val_loss": [
        0.013445320539176464,
        0.010161085054278374,
        0.011591236107051373,
        0.015245967544615269,
        0.016354912891983986,
        0.010385115630924702,
        0.00619081687182188,
        0.007357683032751083,
        0.008006111718714237,
        0.010417669080197811
    ],
    "mae": [
        0.5306255221366882,
        0.22981750965118408,
        0.19772803783416748,
        0.17724023759365082,
        0.1580994874238968,
        0.14352591335773468,
        0.13226722180843353,
        0.12218278646469116,
        0.11288607120513916,
        0.1049276813864708
    ],
    "val_mae": [
        0.0760592445731163,
        0.0629228949546814,
        0.07003895938396454,
        0.08526086062192917,
        0.08786524087190628,
        0.0588594414293766,
        0.04613124579191208,
        0.05754118412733078,
        0.05665004998445511,
        0.0651375874876976
    ],
    "r2_metric": [
        -60.723304748535156,
        -63.007694244384766,
        -62.98426055908203,
        -62.912899017333984,
        -62.89567184448242,
        -62.868995666503906,
        -62.83707809448242,
        -62.829017639160156,
        -62.8532829284668,
        -62.865272521972656
    ],
    "val_r2_metric": [
        -63.94094467163086,
        -62.372798919677734,
        -61.85559844970703,
        -60.78205871582031,
        -60.85354995727539,
        -61.51487731933594,
        -62.170814514160156,
        -61.94417190551758,
        -61.555171966552734,
        -61.13026809692383
    ]
}