{
    "loss": [
        2.7644097805023193,
        0.3356156051158905,
        0.2022160291671753,
        0.16196534037590027,
        0.13650232553482056,
        0.1241840049624443,
        0.11487066000699997,
        0.10469885170459747,
        0.09869509190320969,
        0.09062491357326508
    ],
    "val_loss": [
        0.3070448637008667,
        0.07925031334161758,
        0.07023333758115768,
        0.0634411945939064,
        0.03449324890971184,
        0.05365455895662308,
        0.028751181438565254,
        0.05218355730175972,
        0.024526754394173622,
        0.028119929134845734
    ],
    "mae": [
        1.2392189502716064,
        0.43888264894485474,
        0.33591291308403015,
        0.2954334318637848,
        0.26667025685310364,
        0.25519704818725586,
        0.24326179921627045,
        0.23172803223133087,
        0.22465243935585022,
        0.21572555601596832
    ],
    "val_mae": [
        0.42168426513671875,
        0.1939322054386139,
        0.1919545978307724,
        0.18655814230442047,
        0.11243372410535812,
        0.17482061684131622,
        0.10059895366430283,
        0.15657415986061096,
        0.08880569040775299,
        0.10700918734073639
    ],
    "r2_metric": [
        -53.14752197265625,
        -61.59281539916992,
        -62.504737854003906,
        -62.67251968383789,
        -62.70278549194336,
        -62.752479553222656,
        -62.74488830566406,
        -62.80990219116211,
        -62.7367057800293,
        -62.730567932128906
    ],
    "val_r2_metric": [
        -59.98370361328125,
        -61.635616302490234,
        -62.24276351928711,
        -61.99882888793945,
        -62.13277816772461,
        -60.937713623046875,
        -62.091957092285156,
        -59.71302795410156,
        -61.67877960205078,
        -62.29771423339844
    ]
}