{
    "loss": [
        0.6104417443275452,
        0.0881076529622078,
        0.061872269958257675,
        0.04593704268336296,
        0.03642629086971283,
        0.0285564586520195,
        0.02290746569633484,
        0.018882468342781067,
        0.01516298670321703,
        0.01422233134508133
    ],
    "val_loss": [
        0.0248254481703043,
        0.03154555335640907,
        0.013939828611910343,
        0.02865021675825119,
        0.028037425130605698,
        0.02130262553691864,
        0.024317706003785133,
        0.019618351012468338,
        0.019310470670461655,
        0.018004540354013443
    ],
    "mae": [
        0.451372891664505,
        0.2098604440689087,
        0.1728614717721939,
        0.1463613361120224,
        0.1305345892906189,
        0.1145545244216919,
        0.1011883020401001,
        0.09168113768100739,
        0.08170851320028305,
        0.0790780708193779
    ],
    "val_mae": [
        0.1153426393866539,
        0.13505758345127106,
        0.08093349635601044,
        0.11733918637037277,
        0.11605136841535568,
        0.09546215832233429,
        0.10474207252264023,
        0.08352246880531311,
        0.08002772182226181,
        0.07796461135149002
    ],
    "r2_metric": [
        -61.4683952331543,
        -62.96525573730469,
        -62.9002571105957,
        -62.85232162475586,
        -62.84213638305664,
        -62.8501091003418,
        -62.868072509765625,
        -62.8748779296875,
        -62.89794921875,
        -62.903072357177734
    ],
    "val_r2_metric": [
        -60.414981842041016,
        -60.47795104980469,
        -60.65886306762695,
        -59.41751480102539,
        -59.56412124633789,
        -59.8943977355957,
        -59.71575164794922,
        -60.2576789855957,
        -60.23860549926758,
        -60.374481201171875
    ]
}