{
    "loss": [
        0.4912342131137848,
        0.07385841757059097,
        0.05141718313097954,
        0.03777917101979256,
        0.02949153073132038,
        0.022879919037222862,
        0.018495474010705948,
        0.015315384604036808,
        0.012814659625291824,
        0.010721134021878242
    ],
    "val_loss": [
        0.020576676353812218,
        0.014215322211384773,
        0.006686795502901077,
        0.015630047768354416,
        0.005532168783247471,
        0.005415480118244886,
        0.006931045092642307,
        0.0034487564116716385,
        0.012529284693300724,
        0.00295466766692698
    ],
    "mae": [
        0.3919954001903534,
        0.18982809782028198,
        0.15656456351280212,
        0.13230359554290771,
        0.11541913449764252,
        0.10058829933404922,
        0.09019707888364792,
        0.0825226902961731,
        0.07514842599630356,
        0.06719411909580231
    ],
    "val_mae": [
        0.10843310505151749,
        0.08449940383434296,
        0.051973678171634674,
        0.09028338640928268,
        0.043204084038734436,
        0.044872742146253586,
        0.04581522196531296,
        0.03376514092087746,
        0.06935741007328033,
        0.028369110077619553
    ],
    "r2_metric": [
        -61.615360260009766,
        -62.96409225463867,
        -62.910858154296875,
        -62.869205474853516,
        -62.86565017700195,
        -62.88192367553711,
        -62.899436950683594,
        -62.911441802978516,
        -62.9169807434082,
        -62.91860580444336
    ],
    "val_r2_metric": [
        -61.438751220703125,
        -61.223506927490234,
        -62.16657638549805,
        -60.64070129394531,
        -61.770076751708984,
        -61.78958511352539,
        -61.546607971191406,
        -62.23331832885742,
        -60.834197998046875,
        -62.349674224853516
    ]
}