{
    "loss": [
        0.24367114901542664,
        0.01597391441464424,
        0.010406050831079483,
        0.007764532696455717,
        0.005652111489325762,
        0.004831756465137005,
        0.003945040516555309,
        0.003553676651790738,
        0.0024454074446111917,
        0.0026659383438527584
    ],
    "val_loss": [
        0.013723351992666721,
        0.010663202963769436,
        0.010305384173989296,
        0.012238051742315292,
        0.007084411568939686,
        0.01039153803139925,
        0.010525502264499664,
        0.009384769015014172,
        0.006636995356529951,
        0.00879406463354826
    ],
    "accuracy": [
        0.917184054851532,
        0.9969156384468079,
        0.9976629018783569,
        0.9981796145439148,
        0.9984498620033264,
        0.9988235235214233,
        0.9988791346549988,
        0.9990142583847046,
        0.9992368817329407,
        0.9992527365684509
    ],
    "val_accuracy": [
        0.9970879554748535,
        0.9974960088729858,
        0.9977371096611023,
        0.9977371096611023,
        0.9984790682792664,
        0.99821937084198,
        0.9980153441429138,
        0.9983121156692505,
        0.9987943768501282,
        0.9983306527137756
    ]
}