{
    "loss": [
        0.4511961340904236,
        0.0678970143198967,
        0.04545237496495247,
        0.03282444179058075,
        0.02435690350830555,
        0.01889748126268387,
        0.01563148945569992,
        0.0129237100481987,
        0.010245456360280514,
        0.00828214269131422
    ],
    "val_loss": [
        0.024264436215162277,
        0.0144337834790349,
        0.026742294430732727,
        0.024950504302978516,
        0.016926206648349762,
        0.011616576462984085,
        0.01328097004443407,
        0.011657942086458206,
        0.0075193047523498535,
        0.003149680094793439
    ],
    "mae": [
        0.37964189052581787,
        0.18195943534374237,
        0.14541272819042206,
        0.1222018226981163,
        0.1046665757894516,
        0.09230699390172958,
        0.08358271420001984,
        0.07412198185920715,
        0.06417090445756912,
        0.05585816130042076
    ],
    "val_mae": [
        0.11913330107927322,
        0.08494550734758377,
        0.11927828192710876,
        0.10759436339139938,
        0.08400847017765045,
        0.07140999287366867,
        0.0746513307094574,
        0.06615134328603745,
        0.05005398392677307,
        0.02603410929441452
    ],
    "r2_metric": [
        -61.77119445800781,
        -62.941436767578125,
        -62.88826370239258,
        -62.8693962097168,
        -62.888484954833984,
        -62.90105056762695,
        -62.9084358215332,
        -62.910396575927734,
        -62.93271255493164,
        -62.94137191772461
    ],
    "val_r2_metric": [
        -61.6871223449707,
        -60.65129089355469,
        -60.279911041259766,
        -60.227840423583984,
        -60.62242126464844,
        -60.990684509277344,
        -60.68948745727539,
        -60.9815673828125,
        -61.547855377197266,
        -62.263580322265625
    ]
}