{
    "loss": [
        4.164031028747559,
        0.6569911241531372,
        0.30447936058044434,
        0.21262331306934357,
        0.1845434457063675,
        0.1582692414522171,
        0.1419755071401596,
        0.1313587874174118,
        0.12314427644014359,
        0.11348182708024979
    ],
    "val_loss": [
        0.8514463901519775,
        0.20185621082782745,
        0.09782592207193375,
        0.06911785900592804,
        0.05029434710741043,
        0.04514827951788902,
        0.051039405167102814,
        0.06313969194889069,
        0.045964986085891724,
        0.03955413028597832
    ],
    "mae": [
        1.6040784120559692,
        0.6316102147102356,
        0.41527998447418213,
        0.34222862124443054,
        0.3154153823852539,
        0.2905581593513489,
        0.2741551995277405,
        0.26376765966415405,
        0.25575879216194153,
        0.24247686564922333
    ],
    "val_mae": [
        0.721092700958252,
        0.3252710700035095,
        0.21445901691913605,
        0.1718912124633789,
        0.13764411211013794,
        0.14108574390411377,
        0.15222211182117462,
        0.1878742277622223,
        0.14654874801635742,
        0.13739795982837677
    ],
    "r2_metric": [
        -52.36620330810547,
        -58.841678619384766,
        -61.668094635009766,
        -62.28911590576172,
        -62.46451950073242,
        -62.56211471557617,
        -62.679805755615234,
        -62.73551559448242,
        -62.66371154785156,
        -62.636104583740234
    ],
    "val_r2_metric": [
        -55.5810546875,
        -60.28768539428711,
        -60.39666748046875,
        -61.579795837402344,
        -61.360843658447266,
        -60.369327545166016,
        -60.03810501098633,
        -59.839237213134766,
        -60.182613372802734,
        -60.2379264831543
    ]
}