{
    "loss": [
        0.5666256546974182,
        0.08066905289888382,
        0.059437189251184464,
        0.04610103368759155,
        0.03668369725346565,
        0.030082274228334427,
        0.024538690224289894,
        0.020126167684793472,
        0.017018919810652733,
        0.014610144309699535
    ],
    "val_loss": [
        0.009315958246588707,
        0.0130187151953578,
        0.023584464564919472,
        0.022591864690184593,
        0.009536662138998508,
        0.0068104942329227924,
        0.007420680020004511,
        0.010557319037616253,
        0.014702961780130863,
        0.009212488308548927
    ],
    "mae": [
        0.43653127551078796,
        0.19960947334766388,
        0.16928890347480774,
        0.14764654636383057,
        0.13129152357578278,
        0.11863505095243454,
        0.10619191080331802,
        0.09523056447505951,
        0.08727584779262543,
        0.08044072985649109
    ],
    "val_mae": [
        0.056670814752578735,
        0.07203049957752228,
        0.10826518386602402,
        0.10388229042291641,
        0.06255802512168884,
        0.04640214890241623,
        0.053869858384132385,
        0.0619039423763752,
        0.07629117369651794,
        0.05402885004878044
    ],
    "r2_metric": [
        -61.063472747802734,
        -62.94566345214844,
        -62.914634704589844,
        -62.849037170410156,
        -62.83027648925781,
        -62.834510803222656,
        -62.858341217041016,
        -62.876461029052734,
        -62.88505935668945,
        -62.89043426513672
    ],
    "val_r2_metric": [
        -62.517520904541016,
        -61.52312088012695,
        -60.360595703125,
        -59.91680908203125,
        -61.397491455078125,
        -61.903263092041016,
        -61.73106002807617,
        -61.16002655029297,
        -60.816009521484375,
        -61.306766510009766
    ]
}