{
    "loss": [
        1.2992863655090332,
        0.13188032805919647,
        0.09954415261745453,
        0.08533056080341339,
        0.07406925410032272,
        0.06427609175443649,
        0.05948689207434654,
        0.05297055095434189,
        0.048503004014492035,
        0.04127700254321098
    ],
    "val_loss": [
        0.03527797758579254,
        0.01731637492775917,
        0.04836300387978554,
        0.016246894374489784,
        0.03138364478945732,
        0.019473398104310036,
        0.02615678310394287,
        0.028420118615031242,
        0.01651766337454319,
        0.027999576181173325
    ],
    "mae": [
        0.7149675488471985,
        0.2624140679836273,
        0.2229483425617218,
        0.20510807633399963,
        0.18973563611507416,
        0.17641906440258026,
        0.1690283864736557,
        0.15880629420280457,
        0.15015330910682678,
        0.13682492077350616
    ],
    "val_mae": [
        0.12247113883495331,
        0.07998181134462357,
        0.1793857365846634,
        0.0779171884059906,
        0.12939496338367462,
        0.09102719277143478,
        0.1052708625793457,
        0.12171017378568649,
        0.08172672986984253,
        0.11710521578788757
    ],
    "r2_metric": [
        -59.06291198730469,
        -62.86790084838867,
        -62.96487808227539,
        -62.96498489379883,
        -62.949913024902344,
        -62.92661666870117,
        -62.897586822509766,
        -62.84819412231445,
        -62.85374069213867,
        -62.85871887207031
    ],
    "val_r2_metric": [
        -62.96944808959961,
        -62.12904357910156,
        -61.13566589355469,
        -61.583953857421875,
        -60.42926788330078,
        -60.9229850769043,
        -60.24565887451172,
        -60.88739776611328,
        -61.029747009277344,
        -59.62140655517578
    ]
}