{
    "loss": [
        0.5616244673728943,
        0.07628926634788513,
        0.05220624804496765,
        0.03748919442296028,
        0.027488162741065025,
        0.021212931722402573,
        0.016693754121661186,
        0.013562276028096676,
        0.010850884951651096,
        0.009015397168695927
    ],
    "val_loss": [
        0.012538079172372818,
        0.020127585157752037,
        0.01904374361038208,
        0.014256675727665424,
        0.00909764040261507,
        0.0075266133062541485,
        0.007608173880726099,
        0.006499128416180611,
        0.004302839748561382,
        0.002007748233154416
    ],
    "mae": [
        0.4166965186595917,
        0.19222253561019897,
        0.1554589867591858,
        0.13051021099090576,
        0.1113017275929451,
        0.09662104398012161,
        0.08407913893461227,
        0.07466254383325577,
        0.06483037769794464,
        0.05705811828374863
    ],
    "val_mae": [
        0.0753408670425415,
        0.10482492297887802,
        0.09325208514928818,
        0.0841655507683754,
        0.06345633417367935,
        0.05002928525209427,
        0.05454770475625992,
        0.047044478356838226,
        0.0353335440158844,
        0.016637522727251053
    ],
    "r2_metric": [
        -61.74747085571289,
        -62.97127151489258,
        -62.88796615600586,
        -62.854644775390625,
        -62.85306930541992,
        -62.87629318237305,
        -62.88523483276367,
        -62.89654541015625,
        -62.91011428833008,
        -62.9143180847168
    ],
    "val_r2_metric": [
        -61.423702239990234,
        -60.617435455322266,
        -60.11958694458008,
        -60.568626403808594,
        -61.16450500488281,
        -61.552066802978516,
        -61.43243408203125,
        -61.67322540283203,
        -61.963863372802734,
        -62.61160659790039
    ]
}