{
    "loss": [
        0.6096909642219543,
        0.08581428229808807,
        0.06233787164092064,
        0.048493124544620514,
        0.038985949009656906,
        0.0310615673661232,
        0.025364259257912636,
        0.02116072177886963,
        0.017861807718873024,
        0.015138608403503895
    ],
    "val_loss": [
        0.012951786629855633,
        0.023755431175231934,
        0.014638349413871765,
        0.011146294884383678,
        0.010272184386849403,
        0.010462980717420578,
        0.005830101203173399,
        0.00937893707305193,
        0.004548800643533468,
        0.004178961738944054
    ],
    "mae": [
        0.4505448043346405,
        0.20633111894130707,
        0.17330914735794067,
        0.15127387642860413,
        0.13476231694221497,
        0.11889360100030899,
        0.10597135126590729,
        0.09607874602079391,
        0.08764888346195221,
        0.07957013696432114
    ],
    "val_mae": [
        0.07123730331659317,
        0.11517491936683655,
        0.0856405571103096,
        0.06807251274585724,
        0.06421028077602386,
        0.0671960636973381,
        0.044361189007759094,
        0.0641818419098854,
        0.039656732231378555,
        0.034315671771764755
    ],
    "r2_metric": [
        -61.321537017822266,
        -62.9494514465332,
        -62.92294692993164,
        -62.87405014038086,
        -62.84092712402344,
        -62.86397933959961,
        -62.88210678100586,
        -62.894004821777344,
        -62.89474868774414,
        -62.899513244628906
    ],
    "val_r2_metric": [
        -62.51702117919922,
        -61.13982391357422,
        -60.63985824584961,
        -61.07486343383789,
        -61.37590408325195,
        -61.223209381103516,
        -62.253726959228516,
        -61.30695724487305,
        -61.98212432861328,
        -61.99390411376953
    ]
}