{
    "loss": [
        2.8728878498077393,
        0.35308054089546204,
        0.20511431992053986,
        0.16059406101703644,
        0.14027194678783417,
        0.12217848002910614,
        0.11408533155918121,
        0.10396460443735123,
        0.09797368198633194,
        0.09349938482046127
    ],
    "val_loss": [
        0.3614557683467865,
        0.09065127372741699,
        0.053609900176525116,
        0.06113788112998009,
        0.047622788697481155,
        0.03297178074717522,
        0.0308220311999321,
        0.04416821151971817,
        0.06539998203516006,
        0.028252772986888885
    ],
    "mae": [
        1.2666889429092407,
        0.4537253975868225,
        0.3356352746486664,
        0.28930598497390747,
        0.26972779631614685,
        0.25134968757629395,
        0.24155551195144653,
        0.2287854701280594,
        0.22198498249053955,
        0.21764621138572693
    ],
    "val_mae": [
        0.4436977207660675,
        0.20779038965702057,
        0.14448554813861847,
        0.1727471947669983,
        0.14433537423610687,
        0.10504404455423355,
        0.10192020237445831,
        0.14332307875156403,
        0.1964636743068695,
        0.10213693976402283
    ],
    "r2_metric": [
        -53.42938995361328,
        -61.416954040527344,
        -62.45669937133789,
        -62.75785827636719,
        -62.77682876586914,
        -62.906856536865234,
        -62.855716705322266,
        -62.91154098510742,
        -62.89993667602539,
        -62.92232894897461
    ],
    "val_r2_metric": [
        -60.99698257446289,
        -61.65531539916992,
        -61.54031753540039,
        -59.828094482421875,
        -61.034358978271484,
        -60.98717498779297,
        -61.27460479736328,
        -60.361602783203125,
        -61.11037826538086,
        -61.07837677001953
    ]
}