{
    "loss": [
        0.47917330265045166,
        0.07132779061794281,
        0.0476127564907074,
        0.03363754600286484,
        0.024367816746234894,
        0.018941503018140793,
        0.015457045286893845,
        0.012541028670966625,
        0.010149949230253696,
        0.008077705278992653
    ],
    "val_loss": [
        0.02424999698996544,
        0.014640585519373417,
        0.012951036915183067,
        0.009004899300634861,
        0.004358137957751751,
        0.004775970708578825,
        0.005336542148143053,
        0.007793690077960491,
        0.004140660632401705,
        0.0055417162366211414
    ],
    "mae": [
        0.38467907905578613,
        0.18492041528224945,
        0.14767718315124512,
        0.1226261779665947,
        0.10287396609783173,
        0.09034695476293564,
        0.08148124068975449,
        0.07173126935958862,
        0.06260980665683746,
        0.053990788757801056
    ],
    "val_mae": [
        0.11694571375846863,
        0.08319580554962158,
        0.07799702882766724,
        0.06198940426111221,
        0.04310096427798271,
        0.045764267444610596,
        0.04220537841320038,
        0.0490708090364933,
        0.0321330726146698,
        0.03842570260167122
    ],
    "r2_metric": [
        -62.057010650634766,
        -62.94856262207031,
        -62.88159942626953,
        -62.85419464111328,
        -62.88125228881836,
        -62.89980697631836,
        -62.901519775390625,
        -62.907344818115234,
        -62.920867919921875,
        -62.92238998413086
    ],
    "val_r2_metric": [
        -60.9463005065918,
        -60.733219146728516,
        -60.634674072265625,
        -61.199588775634766,
        -62.34530258178711,
        -62.49980163574219,
        -61.8150634765625,
        -61.427669525146484,
        -61.95928955078125,
        -61.72804641723633
    ]
}