{
    "loss": [
        1.698506236076355,
        0.1619356870651245,
        0.11800570785999298,
        0.10095013678073883,
        0.08960402756929398,
        0.07740627974271774,
        0.07066003978252411,
        0.06551117449998856,
        0.057943280786275864,
        0.0533394031226635
    ],
    "val_loss": [
        0.0820620134472847,
        0.03494559973478317,
        0.06581731140613556,
        0.02898079715669155,
        0.050965435802936554,
        0.016978150233626366,
        0.0430859737098217,
        0.03556613251566887,
        0.024565113708376884,
        0.01745377667248249
    ],
    "mae": [
        0.8626245260238647,
        0.29449090361595154,
        0.2456444650888443,
        0.22593671083450317,
        0.2104957401752472,
        0.1948752999305725,
        0.18612006306648254,
        0.17805539071559906,
        0.16606919467449188,
        0.1590030938386917
    ],
    "val_mae": [
        0.20847994089126587,
        0.12636719644069672,
        0.19855283200740814,
        0.11254996806383133,
        0.1703132539987564,
        0.07575184106826782,
        0.15813279151916504,
        0.13355691730976105,
        0.10356797277927399,
        0.08822664618492126
    ],
    "r2_metric": [
        -58.33726501464844,
        -62.662105560302734,
        -62.93438720703125,
        -62.928619384765625,
        -62.917625427246094,
        -62.90419387817383,
        -62.91527557373047,
        -62.92074966430664,
        -62.90395736694336,
        -62.89753723144531
    ],
    "val_r2_metric": [
        -61.08747100830078,
        -61.912803649902344,
        -60.07679748535156,
        -60.35710525512695,
        -59.4595832824707,
        -61.246612548828125,
        -59.95832443237305,
        -59.26475143432617,
        -60.37394714355469,
        -60.53590393066406
    ]
}