{
    "loss": [
        6.893770694732666,
        1.7005877494812012,
        0.8258993029594421,
        0.5179922580718994,
        0.371699720621109,
        0.3030209541320801,
        0.2556808590888977,
        0.21534809470176697,
        0.20709483325481415,
        0.2062699943780899
    ],
    "val_loss": [
        2.831451177597046,
        0.9330849051475525,
        0.4853295683860779,
        0.28635820746421814,
        0.21896496415138245,
        0.16515663266181946,
        0.12086967378854752,
        0.1326965093612671,
        0.10716674476861954,
        0.10224302113056183
    ],
    "mae": [
        2.198709726333618,
        1.057973861694336,
        0.7287490367889404,
        0.5597872138023376,
        0.46574175357818604,
        0.42121532559394836,
        0.38051509857177734,
        0.34807518124580383,
        0.33997318148612976,
        0.3383176922798157
    ],
    "val_mae": [
        1.4770739078521729,
        0.7732789516448975,
        0.533840537071228,
        0.38759493827819824,
        0.35248398780822754,
        0.2894182801246643,
        0.23052026331424713,
        0.2615627348423004,
        0.22971448302268982,
        0.21909353137016296
    ],
    "r2_metric": [
        -52.97600555419922,
        -50.23403549194336,
        -57.78233337402344,
        -59.88121032714844,
        -61.22256088256836,
        -61.64912796020508,
        -61.97540283203125,
        -62.26962661743164,
        -62.2940673828125,
        -62.49631881713867
    ],
    "val_r2_metric": [
        -36.18857192993164,
        -56.5966796875,
        -58.85025405883789,
        -61.18999099731445,
        -59.73795700073242,
        -62.16144943237305,
        -62.62362289428711,
        -61.38486099243164,
        -60.603172302246094,
        -60.66693878173828
    ]
}