{
    "loss": [
        1.0007575750350952,
        0.11162916570901871,
        0.08743547648191452,
        0.07417039573192596,
        0.06293490529060364,
        0.05567755550146103,
        0.04939284175634384,
        0.04198414832353592,
        0.03771645203232765,
        0.0339108482003212
    ],
    "val_loss": [
        0.023496054112911224,
        0.021785834804177284,
        0.01634509116411209,
        0.030994191765785217,
        0.019375555217266083,
        0.007067413069307804,
        0.00607367604970932,
        0.006255314219743013,
        0.005618272349238396,
        0.004970199894160032
    ],
    "mae": [
        0.5894346833229065,
        0.23720712959766388,
        0.2062431126832962,
        0.18874908983707428,
        0.17257915437221527,
        0.16182614862918854,
        0.15173347294330597,
        0.13927122950553894,
        0.13162197172641754,
        0.12395016103982925
    ],
    "val_mae": [
        0.10685083270072937,
        0.10501231998205185,
        0.09581116586923599,
        0.13412781059741974,
        0.10101278126239777,
        0.051088135689496994,
        0.0434177964925766,
        0.04882878437638283,
        0.04590611904859543,
        0.04199038818478584
    ],
    "r2_metric": [
        -60.877803802490234,
        -63.033226013183594,
        -63.00284957885742,
        -62.97500991821289,
        -62.934486389160156,
        -62.89026641845703,
        -62.89601516723633,
        -62.873085021972656,
        -62.83586120605469,
        -62.85559844970703
    ],
    "val_r2_metric": [
        -62.007423400878906,
        -61.15727996826172,
        -62.213279724121094,
        -60.27900695800781,
        -61.4112663269043,
        -62.14799880981445,
        -62.25969314575195,
        -62.03616714477539,
        -62.47364807128906,
        -62.362335205078125
    ]
}