{
    "loss": [
        0.7002118229866028,
        0.0913705825805664,
        0.0718175545334816,
        0.056216903030872345,
        0.04542087763547897,
        0.037294428795576096,
        0.03075336664915085,
        0.025521306321024895,
        0.021080778911709785,
        0.017288729548454285
    ],
    "val_loss": [
        0.01802336983382702,
        0.02628837153315544,
        0.011106761172413826,
        0.020345088094472885,
        0.009660650044679642,
        0.011306900531053543,
        0.008635695092380047,
        0.006914797704666853,
        0.005284745711833239,
        0.004166203085333109
    ],
    "mae": [
        0.4733812212944031,
        0.21302276849746704,
        0.18493807315826416,
        0.16271942853927612,
        0.14435698091983795,
        0.13055716454982758,
        0.11854427307844162,
        0.1072143092751503,
        0.09648263454437256,
        0.08747628331184387
    ],
    "val_mae": [
        0.0934576615691185,
        0.1178952306509018,
        0.07309835404157639,
        0.10367640107870102,
        0.06838173419237137,
        0.07090454548597336,
        0.057701531797647476,
        0.055015236139297485,
        0.046261366456747055,
        0.03879851847887039
    ],
    "r2_metric": [
        -61.4650993347168,
        -63.013607025146484,
        -62.96998977661133,
        -62.91243362426758,
        -62.86605453491211,
        -62.84316635131836,
        -62.849998474121094,
        -62.859275817871094,
        -62.87624740600586,
        -62.88692092895508
    ],
    "val_r2_metric": [
        -61.43596267700195,
        -60.372467041015625,
        -61.069522857666016,
        -60.704532623291016,
        -61.03193664550781,
        -60.90773010253906,
        -61.35248947143555,
        -61.46782684326172,
        -61.76863479614258,
        -62.020835876464844
    ]
}