{
    "loss": [
        1.4215316772460938,
        0.14913952350616455,
        0.1124630868434906,
        0.09407537430524826,
        0.0804460346698761,
        0.06989383697509766,
        0.06277189403772354,
        0.05716094747185707,
        0.052652619779109955,
        0.04704345762729645
    ],
    "val_loss": [
        0.045986950397491455,
        0.026302114129066467,
        0.015910111367702484,
        0.024760272353887558,
        0.015320535749197006,
        0.05045807734131813,
        0.028956033289432526,
        0.01171768270432949,
        0.013900842517614365,
        0.045254845172166824
    ],
    "mae": [
        0.7695732712745667,
        0.28099948167800903,
        0.23927980661392212,
        0.21833692491054535,
        0.2007277011871338,
        0.18626490235328674,
        0.17554530501365662,
        0.1668381690979004,
        0.15934224426746368,
        0.15022458136081696
    ],
    "val_mae": [
        0.1436338871717453,
        0.0989319235086441,
        0.06625287979841232,
        0.10625693947076797,
        0.06957180052995682,
        0.18046431243419647,
        0.11649913340806961,
        0.06413097679615021,
        0.07581080496311188,
        0.15874522924423218
    ],
    "r2_metric": [
        -58.30667495727539,
        -62.774967193603516,
        -62.93879318237305,
        -62.958351135253906,
        -62.93082046508789,
        -62.90974426269531,
        -62.892295837402344,
        -62.899993896484375,
        -62.87470245361328,
        -62.83803176879883
    ],
    "val_r2_metric": [
        -62.66033172607422,
        -61.30217742919922,
        -62.65227508544922,
        -61.390506744384766,
        -61.84256362915039,
        -60.11781311035156,
        -60.396263122558594,
        -61.860042572021484,
        -61.04894256591797,
        -58.924415588378906
    ]
}