{
    "loss": [
        1.5082228183746338,
        0.13635025918483734,
        0.10327242314815521,
        0.09009920060634613,
        0.07980072498321533,
        0.07215634733438492,
        0.06508110463619232,
        0.05779020115733147,
        0.05032113566994667,
        0.047093313187360764
    ],
    "val_loss": [
        0.04943202808499336,
        0.04677160456776619,
        0.031841959804296494,
        0.05286106467247009,
        0.03327123075723648,
        0.03867243230342865,
        0.038758885115385056,
        0.03576257824897766,
        0.026683146134018898,
        0.03276509419083595
    ],
    "mae": [
        0.7755663394927979,
        0.267276406288147,
        0.22767706215381622,
        0.21110917627811432,
        0.19733276963233948,
        0.18675589561462402,
        0.1769503355026245,
        0.16503965854644775,
        0.1516893357038498,
        0.14716224372386932
    ],
    "val_mae": [
        0.16003254055976868,
        0.17032717168331146,
        0.13343217968940735,
        0.18182425200939178,
        0.13456986844539642,
        0.14262175559997559,
        0.14895349740982056,
        0.13724176585674286,
        0.11519981920719147,
        0.13218796253204346
    ],
    "r2_metric": [
        -59.392826080322266,
        -62.845726013183594,
        -62.95953369140625,
        -62.997802734375,
        -62.97770690917969,
        -62.94620895385742,
        -62.94066619873047,
        -62.95259475708008,
        -62.927833557128906,
        -62.900672912597656
    ],
    "val_r2_metric": [
        -61.00602340698242,
        -61.328575134277344,
        -61.358604431152344,
        -59.9477653503418,
        -60.22712707519531,
        -59.93711471557617,
        -59.851722717285156,
        -59.56889724731445,
        -60.015445709228516,
        -59.7313117980957
    ]
}