{
    "loss": [
        1.101244330406189,
        0.11524516344070435,
        0.09067530184984207,
        0.07539844512939453,
        0.06432482600212097,
        0.054774150252342224,
        0.04788762703537941,
        0.04157274216413498,
        0.03518364205956459,
        0.0331304706633091
    ],
    "val_loss": [
        0.026645220816135406,
        0.049945276230573654,
        0.021969381719827652,
        0.027524050325155258,
        0.04665856063365936,
        0.037293992936611176,
        0.025142671540379524,
        0.027189450338482857,
        0.01946227438747883,
        0.023060372099280357
    ],
    "mae": [
        0.6424334645271301,
        0.24325498938560486,
        0.21289098262786865,
        0.19252555072307587,
        0.17682363092899323,
        0.16238057613372803,
        0.15149575471878052,
        0.14097987115383148,
        0.12887200713157654,
        0.12546885013580322
    ],
    "val_mae": [
        0.11080822348594666,
        0.1777486652135849,
        0.09759218245744705,
        0.11677827686071396,
        0.16916923224925995,
        0.14198696613311768,
        0.11475259810686111,
        0.11685115844011307,
        0.09277399629354477,
        0.09688928723335266
    ],
    "r2_metric": [
        -59.721710205078125,
        -62.88576126098633,
        -62.91982650756836,
        -62.95166778564453,
        -62.89024353027344,
        -62.86677551269531,
        -62.83404541015625,
        -62.84517288208008,
        -62.84011459350586,
        -62.841304779052734
    ],
    "val_r2_metric": [
        -62.46607208251953,
        -60.2302360534668,
        -60.499473571777344,
        -60.5477294921875,
        -59.69017791748047,
        -59.713775634765625,
        -60.49887466430664,
        -59.566654205322266,
        -60.079833984375,
        -59.969635009765625
    ]
}