{
    "loss": [
        2.3353052139282227,
        0.2321562021970749,
        0.15026944875717163,
        0.1271851807832718,
        0.11191098392009735,
        0.10131736099720001,
        0.09242153912782669,
        0.08751893788576126,
        0.08146955817937851,
        0.07502276450395584
    ],
    "val_loss": [
        0.18333284556865692,
        0.055494412779808044,
        0.06885986775159836,
        0.030367569997906685,
        0.05951199680566788,
        0.02976689301431179,
        0.05433736369013786,
        0.06420388072729111,
        0.020730499178171158,
        0.03700412064790726
    ],
    "mae": [
        1.0912179946899414,
        0.36366257071495056,
        0.28392326831817627,
        0.2571351230144501,
        0.2395193725824356,
        0.22801873087882996,
        0.21558673679828644,
        0.2095751315355301,
        0.2003738433122635,
        0.1928940862417221
    ],
    "val_mae": [
        0.3213772773742676,
        0.16318558156490326,
        0.20918701589107513,
        0.10750476270914078,
        0.19291989505290985,
        0.10978779941797256,
        0.18425670266151428,
        0.20389410853385925,
        0.08269792795181274,
        0.13959546387195587
    ],
    "r2_metric": [
        -55.053279876708984,
        -62.26651382446289,
        -62.761409759521484,
        -62.85205841064453,
        -62.89502716064453,
        -62.873714447021484,
        -62.86912536621094,
        -62.85945510864258,
        -62.89145278930664,
        -62.86864471435547
    ],
    "val_r2_metric": [
        -61.878597259521484,
        -62.21087646484375,
        -60.77729034423828,
        -62.834896087646484,
        -61.242591857910156,
        -61.04581069946289,
        -60.354347229003906,
        -60.050987243652344,
        -62.61594772338867,
        -60.416011810302734
    ]
}