{
    "loss": [
        1.2196708917617798,
        0.12420900911092758,
        0.09743145853281021,
        0.08139853179454803,
        0.07075881212949753,
        0.06147337332367897,
        0.05333748832345009,
        0.04730381444096565,
        0.04153374582529068,
        0.03863000124692917
    ],
    "val_loss": [
        0.025944625958800316,
        0.035248931497335434,
        0.030067645013332367,
        0.05239368975162506,
        0.019055215641856194,
        0.01254372950643301,
        0.02747347205877304,
        0.01959403231739998,
        0.02765236794948578,
        0.03926008194684982
    ],
    "mae": [
        0.6814904808998108,
        0.2542390823364258,
        0.22227539122104645,
        0.200519859790802,
        0.18532712757587433,
        0.171743705868721,
        0.15882784128189087,
        0.14808329939842224,
        0.13828293979167938,
        0.13344572484493256
    ],
    "val_mae": [
        0.1082882434129715,
        0.143843874335289,
        0.13679121434688568,
        0.17740300297737122,
        0.0945148915052414,
        0.06967528164386749,
        0.12304013222455978,
        0.10085752606391907,
        0.1251240372657776,
        0.1476621776819229
    ],
    "r2_metric": [
        -59.73556900024414,
        -62.928375244140625,
        -62.9493522644043,
        -62.98817443847656,
        -62.94987869262695,
        -62.93684005737305,
        -62.9151496887207,
        -62.893882751464844,
        -62.87366485595703,
        -62.86888122558594
    ],
    "val_r2_metric": [
        -62.28770446777344,
        -60.75676727294922,
        -61.433815002441406,
        -59.561363220214844,
        -60.71785354614258,
        -61.24379348754883,
        -60.3316535949707,
        -60.389076232910156,
        -60.04957962036133,
        -59.27932357788086
    ]
}