{
    "loss": [
        0.5879055261611938,
        0.07982975989580154,
        0.05682757869362831,
        0.04125764220952988,
        0.0315849594771862,
        0.024431850761175156,
        0.019630741328001022,
        0.016021473333239555,
        0.01348797045648098,
        0.011478463187813759
    ],
    "val_loss": [
        0.020983321592211723,
        0.017317313700914383,
        0.018944937735795975,
        0.02944090962409973,
        0.009592262096703053,
        0.009502969682216644,
        0.008520456962287426,
        0.01756814867258072,
        0.016294488683342934,
        0.015077412128448486
    ],
    "mae": [
        0.4231959581375122,
        0.1971643567085266,
        0.16263990104198456,
        0.13688284158706665,
        0.11957652866840363,
        0.10481694340705872,
        0.09324368089437485,
        0.0840793028473854,
        0.07689807564020157,
        0.0703984797000885
    ],
    "val_mae": [
        0.1024361252784729,
        0.09437144547700882,
        0.09268204867839813,
        0.11935149878263474,
        0.06085117906332016,
        0.06164887174963951,
        0.05658242478966713,
        0.08445639908313751,
        0.07899690419435501,
        0.07222186774015427
    ],
    "r2_metric": [
        -61.75412368774414,
        -62.96798324584961,
        -62.92667007446289,
        -62.885337829589844,
        -62.86970901489258,
        -62.875457763671875,
        -62.886512756347656,
        -62.90196990966797,
        -62.91317367553711,
        -62.90959548950195
    ],
    "val_r2_metric": [
        -60.57926940917969,
        -60.8172607421875,
        -60.52070617675781,
        -59.16814041137695,
        -61.278350830078125,
        -61.26036834716797,
        -61.251426696777344,
        -60.33749008178711,
        -60.503746032714844,
        -60.524654388427734
    ]
}