{
    "loss": [
        0.7978823184967041,
        0.10266295820474625,
        0.08079482614994049,
        0.06674745678901672,
        0.05689002200961113,
        0.047412216663360596,
        0.04043075814843178,
        0.03445076942443848,
        0.029542850330471992,
        0.02561599761247635
    ],
    "val_loss": [
        0.02493123896420002,
        0.008927267976105213,
        0.008088833652436733,
        0.020513758063316345,
        0.011854449287056923,
        0.02410024218261242,
        0.013418491929769516,
        0.006758774630725384,
        0.01303833443671465,
        0.0059083993546664715
    ],
    "mae": [
        0.5270817875862122,
        0.2267925888299942,
        0.19695256650447845,
        0.17602601647377014,
        0.16175933182239532,
        0.1457296758890152,
        0.1342201977968216,
        0.12362587451934814,
        0.11432766169309616,
        0.1061943918466568
    ],
    "val_mae": [
        0.11979476362466812,
        0.05582103133201599,
        0.05161266773939133,
        0.09908454865217209,
        0.07185048609972,
        0.1137918010354042,
        0.0816618800163269,
        0.049345310777425766,
        0.0767059400677681,
        0.045095980167388916
    ],
    "r2_metric": [
        -60.819236755371094,
        -63.02079391479492,
        -62.982208251953125,
        -62.96025085449219,
        -62.944671630859375,
        -62.912498474121094,
        -62.8721809387207,
        -62.88811111450195,
        -62.87441635131836,
        -62.88538360595703
    ],
    "val_r2_metric": [
        -61.50743103027344,
        -62.565250396728516,
        -62.3245735168457,
        -60.60645294189453,
        -61.23051834106445,
        -60.43272018432617,
        -61.21714401245117,
        -62.12174987792969,
        -61.348209381103516,
        -61.91228485107422
    ]
}