{
    "loss": [
        1.1237847805023193,
        0.12295007705688477,
        0.09585468471050262,
        0.08058975636959076,
        0.06809261441230774,
        0.05861443281173706,
        0.050523772835731506,
        0.04578341171145439,
        0.039907604455947876,
        0.0358034186065197
    ],
    "val_loss": [
        0.040130145847797394,
        0.03542180359363556,
        0.014727375470101833,
        0.009464752860367298,
        0.007258295081555843,
        0.00956706516444683,
        0.016528690233826637,
        0.00789661705493927,
        0.010727837681770325,
        0.009900769218802452
    ],
    "mae": [
        0.6461989283561707,
        0.25247102975845337,
        0.21860922873020172,
        0.19858145713806152,
        0.1810440868139267,
        0.16818788647651672,
        0.1551527976989746,
        0.1470976620912552,
        0.1373215913772583,
        0.12995395064353943
    ],
    "val_mae": [
        0.15278279781341553,
        0.14895834028720856,
        0.07867660373449326,
        0.056157369166612625,
        0.04503796622157097,
        0.05903138220310211,
        0.08750435709953308,
        0.05670177936553955,
        0.07063477486371994,
        0.06796379387378693
    ],
    "r2_metric": [
        -60.0468635559082,
        -62.928096771240234,
        -62.96591567993164,
        -62.92538833618164,
        -62.8804931640625,
        -62.89838409423828,
        -62.855369567871094,
        -62.79168701171875,
        -62.78474044799805,
        -62.80084991455078
    ],
    "val_r2_metric": [
        -62.85671615600586,
        -60.92483901977539,
        -61.83132553100586,
        -62.66873550415039,
        -62.77668762207031,
        -62.046302795410156,
        -60.44940185546875,
        -61.756778717041016,
        -61.152706146240234,
        -61.55058670043945
    ]
}