{
    "loss": [
        0.629351794719696,
        0.08631998300552368,
        0.06621711701154709,
        0.05300455167889595,
        0.04244326055049896,
        0.03418227285146713,
        0.02827604115009308,
        0.02342590130865574,
        0.019711632281541824,
        0.016916969791054726
    ],
    "val_loss": [
        0.012471172027289867,
        0.014110571704804897,
        0.014733375050127506,
        0.020378535613417625,
        0.020817464217543602,
        0.007311362307518721,
        0.01503242738544941,
        0.015800457447767258,
        0.006872187834233046,
        0.009231128729879856
    ],
    "mae": [
        0.4582498073577881,
        0.20598940551280975,
        0.17742256820201874,
        0.15695713460445404,
        0.13902553915977478,
        0.12396672368049622,
        0.11290401220321655,
        0.10334084928035736,
        0.09489991515874863,
        0.08764442801475525
    ],
    "val_mae": [
        0.06941191107034683,
        0.08062898367643356,
        0.08006735146045685,
        0.10606449097394943,
        0.10485241562128067,
        0.05406712740659714,
        0.08845583349466324,
        0.07902111858129501,
        0.05010508745908737,
        0.055062226951122284
    ],
    "r2_metric": [
        -61.089691162109375,
        -62.98063278198242,
        -62.963470458984375,
        -62.901756286621094,
        -62.857913970947266,
        -62.867149353027344,
        -62.889095306396484,
        -62.885616302490234,
        -62.90740966796875,
        -62.909767150878906
    ],
    "val_r2_metric": [
        -63.20978927612305,
        -61.43804931640625,
        -61.50434112548828,
        -60.54520034790039,
        -60.31245422363281,
        -61.8519287109375,
        -60.66047668457031,
        -60.52241134643555,
        -61.58103561401367,
        -61.410335540771484
    ]
}