{
    "loss": [
        1.0327917337417603,
        0.1163526400923729,
        0.08999624848365784,
        0.07189952582120895,
        0.06078227609395981,
        0.0511016882956028,
        0.04413040354847908,
        0.037667423486709595,
        0.033527642488479614,
        0.02880077064037323
    ],
    "val_loss": [
        0.05000143125653267,
        0.036831676959991455,
        0.03404787927865982,
        0.04521695524454117,
        0.053805574774742126,
        0.01479292381554842,
        0.02364475466310978,
        0.027462515980005264,
        0.033903323113918304,
        0.030881356447935104
    ],
    "mae": [
        0.6236349940299988,
        0.24567902088165283,
        0.21146459877490997,
        0.18837003409862518,
        0.17110949754714966,
        0.15536029636859894,
        0.14378216862678528,
        0.1333167850971222,
        0.12575426697731018,
        0.11521580815315247
    ],
    "val_mae": [
        0.18338893353939056,
        0.15366950631141663,
        0.13695989549160004,
        0.1625787913799286,
        0.17761237919330597,
        0.08564193546772003,
        0.10955877602100372,
        0.12359946966171265,
        0.12542396783828735,
        0.12352864444255829
    ],
    "r2_metric": [
        -60.023033142089844,
        -62.88359832763672,
        -62.94320297241211,
        -62.928775787353516,
        -62.91445541381836,
        -62.8598518371582,
        -62.84523391723633,
        -62.82869338989258,
        -62.84186935424805,
        -62.833099365234375
    ],
    "val_r2_metric": [
        -61.51780700683594,
        -60.86578369140625,
        -60.044342041015625,
        -59.544986724853516,
        -58.944786071777344,
        -60.65517044067383,
        -59.698787689208984,
        -59.27532958984375,
        -59.152870178222656,
        -59.08082580566406
    ]
}