{
    "loss": [
        1.0130574703216553,
        0.1153968796133995,
        0.08668694645166397,
        0.07135539501905441,
        0.06168439984321594,
        0.051844652742147446,
        0.04457039758563042,
        0.037520188838243484,
        0.035158392041921616,
        0.03285576403141022
    ],
    "val_loss": [
        0.04684879630804062,
        0.013257167302072048,
        0.030286164954304695,
        0.02592654339969158,
        0.08912695199251175,
        0.04516464099287987,
        0.06507768481969833,
        0.04101361334323883,
        0.040835969150066376,
        0.0432722270488739
    ],
    "mae": [
        0.6267076730728149,
        0.24311058223247528,
        0.20819972455501556,
        0.1867697387933731,
        0.17241810262203217,
        0.15667974948883057,
        0.1440497189760208,
        0.13102728128433228,
        0.1272110491991043,
        0.12266102433204651
    ],
    "val_mae": [
        0.16124708950519562,
        0.07111876457929611,
        0.12126360833644867,
        0.11771205067634583,
        0.23233120143413544,
        0.14834901690483093,
        0.18006360530853271,
        0.1362854540348053,
        0.1361861526966095,
        0.13973835110664368
    ],
    "r2_metric": [
        -59.6601448059082,
        -62.898616790771484,
        -62.923641204833984,
        -62.89694595336914,
        -62.8847770690918,
        -62.857913970947266,
        -62.85011291503906,
        -62.84223556518555,
        -62.83487319946289,
        -62.84084701538086
    ],
    "val_r2_metric": [
        -63.80964660644531,
        -62.54152297973633,
        -60.11675262451172,
        -59.80885314941406,
        -58.09763717651367,
        -58.80149459838867,
        -58.27023696899414,
        -58.93173599243164,
        -58.883514404296875,
        -58.92780685424805
    ]
}