{
    "loss": [
        0.5572868585586548,
        0.07942460477352142,
        0.05487389117479324,
        0.040054671466350555,
        0.03002103604376316,
        0.02336985245347023,
        0.018644841387867928,
        0.015445536002516747,
        0.013140314258635044,
        0.011163020506501198
    ],
    "val_loss": [
        0.02846478298306465,
        0.03156468644738197,
        0.012591512873768806,
        0.012433240190148354,
        0.012721521779894829,
        0.005978598725050688,
        0.004336260259151459,
        0.007205086760222912,
        0.003704498987644911,
        0.006492646876722574
    ],
    "mae": [
        0.41974562406539917,
        0.19706934690475464,
        0.16078710556030273,
        0.13580520451068878,
        0.11735061556100845,
        0.10221994668245316,
        0.0906825065612793,
        0.08236247301101685,
        0.0758202001452446,
        0.06888657063245773
    ],
    "val_mae": [
        0.1302853226661682,
        0.1429366022348404,
        0.0702415257692337,
        0.06765647232532501,
        0.07740459591150284,
        0.04920946806669235,
        0.038017794489860535,
        0.050509899854660034,
        0.03152726963162422,
        0.043574120849370956
    ],
    "r2_metric": [
        -61.72679901123047,
        -62.97920608520508,
        -62.9304084777832,
        -62.85173416137695,
        -62.864463806152344,
        -62.89361572265625,
        -62.89626693725586,
        -62.90669250488281,
        -62.907169342041016,
        -62.916412353515625
    ],
    "val_r2_metric": [
        -61.67251205444336,
        -60.931156158447266,
        -61.127052307128906,
        -60.97224426269531,
        -60.90799331665039,
        -61.90654373168945,
        -62.08937072753906,
        -61.70907974243164,
        -62.17086410522461,
        -61.556304931640625
    ]
}