{
    "loss": [
        2.3426496982574463,
        0.23048873245716095,
        0.15836940705776215,
        0.12839165329933167,
        0.11119720339775085,
        0.0996001660823822,
        0.0927872508764267,
        0.08355416357517242,
        0.07864338904619217,
        0.07293294370174408
    ],
    "val_loss": [
        0.1693659871816635,
        0.05552153289318085,
        0.037423666566610336,
        0.04756765812635422,
        0.04298005625605583,
        0.057923104614019394,
        0.034316983073949814,
        0.02571674808859825,
        0.022687353193759918,
        0.052053045481443405
    ],
    "mae": [
        1.094475269317627,
        0.361410528421402,
        0.2904234826564789,
        0.2568970024585724,
        0.23677729070186615,
        0.22407396137714386,
        0.21506865322589874,
        0.2039993852376938,
        0.19772088527679443,
        0.19047416746616364
    ],
    "val_mae": [
        0.29639002680778503,
        0.15443702042102814,
        0.11652830988168716,
        0.15754801034927368,
        0.14388598501682281,
        0.19126209616661072,
        0.12389575690031052,
        0.09761565178632736,
        0.09496252238750458,
        0.1591268628835678
    ],
    "r2_metric": [
        -55.13035583496094,
        -62.07612228393555,
        -62.65593719482422,
        -62.76618576049805,
        -62.810150146484375,
        -62.79983901977539,
        -62.81132507324219,
        -62.83872985839844,
        -62.808353424072266,
        -62.82810592651367
    ],
    "val_r2_metric": [
        -60.837257385253906,
        -60.77182388305664,
        -61.264827728271484,
        -60.97924041748047,
        -61.02567672729492,
        -60.70392608642578,
        -61.1060905456543,
        -61.14194107055664,
        -61.53712844848633,
        -59.264404296875
    ]
}