{
    "loss": [
        2.975944757461548,
        0.3427821099758148,
        0.2052522748708725,
        0.16850823163986206,
        0.1466180980205536,
        0.12355359643697739,
        0.11866003274917603,
        0.11036832630634308,
        0.10083740949630737,
        0.09665472060441971
    ],
    "val_loss": [
        0.3238523304462433,
        0.09718292206525803,
        0.054411664605140686,
        0.07968301326036453,
        0.04653707519173622,
        0.05253712832927704,
        0.046861447393894196,
        0.068576879799366,
        0.03936177119612694,
        0.04780937358736992
    ],
    "mae": [
        1.2878615856170654,
        0.4488193392753601,
        0.33952534198760986,
        0.3021828830242157,
        0.27753716707229614,
        0.2536426782608032,
        0.24789389967918396,
        0.2379170060157776,
        0.22557727992534637,
        0.22079500555992126
    ],
    "val_mae": [
        0.4311096668243408,
        0.22416815161705017,
        0.14667774736881256,
        0.21169902384281158,
        0.15211006999015808,
        0.16545943915843964,
        0.1553686410188675,
        0.19787943363189697,
        0.1350887417793274,
        0.15908394753932953
    ],
    "r2_metric": [
        -53.56742477416992,
        -61.384979248046875,
        -62.35600280761719,
        -62.62699890136719,
        -62.69400405883789,
        -62.794742584228516,
        -62.873966217041016,
        -62.905906677246094,
        -62.788307189941406,
        -62.8198127746582
    ],
    "val_r2_metric": [
        -60.97406768798828,
        -60.51676559448242,
        -62.984073638916016,
        -60.120208740234375,
        -59.84018325805664,
        -61.06559371948242,
        -60.4930419921875,
        -59.46908950805664,
        -60.44883346557617,
        -60.10551834106445
    ]
}