{
    "loss": [
        0.5257315635681152,
        0.07564269751310349,
        0.052502576261758804,
        0.03799307346343994,
        0.02854527160525322,
        0.02241671085357666,
        0.017604462802410126,
        0.01602848432958126,
        0.01464505773037672,
        0.013389352709054947
    ],
    "val_loss": [
        0.009291774593293667,
        0.017071805894374847,
        0.028234990313649178,
        0.011806190013885498,
        0.014940674416720867,
        0.00981298740953207,
        0.009350230917334557,
        0.008338265120983124,
        0.006635120138525963,
        0.006356439553201199
    ],
    "mae": [
        0.4097636044025421,
        0.19270658493041992,
        0.15707801282405853,
        0.13230815529823303,
        0.11356890201568604,
        0.09927689284086227,
        0.08735097944736481,
        0.08409573882818222,
        0.08066362887620926,
        0.07698877155780792
    ],
    "val_mae": [
        0.06055741012096405,
        0.09354948252439499,
        0.12492869049310684,
        0.07879955321550369,
        0.08649470657110214,
        0.0700063407421112,
        0.05852130055427551,
        0.05649014189839363,
        0.04533042386174202,
        0.04512520879507065
    ],
    "r2_metric": [
        -61.69522476196289,
        -62.96348571777344,
        -62.90863037109375,
        -62.852882385253906,
        -62.86321258544922,
        -62.870906829833984,
        -62.893314361572266,
        -62.89471435546875,
        -62.901493072509766,
        -62.90513229370117
    ],
    "val_r2_metric": [
        -62.01067352294922,
        -60.58724594116211,
        -59.9083137512207,
        -60.74238967895508,
        -60.39126968383789,
        -60.95507049560547,
        -61.09988021850586,
        -61.26605224609375,
        -61.694679260253906,
        -61.61619567871094
    ]
}