{
    "loss": [
        7.017531871795654,
        1.799513816833496,
        0.8358020782470703,
        0.5757294297218323,
        0.429495632648468,
        0.3486129343509674,
        0.29519781470298767,
        0.2635415196418762,
        0.24974288046360016,
        0.22819766402244568
    ],
    "val_loss": [
        3.060939073562622,
        0.8924828767776489,
        0.4734766185283661,
        0.3344028890132904,
        0.22863265872001648,
        0.19746464490890503,
        0.14810097217559814,
        0.12709106504917145,
        0.11810077726840973,
        0.09596167504787445
    ],
    "mae": [
        2.2176527976989746,
        1.0970311164855957,
        0.7380715012550354,
        0.5933585166931152,
        0.508333683013916,
        0.45561307668685913,
        0.41887518763542175,
        0.39151155948638916,
        0.3795511722564697,
        0.36236298084259033
    ],
    "val_mae": [
        1.5275267362594604,
        0.7495344877243042,
        0.5216537714004517,
        0.4440535008907318,
        0.34245023131370544,
        0.32244980335235596,
        0.25957953929901123,
        0.23603419959545135,
        0.23249869048595428,
        0.19725455343723297
    ],
    "r2_metric": [
        -54.45439910888672,
        -48.793758392333984,
        -56.89683532714844,
        -59.46736145019531,
        -60.52216720581055,
        -61.07758712768555,
        -61.61583709716797,
        -61.79431915283203,
        -61.881710052490234,
        -61.80426788330078
    ],
    "val_r2_metric": [
        -36.11109924316406,
        -55.773681640625,
        -60.03250503540039,
        -59.797420501708984,
        -61.76853561401367,
        -62.04471206665039,
        -63.346717834472656,
        -63.154640197753906,
        -62.582244873046875,
        -62.088470458984375
    ]
}