{
    "loss": [
        0.7249308824539185,
        0.09169649332761765,
        0.07069970667362213,
        0.05561520531773567,
        0.04492853581905365,
        0.03763233497738838,
        0.03190171718597412,
        0.027653884142637253,
        0.023576263338327408,
        0.02016858384013176
    ],
    "val_loss": [
        0.02467552199959755,
        0.014825333841145039,
        0.017065739259123802,
        0.024337466806173325,
        0.024977190420031548,
        0.0181729756295681,
        0.013796371407806873,
        0.023997202515602112,
        0.02125777304172516,
        0.007298407144844532
    ],
    "mae": [
        0.4909795820713043,
        0.2142375409603119,
        0.18521027266979218,
        0.16253487765789032,
        0.14400257170200348,
        0.13100257515907288,
        0.12059778720140457,
        0.11160122603178024,
        0.10250462591648102,
        0.09438564628362656
    ],
    "val_mae": [
        0.11179742217063904,
        0.08133726567029953,
        0.08824019134044647,
        0.11721978336572647,
        0.10652176290750504,
        0.09035084396600723,
        0.0824943408370018,
        0.10353153944015503,
        0.0873163640499115,
        0.05004988983273506
    ],
    "r2_metric": [
        -61.176849365234375,
        -62.975040435791016,
        -62.940818786621094,
        -62.916412353515625,
        -62.87614059448242,
        -62.845008850097656,
        -62.86136245727539,
        -62.87335205078125,
        -62.87543869018555,
        -62.87601852416992
    ],
    "val_r2_metric": [
        -61.85713195800781,
        -61.379966735839844,
        -60.63132858276367,
        -59.59746170043945,
        -60.05087661743164,
        -60.295860290527344,
        -60.73447036743164,
        -59.911373138427734,
        -60.15592575073242,
        -61.56224822998047
    ]
}