{
    "loss": [
        0.5143331289291382,
        0.07431299239397049,
        0.05107911676168442,
        0.03726889193058014,
        0.02838156558573246,
        0.022527452558279037,
        0.01856067404150963,
        0.015357833355665207,
        0.013080605305731297,
        0.011220025829970837
    ],
    "val_loss": [
        0.06636551022529602,
        0.008396276272833347,
        0.014598741196095943,
        0.009643953293561935,
        0.01356224063783884,
        0.008084990084171295,
        0.008282223716378212,
        0.008193562738597393,
        0.0061612362042069435,
        0.010290051810443401
    ],
    "mae": [
        0.41623401641845703,
        0.19213591516017914,
        0.1568605750799179,
        0.13303451240062714,
        0.1159890666604042,
        0.10208306461572647,
        0.09206388145685196,
        0.08297622948884964,
        0.07629425078630447,
        0.06986765563488007
    ],
    "val_mae": [
        0.21813419461250305,
        0.05359404906630516,
        0.07862890511751175,
        0.06737637519836426,
        0.08616366982460022,
        0.06138584762811661,
        0.054430119693279266,
        0.05170067772269249,
        0.04505428299307823,
        0.056553155183792114
    ],
    "r2_metric": [
        -61.203678131103516,
        -62.91570281982422,
        -62.88062286376953,
        -62.83855438232422,
        -62.842430114746094,
        -62.8614501953125,
        -62.89448165893555,
        -62.892276763916016,
        -62.903785705566406,
        -62.907325744628906
    ],
    "val_r2_metric": [
        -3251.770263671875,
        -244.5469512939453,
        -388.56524658203125,
        -542.7068481445312,
        -826.4964599609375,
        -204.96925354003906,
        -204.08412170410156,
        -211.61038208007812,
        -202.1412811279297,
        -299.90167236328125
    ]
}