{
    "loss": [
        1.3780741691589355,
        0.13212400674819946,
        0.10102598369121552,
        0.08639675378799438,
        0.0762738510966301,
        0.06804250925779343,
        0.06173836067318916,
        0.05421708524227142,
        0.04683750122785568,
        0.044769879430532455
    ],
    "val_loss": [
        0.04044073075056076,
        0.028777258470654488,
        0.02124452404677868,
        0.023940443992614746,
        0.02437533251941204,
        0.02480381354689598,
        0.035411156713962555,
        0.022693922743201256,
        0.020426645874977112,
        0.017020022496581078
    ],
    "mae": [
        0.7347864508628845,
        0.26313862204551697,
        0.22649317979812622,
        0.20636972784996033,
        0.19374406337738037,
        0.18194670975208282,
        0.17146024107933044,
        0.1596507430076599,
        0.14602474868297577,
        0.14300328493118286
    ],
    "val_mae": [
        0.14404606819152832,
        0.11786646395921707,
        0.09734146296977997,
        0.10969039052724838,
        0.11238020658493042,
        0.10973846167325974,
        0.1445809155702591,
        0.10726483911275864,
        0.09470852464437485,
        0.08639013022184372
    ],
    "r2_metric": [
        -59.44480895996094,
        -62.884483337402344,
        -62.95760726928711,
        -62.94940948486328,
        -62.955726623535156,
        -62.94144821166992,
        -62.90334701538086,
        -62.89384460449219,
        -62.89129638671875,
        -62.851837158203125
    ],
    "val_r2_metric": [
        -61.9134521484375,
        -61.34907531738281,
        -60.66859436035156,
        -61.98527526855469,
        -61.24428939819336,
        -60.54634094238281,
        -60.280277252197266,
        -60.28327560424805,
        -60.084999084472656,
        -60.370365142822266
    ]
}