{
    "loss": [
        0.510090172290802,
        0.07004892081022263,
        0.0466189906001091,
        0.03341493755578995,
        0.024872630834579468,
        0.019668186083436012,
        0.016070378944277763,
        0.012927859090268612,
        0.010815137065947056,
        0.008944031782448292
    ],
    "val_loss": [
        0.024056149646639824,
        0.027864966541528702,
        0.010803171433508396,
        0.01707681268453598,
        0.009791598655283451,
        0.013612216338515282,
        0.01232698280364275,
        0.0036576080601662397,
        0.008910312317311764,
        0.004344073124229908
    ],
    "mae": [
        0.3970211148262024,
        0.1845826953649521,
        0.14780990779399872,
        0.12439420819282532,
        0.10579940676689148,
        0.09345785528421402,
        0.08423400670289993,
        0.0753120630979538,
        0.06769687682390213,
        0.06015178933739662
    ],
    "val_mae": [
        0.11576440930366516,
        0.12380314618349075,
        0.07015778869390488,
        0.08552892506122589,
        0.0587836392223835,
        0.07037465274333954,
        0.06669861823320389,
        0.034140486270189285,
        0.05681898817420006,
        0.03348167613148689
    ],
    "r2_metric": [
        -61.79061508178711,
        -62.93950271606445,
        -62.86616516113281,
        -62.84897232055664,
        -62.870845794677734,
        -62.88903045654297,
        -62.90987777709961,
        -62.914005279541016,
        -62.91979217529297,
        -62.92359161376953
    ],
    "val_r2_metric": [
        -61.45329666137695,
        -60.019474029541016,
        -60.978878021240234,
        -60.420040130615234,
        -61.29074478149414,
        -60.792659759521484,
        -60.951663970947266,
        -62.50467300415039,
        -61.46064758300781,
        -62.05188751220703
    ]
}