{
    "loss": [
        2.949939012527466,
        0.3471737802028656,
        0.20974406599998474,
        0.16481631994247437,
        0.14131715893745422,
        0.12836265563964844,
        0.11374122649431229,
        0.10690158605575562,
        0.0958862230181694,
        0.092154860496521
    ],
    "val_loss": [
        0.355559766292572,
        0.1532631367444992,
        0.10724180191755295,
        0.03944918513298035,
        0.06823626905679703,
        0.03663250431418419,
        0.02628174237906933,
        0.025025807321071625,
        0.03186829015612602,
        0.024654192849993706
    ],
    "mae": [
        1.2761359214782715,
        0.4495118260383606,
        0.343176931142807,
        0.29941827058792114,
        0.27367132902145386,
        0.25938546657562256,
        0.24279244244098663,
        0.23428760468959808,
        0.22061507403850555,
        0.2165592908859253
    ],
    "val_mae": [
        0.4628015160560608,
        0.31114497780799866,
        0.2592310309410095,
        0.12332428246736526,
        0.20421458780765533,
        0.1237230896949768,
        0.09140712022781372,
        0.08716975152492523,
        0.11167951673269272,
        0.09263487160205841
    ],
    "r2_metric": [
        -54.63941955566406,
        -61.655067443847656,
        -62.48037338256836,
        -62.63086700439453,
        -62.76294708251953,
        -62.8481559753418,
        -62.780921936035156,
        -62.83704376220703,
        -62.8697624206543,
        -62.861717224121094
    ],
    "val_r2_metric": [
        -59.38666534423828,
        -60.61787796020508,
        -60.41588592529297,
        -61.75172424316406,
        -60.6855583190918,
        -60.97516632080078,
        -62.449771881103516,
        -62.90486526489258,
        -61.158905029296875,
        -61.11560821533203
    ]
}