{
    "loss": [
        0.5970882177352905,
        0.08488364517688751,
        0.061242323368787766,
        0.04678671807050705,
        0.036315541714429855,
        0.029146144166588783,
        0.023708568885922432,
        0.019836582243442535,
        0.01736965961754322,
        0.014898437075316906
    ],
    "val_loss": [
        0.021809572353959084,
        0.042759399861097336,
        0.044223882257938385,
        0.011729229241609573,
        0.022658703848719597,
        0.008123625069856644,
        0.008981022983789444,
        0.004207851365208626,
        0.01720668189227581,
        0.006083555053919554
    ],
    "mae": [
        0.4400087893009186,
        0.203567236661911,
        0.17011311650276184,
        0.14706270396709442,
        0.12801967561244965,
        0.113869309425354,
        0.10178913176059723,
        0.0935213714838028,
        0.08724294602870941,
        0.08089057356119156
    ],
    "val_mae": [
        0.10892653465270996,
        0.16412721574306488,
        0.15725675225257874,
        0.07766744494438171,
        0.10897083580493927,
        0.06017935648560524,
        0.06126531586050987,
        0.034071993082761765,
        0.08273851871490479,
        0.04622453451156616
    ],
    "r2_metric": [
        -61.47097396850586,
        -62.998287200927734,
        -62.938411712646484,
        -62.87902069091797,
        -62.858375549316406,
        -62.87703323364258,
        -62.89201736450195,
        -62.892555236816406,
        -62.896114349365234,
        -62.908626556396484
    ],
    "val_r2_metric": [
        -61.981773376464844,
        -59.99164581298828,
        -58.767425537109375,
        -60.66856002807617,
        -60.010955810546875,
        -61.279296875,
        -61.28973388671875,
        -62.38211441040039,
        -60.5634651184082,
        -61.61063766479492
    ]
}