{
    "loss": [
        2.5153067111968994,
        0.2433571070432663,
        0.16199852526187897,
        0.13443906605243683,
        0.12196821719408035,
        0.10595458745956421,
        0.0987061932682991,
        0.09198516607284546,
        0.08461914211511612,
        0.0801355391740799
    ],
    "val_loss": [
        0.20372995734214783,
        0.07639388740062714,
        0.04300754889845848,
        0.026573656126856804,
        0.07923513650894165,
        0.02943762019276619,
        0.022848036140203476,
        0.023526780307292938,
        0.050090521574020386,
        0.044661056250333786
    ],
    "mae": [
        1.1359703540802002,
        0.36923283338546753,
        0.29330119490623474,
        0.2625712752342224,
        0.25195804238319397,
        0.2320222407579422,
        0.22420376539230347,
        0.21620261669158936,
        0.20573092997074127,
        0.1990104615688324
    ],
    "val_mae": [
        0.32989034056663513,
        0.19105146825313568,
        0.1309589445590973,
        0.08539099246263504,
        0.230479434132576,
        0.10564538091421127,
        0.08315835893154144,
        0.08557769656181335,
        0.1710004210472107,
        0.14960460364818573
    ],
    "r2_metric": [
        -55.60367202758789,
        -62.24787139892578,
        -62.726104736328125,
        -62.86514663696289,
        -62.95199966430664,
        -62.90690231323242,
        -62.94951248168945,
        -62.947669982910156,
        -62.906707763671875,
        -62.88740539550781
    ],
    "val_r2_metric": [
        -62.25230026245117,
        -62.489620208740234,
        -62.886104583740234,
        -63.32429885864258,
        -60.34247970581055,
        -61.27081298828125,
        -62.45186233520508,
        -61.31903076171875,
        -60.6998291015625,
        -59.39748764038086
    ]
}