{
    "loss": [
        1.2940280437469482,
        0.12822169065475464,
        0.09988263994455338,
        0.08231344819068909,
        0.06983506679534912,
        0.06139669939875603,
        0.05300014466047287,
        0.04811135306954384,
        0.04183369129896164,
        0.038096215575933456
    ],
    "val_loss": [
        0.04297858849167824,
        0.09391114115715027,
        0.0663624107837677,
        0.06434404104948044,
        0.04737941920757294,
        0.0411098375916481,
        0.04545121267437935,
        0.04793723300099373,
        0.03563762083649635,
        0.06460024416446686
    ],
    "mae": [
        0.7135571837425232,
        0.258700966835022,
        0.22418047487735748,
        0.20124667882919312,
        0.18422238528728485,
        0.1719219982624054,
        0.1587482988834381,
        0.15041644871234894,
        0.13977770507335663,
        0.13307037949562073
    ],
    "val_mae": [
        0.15415166318416595,
        0.2606295049190521,
        0.20171484351158142,
        0.1952970027923584,
        0.15725865960121155,
        0.1489662528038025,
        0.15709288418293,
        0.1575462520122528,
        0.12927652895450592,
        0.17655454576015472
    ],
    "r2_metric": [
        -59.08916473388672,
        -62.88247299194336,
        -62.9847526550293,
        -62.99744415283203,
        -62.95109176635742,
        -62.928890228271484,
        -62.89372634887695,
        -62.89491653442383,
        -62.879817962646484,
        -62.86821746826172
    ],
    "val_r2_metric": [
        -60.60688781738281,
        -59.63896942138672,
        -59.26285171508789,
        -59.193702697753906,
        -59.065311431884766,
        -59.50131607055664,
        -59.29613494873047,
        -58.638607025146484,
        -59.317012786865234,
        -57.8798713684082
    ]
}