{
    "loss": [
        0.8755007982254028,
        0.1115204244852066,
        0.08449087291955948,
        0.06655484437942505,
        0.05607510730624199,
        0.04592844843864441,
        0.03911807760596275,
        0.03472692519426346,
        0.029924022033810616,
        0.026421627029776573
    ],
    "val_loss": [
        0.019537536427378654,
        0.0215921550989151,
        0.012902338989078999,
        0.01420548465102911,
        0.019961727783083916,
        0.015546896494925022,
        0.020324576646089554,
        0.009992712177336216,
        0.021841809153556824,
        0.014665573835372925
    ],
    "mae": [
        0.5646148324012756,
        0.23796452581882477,
        0.203776016831398,
        0.1795521378517151,
        0.1628292202949524,
        0.14554084837436676,
        0.1345311552286148,
        0.12710413336753845,
        0.11793827265501022,
        0.11011163145303726
    ],
    "val_mae": [
        0.0943174883723259,
        0.11348439753055573,
        0.07283895462751389,
        0.08000413328409195,
        0.09790845960378647,
        0.0829412043094635,
        0.0984240174293518,
        0.06719989329576492,
        0.10001610964536667,
        0.07682216167449951
    ],
    "r2_metric": [
        -60.28595733642578,
        -62.969783782958984,
        -62.99598693847656,
        -62.93540573120117,
        -62.911598205566406,
        -62.87632369995117,
        -62.8443603515625,
        -62.851688385009766,
        -62.87681579589844,
        -62.861122131347656
    ],
    "val_r2_metric": [
        -63.55059051513672,
        -61.8937873840332,
        -61.98207092285156,
        -60.90964889526367,
        -60.4770393371582,
        -60.78744888305664,
        -60.27596664428711,
        -61.580718994140625,
        -60.34580612182617,
        -60.5933837890625
    ]
}