{
    "loss": [
        0.5571590662002563,
        0.07661624252796173,
        0.05482610687613487,
        0.04056352749466896,
        0.03093717433512211,
        0.024308880791068077,
        0.019194109365344048,
        0.01580211892724037,
        0.014171766117215157,
        0.013158748857676983
    ],
    "val_loss": [
        0.012266959063708782,
        0.008534817956387997,
        0.026153039187192917,
        0.020507408306002617,
        0.015210356563329697,
        0.009588357992470264,
        0.010425262153148651,
        0.007713547442108393,
        0.011172633618116379,
        0.012229145504534245
    ],
    "mae": [
        0.4238162338733673,
        0.19399358332157135,
        0.16181159019470215,
        0.13783514499664307,
        0.12030121684074402,
        0.10578511655330658,
        0.09389901906251907,
        0.0852939561009407,
        0.08058751374483109,
        0.07750411331653595
    ],
    "val_mae": [
        0.07713861018419266,
        0.05750361829996109,
        0.11203554272651672,
        0.10057348757982254,
        0.08299964666366577,
        0.06044217199087143,
        0.06321993470191956,
        0.050038184970617294,
        0.06051312014460564,
        0.0639353021979332
    ],
    "r2_metric": [
        -61.37395095825195,
        -62.950225830078125,
        -62.91183090209961,
        -62.83928298950195,
        -62.8407096862793,
        -62.86503219604492,
        -62.88336944580078,
        -62.89686965942383,
        -62.897396087646484,
        -62.90057373046875
    ],
    "val_r2_metric": [
        -62.31204605102539,
        -62.01698303222656,
        -59.978458404541016,
        -59.974937438964844,
        -60.953311920166016,
        -61.37570571899414,
        -61.133697509765625,
        -61.47528839111328,
        -61.04357147216797,
        -60.81479263305664
    ]
}