{
    "loss": [
        2.789412260055542,
        0.28229737281799316,
        0.16486667096614838,
        0.13294927775859833,
        0.11827292293310165,
        0.10739535093307495,
        0.10033397376537323,
        0.09210970252752304,
        0.08687905967235565,
        0.08051975816488266
    ],
    "val_loss": [
        0.2656629979610443,
        0.0806078091263771,
        0.04018259048461914,
        0.049439672380685806,
        0.08026045560836792,
        0.024558572098612785,
        0.025335993617773056,
        0.023345427587628365,
        0.019527051597833633,
        0.022569019347429276
    ],
    "mae": [
        1.2076568603515625,
        0.40247243642807007,
        0.29822540283203125,
        0.26426461338996887,
        0.24705463647842407,
        0.23353314399719238,
        0.2253580093383789,
        0.21627108752727509,
        0.2082330584526062,
        0.20011410117149353
    ],
    "val_mae": [
        0.3817760944366455,
        0.20073600113391876,
        0.12044122070074081,
        0.15673387050628662,
        0.22703976929187775,
        0.08996310085058212,
        0.09894120693206787,
        0.08586417883634567,
        0.07484402507543564,
        0.08457399904727936
    ],
    "r2_metric": [
        -54.87411880493164,
        -61.88267517089844,
        -62.64381790161133,
        -62.83875274658203,
        -62.81561279296875,
        -62.876686096191406,
        -62.859092712402344,
        -62.93572235107422,
        -62.86537551879883,
        -62.872406005859375
    ],
    "val_r2_metric": [
        -61.38533020019531,
        -63.39200973510742,
        -63.681663513183594,
        -61.93263626098633,
        -60.325279235839844,
        -62.19007110595703,
        -62.70200729370117,
        -61.43213653564453,
        -62.00616455078125,
        -60.925987243652344
    ]
}