{
    "loss": [
        0.567939043045044,
        0.0759992003440857,
        0.05395320802927017,
        0.040148090571165085,
        0.031401701271533966,
        0.024727219715714455,
        0.020199917256832123,
        0.016902120783925056,
        0.014208181761205196,
        0.011921925470232964
    ],
    "val_loss": [
        0.01577756553888321,
        0.00891010370105505,
        0.011527024209499359,
        0.012849722988903522,
        0.00702922185882926,
        0.015013731084764004,
        0.005130167119204998,
        0.006971802096813917,
        0.009969298727810383,
        0.004029534291476011
    ],
    "mae": [
        0.4250544607639313,
        0.1938197910785675,
        0.16024240851402283,
        0.1364104449748993,
        0.12086669355630875,
        0.10585564374923706,
        0.0942281112074852,
        0.08511374890804291,
        0.07805641740560532,
        0.07125286012887955
    ],
    "val_mae": [
        0.0892205685377121,
        0.060440849512815475,
        0.07510081678628922,
        0.073323093354702,
        0.052865784615278244,
        0.07050757855176926,
        0.040082674473524094,
        0.04740485921502113,
        0.060093462467193604,
        0.033020664006471634
    ],
    "r2_metric": [
        -61.527931213378906,
        -62.98101806640625,
        -62.91873550415039,
        -62.86602020263672,
        -62.864749908447266,
        -62.88755798339844,
        -62.89318084716797,
        -62.90630340576172,
        -62.90824508666992,
        -62.9189567565918
    ],
    "val_r2_metric": [
        -61.934471130371094,
        -62.02119064331055,
        -61.010398864746094,
        -60.91996765136719,
        -61.97771453857422,
        -60.78565216064453,
        -62.303985595703125,
        -61.617305755615234,
        -61.23003005981445,
        -62.138736724853516
    ]
}