{
    "loss": [
        1.5063282251358032,
        0.14599581062793732,
        0.1083458662033081,
        0.0903666615486145,
        0.07920364290475845,
        0.07018138468265533,
        0.06160913035273552,
        0.056295279413461685,
        0.050715960562229156,
        0.04486903175711632
    ],
    "val_loss": [
        0.06798864901065826,
        0.025118451565504074,
        0.05707651004195213,
        0.020730454474687576,
        0.03095809556543827,
        0.03019421175122261,
        0.01542729139328003,
        0.03879117593169212,
        0.048197902739048004,
        0.023718100041151047
    ],
    "mae": [
        0.7930803298950195,
        0.2780671715736389,
        0.23471684753894806,
        0.213370218873024,
        0.199019193649292,
        0.18713022768497467,
        0.17429307103157043,
        0.166177436709404,
        0.15688733756542206,
        0.14617465436458588
    ],
    "val_mae": [
        0.18199975788593292,
        0.09596217423677444,
        0.1922801285982132,
        0.0932374894618988,
        0.1276721954345703,
        0.1251908242702484,
        0.07475601136684418,
        0.13703815639019012,
        0.1579974889755249,
        0.10116660594940186
    ],
    "r2_metric": [
        -58.59520721435547,
        -62.726200103759766,
        -62.898956298828125,
        -62.907081604003906,
        -62.884254455566406,
        -62.88722610473633,
        -62.853878021240234,
        -62.84569549560547,
        -62.8432502746582,
        -62.812461853027344
    ],
    "val_r2_metric": [
        -62.66666030883789,
        -62.22657775878906,
        -60.48122787475586,
        -61.575984954833984,
        -60.77622985839844,
        -60.650299072265625,
        -61.222049713134766,
        -59.589595794677734,
        -59.18745040893555,
        -60.11750793457031
    ]
}