{
    "loss": [
        1.2762696743011475,
        0.13953101634979248,
        0.10325659066438675,
        0.08823737502098083,
        0.07621152698993683,
        0.06708376109600067,
        0.06053313612937927,
        0.05308706685900688,
        0.04884762689471245,
        0.04231266677379608
    ],
    "val_loss": [
        0.07702505588531494,
        0.05186673253774643,
        0.0690930113196373,
        0.039687518030405045,
        0.04602835699915886,
        0.03354651853442192,
        0.06515087932348251,
        0.03298266977071762,
        0.012056485749781132,
        0.019901353865861893
    ],
    "mae": [
        0.7213147878646851,
        0.27392464876174927,
        0.2292998731136322,
        0.21054154634475708,
        0.19397476315498352,
        0.18155616521835327,
        0.17206165194511414,
        0.1598425805568695,
        0.15378867089748383,
        0.14270901679992676
    ],
    "val_mae": [
        0.21459323167800903,
        0.17697596549987793,
        0.22178713977336884,
        0.14916594326496124,
        0.17739960551261902,
        0.13784776628017426,
        0.20713813602924347,
        0.12616240978240967,
        0.06591081619262695,
        0.09130840748548508
    ],
    "r2_metric": [
        -58.86202621459961,
        -62.839290618896484,
        -62.882930755615234,
        -62.90867614746094,
        -62.88643264770508,
        -62.883384704589844,
        -62.87257385253906,
        -62.843013763427734,
        -62.80683517456055,
        -62.786067962646484
    ],
    "val_r2_metric": [
        -60.98454666137695,
        -60.55579376220703,
        -60.52513885498047,
        -60.49311447143555,
        -61.11119842529297,
        -60.62080001831055,
        -59.74363708496094,
        -59.843788146972656,
        -61.7147331237793,
        -60.664920806884766
    ]
}