{
    "loss": [
        0.5513937473297119,
        0.07948848605155945,
        0.05736156180500984,
        0.04267541691660881,
        0.03257668763399124,
        0.02542891353368759,
        0.02119128592312336,
        0.017939530313014984,
        0.015762589871883392,
        0.013541934080421925
    ],
    "val_loss": [
        0.020989054813981056,
        0.011427868157625198,
        0.013514556922018528,
        0.015455030836164951,
        0.015637017786502838,
        0.010990602895617485,
        0.010133794508874416,
        0.007682667579501867,
        0.007086626254022121,
        0.009491016156971455
    ],
    "mae": [
        0.4257066547870636,
        0.19705438613891602,
        0.16480298340320587,
        0.13961239159107208,
        0.11943360418081284,
        0.1044488176703453,
        0.09598658978939056,
        0.08845648914575577,
        0.08201940357685089,
        0.0748453438282013
    ],
    "val_mae": [
        0.10617322474718094,
        0.0683148130774498,
        0.08057902008295059,
        0.07906638085842133,
        0.08046107739210129,
        0.06575864553451538,
        0.05891440808773041,
        0.05398521199822426,
        0.05085868388414383,
        0.055664341896772385
    ],
    "r2_metric": [
        -61.13068771362305,
        -62.97221755981445,
        -62.92401885986328,
        -62.848358154296875,
        -62.86257553100586,
        -62.88434982299805,
        -62.8897705078125,
        -62.89524459838867,
        -62.90267562866211,
        -62.91044998168945
    ],
    "val_r2_metric": [
        -61.387508392333984,
        -61.557804107666016,
        -60.59122085571289,
        -60.5722770690918,
        -60.52763748168945,
        -61.07240676879883,
        -61.155113220214844,
        -61.345733642578125,
        -61.52824783325195,
        -61.22458267211914
    ]
}