{
    "loss": [
        0.5104051232337952,
        0.07001911103725433,
        0.04586665332317352,
        0.032750096172094345,
        0.02400376833975315,
        0.018847906962037086,
        0.015539663843810558,
        0.013143184594810009,
        0.011156279593706131,
        0.009440198540687561
    ],
    "val_loss": [
        0.050009120255708694,
        0.03766860067844391,
        0.03167041018605232,
        0.03449874371290207,
        0.02047002874314785,
        0.015039077028632164,
        0.01687168888747692,
        0.022299176082015038,
        0.015044495463371277,
        0.011456488631665707
    ],
    "mae": [
        0.4033268988132477,
        0.18563230335712433,
        0.14743897318840027,
        0.12339276075363159,
        0.10301189869642258,
        0.0905863344669342,
        0.08211727440357208,
        0.07470311224460602,
        0.06753078103065491,
        0.06027457118034363
    ],
    "val_mae": [
        0.19278928637504578,
        0.14694666862487793,
        0.12040042877197266,
        0.12839275598526,
        0.08980216830968857,
        0.07408588379621506,
        0.0737193301320076,
        0.08709724992513657,
        0.07131395488977432,
        0.05944039672613144
    ],
    "r2_metric": [
        -61.78400802612305,
        -62.96171569824219,
        -62.87921142578125,
        -62.85620880126953,
        -62.880645751953125,
        -62.90473937988281,
        -62.90290451049805,
        -62.91062545776367,
        -62.91859436035156,
        -62.92581558227539
    ],
    "val_r2_metric": [
        -60.790008544921875,
        -59.420074462890625,
        -59.2666015625,
        -59.29214859008789,
        -60.09048080444336,
        -60.67174530029297,
        -60.50929260253906,
        -59.97629928588867,
        -60.63685989379883,
        -60.932247161865234
    ]
}