{
    "loss": [
        2.524003744125366,
        0.25147926807403564,
        0.16608762741088867,
        0.13821659982204437,
        0.11913479119539261,
        0.10911647975444794,
        0.09725793451070786,
        0.09293801337480545,
        0.08931414783000946,
        0.08330057561397552
    ],
    "val_loss": [
        0.18795569241046906,
        0.05987798422574997,
        0.047132063657045364,
        0.030931081622838974,
        0.025287842378020287,
        0.026273751631379128,
        0.020196888595819473,
        0.030063850805163383,
        0.030697153881192207,
        0.01750604808330536
    ],
    "mae": [
        1.1230565309524536,
        0.3780774772167206,
        0.29946961998939514,
        0.2705966532230377,
        0.2483442723751068,
        0.23685882985591888,
        0.2227219045162201,
        0.21592968702316284,
        0.21162651479244232,
        0.20382927358150482
    ],
    "val_mae": [
        0.31979116797447205,
        0.15516267716884613,
        0.13684041798114777,
        0.09775924682617188,
        0.08091019839048386,
        0.09352902323007584,
        0.06576269119977951,
        0.10754803568124771,
        0.11542760580778122,
        0.0655016303062439
    ],
    "r2_metric": [
        -56.596282958984375,
        -62.20564651489258,
        -62.68738555908203,
        -62.84489822387695,
        -62.8877067565918,
        -62.97429656982422,
        -62.94973373413086,
        -62.95994186401367,
        -62.942935943603516,
        -62.92188262939453
    ],
    "val_r2_metric": [
        -62.91454315185547,
        -62.379173278808594,
        -62.9211311340332,
        -62.87490463256836,
        -62.69794845581055,
        -63.496498107910156,
        -62.83735656738281,
        -60.37239456176758,
        -60.25142288208008,
        -62.141578674316406
    ]
}