{
    "loss": [
        0.9810280799865723,
        0.11604005098342896,
        0.09031848609447479,
        0.07431893050670624,
        0.06530746072530746,
        0.05557815358042717,
        0.047405440360307693,
        0.04237058758735657,
        0.037665970623493195,
        0.03344154357910156
    ],
    "val_loss": [
        0.027210742235183716,
        0.014360259287059307,
        0.010715969838202,
        0.008425532840192318,
        0.013778313994407654,
        0.012152174487709999,
        0.009214081801474094,
        0.005979234352707863,
        0.009992234408855438,
        0.007400419097393751
    ],
    "mae": [
        0.6007270216941833,
        0.24457019567489624,
        0.21261416375637054,
        0.1917315274477005,
        0.17790557444095612,
        0.1625620424747467,
        0.14961586892604828,
        0.14155517518520355,
        0.1333412081003189,
        0.12499480694532394
    ],
    "val_mae": [
        0.11373429745435715,
        0.07552213221788406,
        0.06057082489132881,
        0.04728211089968681,
        0.07606319338083267,
        0.06821053475141525,
        0.06414394825696945,
        0.03926965594291687,
        0.06423555314540863,
        0.05231497064232826
    ],
    "r2_metric": [
        -59.74639129638672,
        -62.91318130493164,
        -62.91423797607422,
        -62.92285919189453,
        -62.888328552246094,
        -62.901004791259766,
        -62.84556579589844,
        -62.802734375,
        -62.81292724609375,
        -62.806663513183594
    ],
    "val_r2_metric": [
        -64.95563507080078,
        -61.593936920166016,
        -62.210350036621094,
        -63.16343688964844,
        -61.908477783203125,
        -61.22412872314453,
        -62.675724029541016,
        -63.1004524230957,
        -62.39789581298828,
        -61.92650604248047
    ]
}