{
    "loss": [
        1.5304619073867798,
        0.1601269692182541,
        0.11289611458778381,
        0.09777817130088806,
        0.08625220507383347,
        0.0752544030547142,
        0.06751894950866699,
        0.059909842908382416,
        0.05570515990257263,
        0.05442839860916138
    ],
    "val_loss": [
        0.07405684888362885,
        0.028753099963068962,
        0.1331496387720108,
        0.0846346989274025,
        0.05978252738714218,
        0.05789509788155556,
        0.05677718296647072,
        0.0357624776661396,
        0.050207626074552536,
        0.049904175102710724
    ],
    "mae": [
        0.830021858215332,
        0.2941873371601105,
        0.2421090006828308,
        0.22414693236351013,
        0.2075483202934265,
        0.19500182569026947,
        0.18300530314445496,
        0.17048221826553345,
        0.1646762192249298,
        0.1619817167520523
    ],
    "val_mae": [
        0.1944379359483719,
        0.10938555747270584,
        0.316625714302063,
        0.24431666731834412,
        0.1886531114578247,
        0.18076545000076294,
        0.18040107190608978,
        0.14047971367835999,
        0.17065833508968353,
        0.16430503129959106
    ],
    "r2_metric": [
        -57.049896240234375,
        -62.5733642578125,
        -62.79356002807617,
        -62.868072509765625,
        -62.858848571777344,
        -62.89007568359375,
        -62.84983444213867,
        -62.8383674621582,
        -62.85435485839844,
        -62.83970642089844
    ],
    "val_r2_metric": [
        -62.779293060302734,
        -61.14303970336914,
        -59.658573150634766,
        -59.89617919921875,
        -59.59526062011719,
        -59.17405319213867,
        -59.18981170654297,
        -60.19136428833008,
        -59.4587287902832,
        -59.16641616821289
    ]
}