{
    "loss": [
        1.7491406202316284,
        0.18737660348415375,
        0.13057920336723328,
        0.11338791996240616,
        0.09671006351709366,
        0.08665258437395096,
        0.08104102313518524,
        0.07354828715324402,
        0.06537917256355286,
        0.0611521415412426
    ],
    "val_loss": [
        0.11518217623233795,
        0.0385429672896862,
        0.025306137278676033,
        0.027155915275216103,
        0.021966340020298958,
        0.03790228068828583,
        0.03408196195960045,
        0.014660676941275597,
        0.012349503114819527,
        0.025422874838113785
    ],
    "mae": [
        0.9066067337989807,
        0.3211911618709564,
        0.2607916593551636,
        0.2421640157699585,
        0.22207969427108765,
        0.20902672410011292,
        0.20144741237163544,
        0.19131030142307281,
        0.17971335351467133,
        0.17325253784656525
    ],
    "val_mae": [
        0.2535456418991089,
        0.1271635740995407,
        0.09718851000070572,
        0.11003817617893219,
        0.09423678368330002,
        0.14045003056526184,
        0.12942589819431305,
        0.06581508368253708,
        0.06316699087619781,
        0.11752079427242279
    ],
    "r2_metric": [
        -56.37034606933594,
        -62.55674743652344,
        -62.817291259765625,
        -62.9333381652832,
        -62.908233642578125,
        -62.93526840209961,
        -62.891361236572266,
        -62.86640548706055,
        -62.88237762451172,
        -62.90095901489258
    ],
    "val_r2_metric": [
        -61.20240020751953,
        -61.136959075927734,
        -62.35280990600586,
        -61.708072662353516,
        -61.27006149291992,
        -60.09634780883789,
        -60.252166748046875,
        -61.53252410888672,
        -62.353782653808594,
        -61.12596893310547
    ]
}