{
    "loss": [
        0.8880914449691772,
        0.10936698317527771,
        0.08386056870222092,
        0.06754902750253677,
        0.05559611693024635,
        0.04617913439869881,
        0.0395493358373642,
        0.03401125967502594,
        0.029358545318245888,
        0.025174962356686592
    ],
    "val_loss": [
        0.022064436227083206,
        0.026592744514346123,
        0.02974938414990902,
        0.01910645142197609,
        0.0456715002655983,
        0.029103685170412064,
        0.04291230067610741,
        0.03812691941857338,
        0.038585346192121506,
        0.02126890793442726
    ],
    "mae": [
        0.565054178237915,
        0.2361677587032318,
        0.20428869128227234,
        0.18231229484081268,
        0.1645326465368271,
        0.14961490035057068,
        0.1375073790550232,
        0.1284138262271881,
        0.11861255019903183,
        0.10856374353170395
    ],
    "val_mae": [
        0.10632815212011337,
        0.11869212239980698,
        0.1307508498430252,
        0.09457355737686157,
        0.15739279985427856,
        0.1179417297244072,
        0.14198382198810577,
        0.1334397941827774,
        0.1338639259338379,
        0.09409835934638977
    ],
    "r2_metric": [
        -60.24985885620117,
        -62.94398498535156,
        -62.88682174682617,
        -62.87919998168945,
        -62.87235641479492,
        -62.84706115722656,
        -62.813846588134766,
        -62.82250213623047,
        -62.82841110229492,
        -62.830753326416016
    ],
    "val_r2_metric": [
        -62.07366180419922,
        -61.19159698486328,
        -60.59048843383789,
        -60.88132858276367,
        -58.788307189941406,
        -59.80701446533203,
        -58.627235412597656,
        -59.12779235839844,
        -58.911128997802734,
        -59.900848388671875
    ]
}