{
    "loss": [
        0.935466468334198,
        0.11353342235088348,
        0.09012080729007721,
        0.07722857594490051,
        0.06523886322975159,
        0.05618647113442421,
        0.04907331243157387,
        0.04196349158883095,
        0.036551184952259064,
        0.03308305889368057
    ],
    "val_loss": [
        0.021422041580080986,
        0.013817650265991688,
        0.029436146840453148,
        0.013156071305274963,
        0.010615278035402298,
        0.008866441436111927,
        0.007165764924138784,
        0.007920638658106327,
        0.00655239587649703,
        0.009331779554486275
    ],
    "mae": [
        0.5806784629821777,
        0.2400618940591812,
        0.20981067419052124,
        0.19268934428691864,
        0.17583629488945007,
        0.1622500866651535,
        0.15042631328105927,
        0.13882292807102203,
        0.1297674924135208,
        0.12321430444717407
    ],
    "val_mae": [
        0.09576816111803055,
        0.07404037564992905,
        0.13131730258464813,
        0.07860291749238968,
        0.06289085000753403,
        0.05595395714044571,
        0.04868946224451065,
        0.059476111084222794,
        0.04965048283338547,
        0.06706395000219345
    ],
    "r2_metric": [
        -60.45272445678711,
        -63.00086212158203,
        -63.02745056152344,
        -62.980770111083984,
        -62.9614143371582,
        -62.92356491088867,
        -62.90033721923828,
        -62.86677551269531,
        -62.84547424316406,
        -62.857704162597656
    ],
    "val_r2_metric": [
        -61.894344329833984,
        -62.3244514465332,
        -60.8802490234375,
        -63.14509201049805,
        -61.69355773925781,
        -61.948665618896484,
        -62.001285552978516,
        -61.54002380371094,
        -61.87511444091797,
        -61.37296676635742
    ]
}