{
    "loss": [
        0.6731619238853455,
        0.09124791622161865,
        0.06796422600746155,
        0.052039735019207,
        0.04177270084619522,
        0.03352929279208183,
        0.027236048132181168,
        0.02288571186363697,
        0.019397716969251633,
        0.01693267934024334
    ],
    "val_loss": [
        0.015381742268800735,
        0.0085933031514287,
        0.012878263369202614,
        0.007574786897748709,
        0.009787654504179955,
        0.005795639008283615,
        0.008551285602152348,
        0.004615503828972578,
        0.004979775752872229,
        0.003522735321894288
    ],
    "mae": [
        0.4716690182685852,
        0.2119944840669632,
        0.17964762449264526,
        0.1548687368631363,
        0.136918842792511,
        0.12286770343780518,
        0.11004260927438736,
        0.10060837864875793,
        0.09265898913145065,
        0.08686397969722748
    ],
    "val_mae": [
        0.08608364313840866,
        0.05511205643415451,
        0.0776810273528099,
        0.052559297531843185,
        0.06455939263105392,
        0.04833533614873886,
        0.06048016622662544,
        0.04042945057153702,
        0.044269461184740067,
        0.029882892966270447
    ],
    "r2_metric": [
        -61.056392669677734,
        -62.99654769897461,
        -62.98335266113281,
        -62.93254470825195,
        -62.87507247924805,
        -62.87782669067383,
        -62.89944839477539,
        -62.8832893371582,
        -62.90413284301758,
        -62.90625
    ],
    "val_r2_metric": [
        -63.14265441894531,
        -62.46060562133789,
        -60.89693069458008,
        -61.64565658569336,
        -61.10984802246094,
        -62.06968307495117,
        -61.349456787109375,
        -62.96622848510742,
        -63.22235870361328,
        -62.44474411010742
    ]
}