{
    "loss": [
        0.8165474534034729,
        0.10125519335269928,
        0.07557494193315506,
        0.05953848361968994,
        0.04795238375663757,
        0.03982529044151306,
        0.03406256437301636,
        0.029435185715556145,
        0.025530563667416573,
        0.022573057562112808
    ],
    "val_loss": [
        0.05428076162934303,
        0.024290407076478004,
        0.04208185151219368,
        0.010293194092810154,
        0.03597423806786537,
        0.01614609733223915,
        0.01169321034103632,
        0.006763950455933809,
        0.009825373999774456,
        0.005578057374805212
    ],
    "mae": [
        0.5316779613494873,
        0.225685715675354,
        0.19147752225399017,
        0.1675412505865097,
        0.14961481094360352,
        0.13617882132530212,
        0.12518762052059174,
        0.11557653546333313,
        0.10617905110120773,
        0.10000450909137726
    ],
    "val_mae": [
        0.19282975792884827,
        0.11248841136693954,
        0.16802363097667694,
        0.06648469716310501,
        0.13727563619613647,
        0.08334051072597504,
        0.06944871693849564,
        0.04476325958967209,
        0.05744979903101921,
        0.04138897731900215
    ],
    "r2_metric": [
        -60.575714111328125,
        -62.93050003051758,
        -62.921485900878906,
        -62.91358184814453,
        -62.85270309448242,
        -62.8304328918457,
        -62.84614181518555,
        -62.86126708984375,
        -62.8735237121582,
        -62.87491226196289
    ],
    "val_r2_metric": [
        -61.91348648071289,
        -60.700889587402344,
        -60.53814697265625,
        -61.33729934692383,
        -59.75156021118164,
        -60.777793884277344,
        -61.0753173828125,
        -62.145240783691406,
        -61.34856033325195,
        -62.22888946533203
    ]
}