{
    "loss": [
        3.1628963947296143,
        0.32340753078460693,
        0.20113947987556458,
        0.16579581797122955,
        0.14006921648979187,
        0.12708859145641327,
        0.11464395374059677,
        0.10618821531534195,
        0.10068304091691971,
        0.09420772641897202
    ],
    "val_loss": [
        0.28431078791618347,
        0.12413196265697479,
        0.07198648154735565,
        0.06293725967407227,
        0.05589864403009415,
        0.029720459133386612,
        0.03125249221920967,
        0.027544546872377396,
        0.031765688210725784,
        0.024699578061699867
    ],
    "mae": [
        1.305951476097107,
        0.4329966902732849,
        0.3345029056072235,
        0.29784414172172546,
        0.27112406492233276,
        0.2562521994113922,
        0.2427193522453308,
        0.23297463357448578,
        0.22721867263317108,
        0.21908120810985565
    ],
    "val_mae": [
        0.4009353220462799,
        0.27055713534355164,
        0.19919514656066895,
        0.18544089794158936,
        0.18123888969421387,
        0.10484667867422104,
        0.1116948202252388,
        0.09979793429374695,
        0.11933822184801102,
        0.09578792005777359
    ],
    "r2_metric": [
        -55.06464385986328,
        -61.72553634643555,
        -62.535316467285156,
        -62.68822479248047,
        -62.7098503112793,
        -62.84773635864258,
        -62.85056686401367,
        -62.92414855957031,
        -62.872982025146484,
        -62.85590362548828
    ],
    "val_r2_metric": [
        -62.55965805053711,
        -61.41804122924805,
        -60.381446838378906,
        -59.886192321777344,
        -60.97416305541992,
        -62.33767318725586,
        -60.8447265625,
        -60.86663055419922,
        -60.167118072509766,
        -61.77821350097656
    ]
}