{
    "loss": [
        0.4636000394821167,
        0.07355920225381851,
        0.050588492304086685,
        0.03654159605503082,
        0.02709086425602436,
        0.020884573459625244,
        0.0159741397947073,
        0.014057855121791363,
        0.01248828787356615,
        0.011501530185341835
    ],
    "val_loss": [
        0.008517662063241005,
        0.011397774331271648,
        0.030469950288534164,
        0.036408886313438416,
        0.028892824426293373,
        0.03181414678692818,
        0.032189399003982544,
        0.02526225335896015,
        0.02442125603556633,
        0.03085094317793846
    ],
    "mae": [
        0.3888196349143982,
        0.1896359771490097,
        0.15480072796344757,
        0.1314460188150406,
        0.11243840306997299,
        0.09727701544761658,
        0.08421509712934494,
        0.0791073590517044,
        0.07466364651918411,
        0.07135111093521118
    ],
    "val_mae": [
        0.058540236204862595,
        0.07043439149856567,
        0.12953031063079834,
        0.12701240181922913,
        0.10909709334373474,
        0.10937388986349106,
        0.10691969841718674,
        0.09471847116947174,
        0.09014656394720078,
        0.10466581583023071
    ],
    "r2_metric": [
        -61.71375274658203,
        -62.96389389038086,
        -62.8748779296875,
        -62.84807205200195,
        -62.8414421081543,
        -62.870113372802734,
        -62.8879280090332,
        -62.897605895996094,
        -62.9058952331543,
        -62.90703582763672
    ],
    "val_r2_metric": [
        -62.80949020385742,
        -61.508052825927734,
        -59.085384368896484,
        -59.056922912597656,
        -59.60176467895508,
        -59.49015426635742,
        -59.475433349609375,
        -59.77747344970703,
        -60.030399322509766,
        -59.52505874633789
    ]
}