{
    "loss": [
        2.8499915599823,
        0.333801805973053,
        0.1970876306295395,
        0.15394645929336548,
        0.13441164791584015,
        0.12291108071804047,
        0.11136844009160995,
        0.10464923828840256,
        0.09498963505029678,
        0.09150049090385437
    ],
    "val_loss": [
        0.3451344072818756,
        0.08388403803110123,
        0.05068289488554001,
        0.030406169593334198,
        0.047063034027814865,
        0.03242157772183418,
        0.03877459838986397,
        0.025232499465346336,
        0.03856562450528145,
        0.027338726446032524
    ],
    "mae": [
        1.2500767707824707,
        0.44091683626174927,
        0.33058854937553406,
        0.2859528660774231,
        0.26653778553009033,
        0.25144895911216736,
        0.2391476184129715,
        0.23191331326961517,
        0.22010408341884613,
        0.21439391374588013
    ],
    "val_mae": [
        0.4315219521522522,
        0.2044699341058731,
        0.15236631035804749,
        0.10247382521629333,
        0.15593037009239197,
        0.1173371747136116,
        0.13510550558567047,
        0.09999573230743408,
        0.1423426866531372,
        0.11266979575157166
    ],
    "r2_metric": [
        -54.025489807128906,
        -61.41423034667969,
        -62.281925201416016,
        -62.58137130737305,
        -62.66911315917969,
        -62.739749908447266,
        -62.76948928833008,
        -62.76521301269531,
        -62.77414321899414,
        -62.832637786865234
    ],
    "val_r2_metric": [
        -61.83567810058594,
        -61.92789840698242,
        -61.4098014831543,
        -62.37772750854492,
        -60.81071090698242,
        -61.93034744262695,
        -60.50117874145508,
        -61.41162872314453,
        -60.792606353759766,
        -60.34373474121094
    ]
}