{
    "loss": [
        1.478536605834961,
        0.14166606962680817,
        0.1079772561788559,
        0.09155379235744476,
        0.08141758292913437,
        0.07193832844495773,
        0.0634186640381813,
        0.05668468028306961,
        0.051070842891931534,
        0.046094123274087906
    ],
    "val_loss": [
        0.04892027750611305,
        0.02980753406882286,
        0.020463788881897926,
        0.04068392142653465,
        0.01708073355257511,
        0.03505915030837059,
        0.019811008125543594,
        0.038957949727773666,
        0.020114310085773468,
        0.017675088718533516
    ],
    "mae": [
        0.7783002853393555,
        0.27246496081352234,
        0.2329282909631729,
        0.21373723447322845,
        0.20004259049892426,
        0.18670654296875,
        0.17465738952159882,
        0.16451729834079742,
        0.15517733991146088,
        0.14622867107391357
    ],
    "val_mae": [
        0.1525099128484726,
        0.11051133275032043,
        0.08097141981124878,
        0.14987026154994965,
        0.07439832389354706,
        0.13148747384548187,
        0.08599599450826645,
        0.15511959791183472,
        0.09209965914487839,
        0.08816434442996979
    ],
    "r2_metric": [
        -59.18125915527344,
        -62.824832916259766,
        -62.93244552612305,
        -62.96168518066406,
        -62.94382095336914,
        -62.95064163208008,
        -62.90043258666992,
        -62.88758087158203,
        -62.873878479003906,
        -62.84108352661133
    ],
    "val_r2_metric": [
        -62.44074630737305,
        -61.4881706237793,
        -62.15850067138672,
        -60.29078674316406,
        -61.33855056762695,
        -59.77267074584961,
        -60.81727981567383,
        -60.77571487426758,
        -60.886199951171875,
        -60.92460250854492
    ]
}