{
    "loss": [
        0.4752180874347687,
        0.07492894679307938,
        0.053148794919252396,
        0.03981758654117584,
        0.031034162268042564,
        0.024164920672774315,
        0.01913462206721306,
        0.015465803444385529,
        0.0125696687027812,
        0.010616539046168327
    ],
    "val_loss": [
        0.020349249243736267,
        0.0173945315182209,
        0.01824420504271984,
        0.019622232764959335,
        0.01251216884702444,
        0.013339568860828876,
        0.010462267324328423,
        0.008978414349257946,
        0.0056534879840910435,
        0.008985633961856365
    ],
    "mae": [
        0.39331093430519104,
        0.19087544083595276,
        0.1581655740737915,
        0.13554614782333374,
        0.11963143199682236,
        0.10529963672161102,
        0.09288280457258224,
        0.08274470269680023,
        0.07356151938438416,
        0.06584875285625458
    ],
    "val_mae": [
        0.10348262637853622,
        0.0882885605096817,
        0.08851427584886551,
        0.09907634556293488,
        0.0769324004650116,
        0.07706814259290695,
        0.06827252358198166,
        0.05499882251024246,
        0.038551315665245056,
        0.05410230532288551
    ],
    "r2_metric": [
        -61.635169982910156,
        -62.98164749145508,
        -62.92170333862305,
        -62.86884689331055,
        -62.86454391479492,
        -62.88374710083008,
        -62.8927001953125,
        -62.898773193359375,
        -62.920223236083984,
        -62.930381774902344
    ],
    "val_r2_metric": [
        -61.174537658691406,
        -60.73934555053711,
        -60.923484802246094,
        -60.100223541259766,
        -60.75569152832031,
        -60.709503173828125,
        -61.06211853027344,
        -61.28993225097656,
        -61.87784957885742,
        -61.27381134033203
    ]
}