{
    "loss": [
        0.941141664981842,
        0.10689558833837509,
        0.08317460119724274,
        0.06744986027479172,
        0.0571020133793354,
        0.0498153381049633,
        0.04185793176293373,
        0.036649495363235474,
        0.033041343092918396,
        0.029061906039714813
    ],
    "val_loss": [
        0.01745825819671154,
        0.019411185756325722,
        0.020552264526486397,
        0.011997884139418602,
        0.030952921137213707,
        0.014175951480865479,
        0.010130432434380054,
        0.007543240208178759,
        0.005649542436003685,
        0.006929257418960333
    ],
    "mae": [
        0.573817253112793,
        0.23212376236915588,
        0.20180253684520721,
        0.17924833297729492,
        0.1641964465379715,
        0.15186205506324768,
        0.13861031830310822,
        0.12959742546081543,
        0.12266243994235992,
        0.11459759622812271
    ],
    "val_mae": [
        0.08803089708089828,
        0.09731803089380264,
        0.10186247527599335,
        0.0775570496916771,
        0.12701350450515747,
        0.08038593083620071,
        0.06664574146270752,
        0.05578457564115524,
        0.046749297529459,
        0.05008573830127716
    ],
    "r2_metric": [
        -60.87055587768555,
        -62.9686164855957,
        -62.98800277709961,
        -62.9675178527832,
        -62.912498474121094,
        -62.89509963989258,
        -62.865909576416016,
        -62.84766387939453,
        -62.86322021484375,
        -62.871070861816406
    ],
    "val_r2_metric": [
        -63.15717315673828,
        -61.24675369262695,
        -60.56793212890625,
        -60.945743560791016,
        -59.322914123535156,
        -60.770103454589844,
        -61.321109771728516,
        -61.8583984375,
        -61.79237365722656,
        -61.9639778137207
    ]
}