{
    "loss": [
        0.4939664602279663,
        0.07030409574508667,
        0.048509396612644196,
        0.036132585257291794,
        0.02767084911465645,
        0.02165820635855198,
        0.01677844673395157,
        0.01335199736058712,
        0.011225481517612934,
        0.00971230585128069
    ],
    "val_loss": [
        0.033686280250549316,
        0.04052453860640526,
        0.04294377192854881,
        0.026992635801434517,
        0.027802087366580963,
        0.016209866851568222,
        0.015524362213909626,
        0.009461866691708565,
        0.005322356708347797,
        0.008651986718177795
    ],
    "mae": [
        0.3909318149089813,
        0.184822216629982,
        0.15032821893692017,
        0.12851573526859283,
        0.11270982772111893,
        0.09883403778076172,
        0.08510860055685043,
        0.07393542677164078,
        0.06668578833341599,
        0.0612926222383976
    ],
    "val_mae": [
        0.1347549706697464,
        0.1481461226940155,
        0.1460913121700287,
        0.10324296355247498,
        0.10236512124538422,
        0.07591072469949722,
        0.07094176858663559,
        0.057353779673576355,
        0.04014779254794121,
        0.05066533759236336
    ],
    "r2_metric": [
        -61.737396240234375,
        -62.95502853393555,
        -62.903690338134766,
        -62.85951232910156,
        -62.87488555908203,
        -62.88068771362305,
        -62.89158248901367,
        -62.90998458862305,
        -62.918853759765625,
        -62.92277145385742
    ],
    "val_r2_metric": [
        -60.044490814208984,
        -59.53999328613281,
        -58.65666580200195,
        -59.87923812866211,
        -59.7039794921875,
        -60.63199234008789,
        -60.665103912353516,
        -61.25715255737305,
        -61.76194763183594,
        -61.58113098144531
    ]
}