{
    "loss": [
        0.6188944578170776,
        0.0857984721660614,
        0.06527922302484512,
        0.051447879523038864,
        0.04088103026151657,
        0.033292777836322784,
        0.02752409689128399,
        0.023010456934571266,
        0.01975085586309433,
        0.01718730852007866
    ],
    "val_loss": [
        0.037360645830631256,
        0.017136184498667717,
        0.02007242664694786,
        0.008269280195236206,
        0.011571784503757954,
        0.010164989158511162,
        0.010512873530387878,
        0.004328289069235325,
        0.0028959312476217747,
        0.009621214121580124
    ],
    "mae": [
        0.4501650929450989,
        0.20513033866882324,
        0.17587661743164062,
        0.15473531186580658,
        0.13678649067878723,
        0.12367931008338928,
        0.11073572933673859,
        0.10046155750751495,
        0.0928630381822586,
        0.0864473432302475
    ],
    "val_mae": [
        0.1592993289232254,
        0.09138596802949905,
        0.0947687178850174,
        0.05966109782457352,
        0.06959465146064758,
        0.06553015112876892,
        0.06327765434980392,
        0.037967368960380554,
        0.023983685299754143,
        0.0624491311609745
    ],
    "r2_metric": [
        -61.489768981933594,
        -63.008060455322266,
        -62.94338607788086,
        -62.896400451660156,
        -62.8474006652832,
        -62.856388092041016,
        -62.861000061035156,
        -62.88071060180664,
        -62.89036178588867,
        -62.89375305175781
    ],
    "val_r2_metric": [
        -60.9940185546875,
        -61.30809783935547,
        -60.578758239746094,
        -61.97473907470703,
        -60.94599533081055,
        -61.212684631347656,
        -61.06069564819336,
        -62.92964553833008,
        -62.84950256347656,
        -61.16613006591797
    ]
}