{
    "loss": [
        2.789916515350342,
        0.24119585752487183,
        0.16830040514469147,
        0.13485579192638397,
        0.1156294196844101,
        0.10391919314861298,
        0.09693418443202972,
        0.09008391201496124,
        0.08295020461082458,
        0.07864044606685638
    ],
    "val_loss": [
        0.19181129336357117,
        0.07218539714813232,
        0.03568272665143013,
        0.02833249792456627,
        0.02808377891778946,
        0.019157756119966507,
        0.03758307546377182,
        0.01955183409154415,
        0.036625899374485016,
        0.022321315482258797
    ],
    "mae": [
        1.1743062734603882,
        0.3715643882751465,
        0.30155372619628906,
        0.266696035861969,
        0.2451116144657135,
        0.23094362020492554,
        0.22292152047157288,
        0.2129228115081787,
        0.20482851564884186,
        0.1987539678812027
    ],
    "val_mae": [
        0.33228790760040283,
        0.198659285902977,
        0.12602673470973969,
        0.10089875012636185,
        0.1055670976638794,
        0.06981721520423889,
        0.13463710248470306,
        0.08016754686832428,
        0.1382332742214203,
        0.09591992199420929
    ],
    "r2_metric": [
        -56.890281677246094,
        -62.36965560913086,
        -62.78761672973633,
        -62.90554428100586,
        -62.95449447631836,
        -62.92459487915039,
        -62.92416000366211,
        -62.93185043334961,
        -62.88774108886719,
        -62.897281646728516
    ],
    "val_r2_metric": [
        -60.778968811035156,
        -60.809757232666016,
        -62.02371597290039,
        -60.76036834716797,
        -60.88134765625,
        -62.00629425048828,
        -60.002716064453125,
        -61.29960632324219,
        -60.24716567993164,
        -60.4655647277832
    ]
}