{
    "loss": [
        0.484291672706604,
        0.07178740203380585,
        0.04744331166148186,
        0.03400987386703491,
        0.024697773158550262,
        0.01859963685274124,
        0.014951969496905804,
        0.012151515111327171,
        0.010040865279734135,
        0.008191338740289211
    ],
    "val_loss": [
        0.03342406824231148,
        0.009814402088522911,
        0.01622244343161583,
        0.007618774194270372,
        0.0037006272468715906,
        0.011065241880714893,
        0.0033153279218822718,
        0.006858895067125559,
        0.004695523530244827,
        0.005046924110502005
    ],
    "mae": [
        0.3972686529159546,
        0.18703442811965942,
        0.1489584743976593,
        0.12541009485721588,
        0.10629792511463165,
        0.0913490578532219,
        0.08060760051012039,
        0.07109606266021729,
        0.062358006834983826,
        0.05458623170852661
    ],
    "val_mae": [
        0.14671073853969574,
        0.06971912086009979,
        0.09205511957406998,
        0.05522224307060242,
        0.03368885815143585,
        0.06140986829996109,
        0.028616352006793022,
        0.04767919331789017,
        0.03935560956597328,
        0.03344593569636345
    ],
    "r2_metric": [
        -61.80085372924805,
        -62.92391586303711,
        -62.8758430480957,
        -62.84815216064453,
        -62.86408615112305,
        -62.88898468017578,
        -62.89130401611328,
        -62.90398406982422,
        -62.91407775878906,
        -62.923484802246094
    ],
    "val_r2_metric": [
        -60.9307746887207,
        -61.37029266357422,
        -60.88505172729492,
        -61.710784912109375,
        -62.70473861694336,
        -61.14849090576172,
        -62.530147552490234,
        -61.73472595214844,
        -62.18105697631836,
        -61.8930778503418
    ]
}