{
    "loss": [
        9.369486808776855,
        5.330016136169434,
        3.0273513793945312,
        1.4475622177124023,
        1.0748310089111328,
        0.8194609880447388,
        0.6828693151473999,
        0.5867070555686951,
        0.49195969104766846,
        0.44415777921676636
    ],
    "val_loss": [
        5.874999046325684,
        3.818608522415161,
        1.5264281034469604,
        0.9612632989883423,
        0.708223819732666,
        0.5387739539146423,
        0.4566037356853485,
        0.37320923805236816,
        0.37807294726371765,
        0.30459150671958923
    ],
    "mae": [
        2.5436251163482666,
        2.0047130584716797,
        1.474644660949707,
        0.9733390808105469,
        0.8449896574020386,
        0.7277625799179077,
        0.6564474701881409,
        0.6081774830818176,
        0.548626720905304,
        0.5162917971611023
    ],
    "val_mae": [
        2.099936008453369,
        1.70265531539917,
        1.0119569301605225,
        0.777301549911499,
        0.6699577569961548,
        0.5642333626747131,
        0.5153036713600159,
        0.4568007290363312,
        0.47153550386428833,
        0.40795740485191345
    ],
    "r2_metric": [
        -70.48291778564453,
        -38.259273529052734,
        -39.587764739990234,
        -52.858299255371094,
        -56.04668426513672,
        -57.49472427368164,
        -59.314720153808594,
        -59.530250549316406,
        -60.41796875,
        -60.367469787597656
    ],
    "val_r2_metric": [
        -35.88036346435547,
        -33.21533966064453,
        -45.773929595947266,
        -53.70667266845703,
        -55.26237106323242,
        -56.54978561401367,
        -57.16743850708008,
        -57.48088455200195,
        -57.42210006713867,
        -58.2380256652832
    ]
}