{
    "loss": [
        1.3684065341949463,
        0.13904879987239838,
        0.11093105375766754,
        0.09456978738307953,
        0.08138800412416458,
        0.07169520109891891,
        0.06446141749620438,
        0.057833705097436905,
        0.05140288546681404,
        0.04443492740392685
    ],
    "val_loss": [
        0.034989506006240845,
        0.02600248157978058,
        0.07177295535802841,
        0.014358706772327423,
        0.028682725504040718,
        0.020661884918808937,
        0.038461972028017044,
        0.015336824581027031,
        0.026408804580569267,
        0.00969473272562027
    ],
    "mae": [
        0.7379070520401001,
        0.27077436447143555,
        0.23729057610034943,
        0.21637380123138428,
        0.19974477589130402,
        0.18666090071201324,
        0.1762947142124176,
        0.16556206345558167,
        0.15642626583576202,
        0.1429341584444046
    ],
    "val_mae": [
        0.12774249911308289,
        0.11172830313444138,
        0.2305963784456253,
        0.07250896841287613,
        0.11743062734603882,
        0.10310868173837662,
        0.15634384751319885,
        0.07991378009319305,
        0.11824214458465576,
        0.058726634830236435
    ],
    "r2_metric": [
        -59.40266799926758,
        -62.85312271118164,
        -62.89875030517578,
        -62.93378448486328,
        -62.939910888671875,
        -62.92790603637695,
        -62.882225036621094,
        -62.86024475097656,
        -62.86491012573242,
        -62.84478759765625
    ],
    "val_r2_metric": [
        -63.79169464111328,
        -63.19729232788086,
        -61.005584716796875,
        -62.34568786621094,
        -60.32814407348633,
        -61.53342819213867,
        -60.50457000732422,
        -61.71166229248047,
        -60.18363571166992,
        -61.48927688598633
    ]
}