{
    "loss": [
        0.701653778553009,
        0.09301841259002686,
        0.06753354519605637,
        0.05276017263531685,
        0.04079654812812805,
        0.033288873732089996,
        0.02819913439452648,
        0.023085469380021095,
        0.019608531147241592,
        0.015923911705613136
    ],
    "val_loss": [
        0.024237535893917084,
        0.02701587788760662,
        0.03141339123249054,
        0.013334776274859905,
        0.02981187030673027,
        0.01975732110440731,
        0.014908311888575554,
        0.014290974475443363,
        0.02115725353360176,
        0.02301854081451893
    ],
    "mae": [
        0.48504239320755005,
        0.214854896068573,
        0.18119192123413086,
        0.15918086469173431,
        0.13981059193611145,
        0.12589137256145477,
        0.11571451276540756,
        0.10310295224189758,
        0.09443879127502441,
        0.08469787240028381
    ],
    "val_mae": [
        0.10918425768613815,
        0.12495805323123932,
        0.13689231872558594,
        0.07541961222887039,
        0.12367095053195953,
        0.10082166641950607,
        0.07870668172836304,
        0.07539546489715576,
        0.08340990543365479,
        0.09641475975513458
    ],
    "r2_metric": [
        -60.936607360839844,
        -62.976810455322266,
        -62.93877029418945,
        -62.87348556518555,
        -62.848060607910156,
        -62.84440612792969,
        -62.856056213378906,
        -62.86726760864258,
        -62.88807678222656,
        -62.909061431884766
    ],
    "val_r2_metric": [
        -62.53105163574219,
        -60.831268310546875,
        -60.619441986083984,
        -61.096046447753906,
        -59.6512451171875,
        -60.40467071533203,
        -60.607566833496094,
        -60.89754867553711,
        -60.29790496826172,
        -59.9824104309082
    ]
}