{
    "loss": [
        0.5729652047157288,
        0.07889533042907715,
        0.05546260625123978,
        0.04112189635634422,
        0.031602893024683,
        0.024560142308473587,
        0.020310301333665848,
        0.01708216592669487,
        0.01485072635114193,
        0.012792423367500305
    ],
    "val_loss": [
        0.01603551022708416,
        0.023374048992991447,
        0.0283870380371809,
        0.014944549649953842,
        0.0077214548364281654,
        0.009505399502813816,
        0.009451942518353462,
        0.00917268916964531,
        0.0037594649475067854,
        0.005829434376209974
    ],
    "mae": [
        0.43011295795440674,
        0.1973259150981903,
        0.16265928745269775,
        0.13810373842716217,
        0.12086885422468185,
        0.10518018156290054,
        0.09504860639572144,
        0.08681388199329376,
        0.08007510006427765,
        0.07383392751216888
    ],
    "val_mae": [
        0.0892757922410965,
        0.11206433176994324,
        0.12359126657247543,
        0.08544613420963287,
        0.0547323003411293,
        0.06381992250680923,
        0.05826122686266899,
        0.060733113437891006,
        0.032558467239141464,
        0.04659485071897507
    ],
    "r2_metric": [
        -61.57278823852539,
        -62.99007034301758,
        -62.92353057861328,
        -62.86654281616211,
        -62.846187591552734,
        -62.886505126953125,
        -62.90061569213867,
        -62.90456008911133,
        -62.907379150390625,
        -62.920597076416016
    ],
    "val_r2_metric": [
        -61.01976013183594,
        -60.462646484375,
        -59.67348861694336,
        -60.56507873535156,
        -61.57002639770508,
        -61.11586380004883,
        -61.396209716796875,
        -61.16135787963867,
        -62.02620315551758,
        -61.59317398071289
    ]
}