{
    "loss": [
        1.1437091827392578,
        0.12377329915761948,
        0.09482689201831818,
        0.08175889402627945,
        0.07073204964399338,
        0.06227236986160278,
        0.05500607565045357,
        0.049244243651628494,
        0.04309943690896034,
        0.039499279111623764
    ],
    "val_loss": [
        0.028366656973958015,
        0.014869450591504574,
        0.04404676705598831,
        0.013631303794682026,
        0.01617499440908432,
        0.01224120706319809,
        0.011020984500646591,
        0.019587989896535873,
        0.020195912569761276,
        0.008262255229055882
    ],
    "mae": [
        0.6643385291099548,
        0.2544248402118683,
        0.2179068922996521,
        0.2007298320531845,
        0.18520566821098328,
        0.17365790903568268,
        0.16244424879550934,
        0.15319573879241943,
        0.14272372424602509,
        0.13637587428092957
    ],
    "val_mae": [
        0.10989990085363388,
        0.06799571216106415,
        0.16742251813411713,
        0.06673233211040497,
        0.07664894312620163,
        0.06630892306566238,
        0.06263157725334167,
        0.08832601457834244,
        0.09854809194803238,
        0.05046932399272919
    ],
    "r2_metric": [
        -59.63438415527344,
        -62.88752365112305,
        -62.959503173828125,
        -62.96379852294922,
        -62.95524978637695,
        -62.92302703857422,
        -62.90985107421875,
        -62.89872360229492,
        -62.866451263427734,
        -62.839576721191406
    ],
    "val_r2_metric": [
        -63.252498626708984,
        -62.01120376586914,
        -61.199886322021484,
        -62.49448776245117,
        -60.931060791015625,
        -62.370330810546875,
        -61.5765266418457,
        -60.83646011352539,
        -61.16427993774414,
        -62.53899002075195
    ]
}