{
    "loss": [
        0.7342263460159302,
        0.09217821806669235,
        0.06888005137443542,
        0.05476215109229088,
        0.04434683918952942,
        0.036503154784440994,
        0.030191512778401375,
        0.02509099245071411,
        0.021377189084887505,
        0.01839965209364891
    ],
    "val_loss": [
        0.01626698113977909,
        0.009517710655927658,
        0.009183913469314575,
        0.007917786948382854,
        0.0070798806846141815,
        0.009954986162483692,
        0.007735848426818848,
        0.005319483578205109,
        0.0037777055986225605,
        0.004509108606725931
    ],
    "mae": [
        0.48764878511428833,
        0.21397991478443146,
        0.18171469867229462,
        0.160545215010643,
        0.14288748800754547,
        0.1289331465959549,
        0.11646952480077744,
        0.10531704872846603,
        0.09700234979391098,
        0.08993426710367203
    ],
    "val_mae": [
        0.08221384137868881,
        0.05116209760308266,
        0.06056414172053337,
        0.05229570344090462,
        0.04905045032501221,
        0.06334929168224335,
        0.05426943674683571,
        0.041112352162599564,
        0.03425035998225212,
        0.0368247926235199
    ],
    "r2_metric": [
        -61.293663024902344,
        -63.0128288269043,
        -62.98721694946289,
        -62.91844940185547,
        -62.88035583496094,
        -62.86355209350586,
        -62.86868667602539,
        -62.87847900390625,
        -62.890594482421875,
        -62.896663665771484
    ],
    "val_r2_metric": [
        -62.177032470703125,
        -63.5866813659668,
        -61.80207824707031,
        -62.568328857421875,
        -62.100406646728516,
        -61.22806930541992,
        -61.5110969543457,
        -62.00537109375,
        -62.723690032958984,
        -62.051483154296875
    ]
}