{
    "loss": [
        0.6468471884727478,
        0.09140583872795105,
        0.067011259496212,
        0.049688149243593216,
        0.038878727704286575,
        0.031652551144361496,
        0.02627052552998066,
        0.02231045626103878,
        0.018773337826132774,
        0.016384724527597427
    ],
    "val_loss": [
        0.011317171156406403,
        0.01943962275981903,
        0.009660320356488228,
        0.006832543760538101,
        0.005168159492313862,
        0.004751506727188826,
        0.005961611866950989,
        0.0032811141572892666,
        0.005711758509278297,
        0.004878928419202566
    ],
    "mae": [
        0.4613237679004669,
        0.21304842829704285,
        0.17956309020519257,
        0.15256448090076447,
        0.133956640958786,
        0.1207563504576683,
        0.10910027474164963,
        0.09924077987670898,
        0.08975380659103394,
        0.08260637521743774
    ],
    "val_mae": [
        0.06613019853830338,
        0.09590931981801987,
        0.06591285765171051,
        0.05116550251841545,
        0.04179689288139343,
        0.041848521679639816,
        0.048061616718769073,
        0.02919555827975273,
        0.045925263315439224,
        0.040313899517059326
    ],
    "r2_metric": [
        -61.5340690612793,
        -63.0178337097168,
        -62.947635650634766,
        -62.916839599609375,
        -62.8780403137207,
        -62.88617706298828,
        -62.890865325927734,
        -62.90784454345703,
        -62.90106964111328,
        -62.92451095581055
    ],
    "val_r2_metric": [
        -63.75153732299805,
        -60.588775634765625,
        -62.293983459472656,
        -62.81005859375,
        -62.491920471191406,
        -62.6846809387207,
        -61.908634185791016,
        -62.31882095336914,
        -61.77412033081055,
        -61.80911636352539
    ]
}