{
    "loss": [
        0.4133235216140747,
        0.06000861898064613,
        0.03949319198727608,
        0.027503691613674164,
        0.020672554150223732,
        0.0157699603587389,
        0.012010034173727036,
        0.010487750172615051,
        0.009488334879279137,
        0.008430746383965015
    ],
    "val_loss": [
        0.028051333501935005,
        0.13621243834495544,
        0.08916820585727692,
        0.08984975516796112,
        0.07502689212560654,
        0.057155851274728775,
        0.0624820701777935,
        0.061734169721603394,
        0.05127556622028351,
        0.05088995397090912
    ],
    "mae": [
        0.36004456877708435,
        0.1696385145187378,
        0.13500934839248657,
        0.11122939735651016,
        0.09546587616205215,
        0.08272496610879898,
        0.07136690616607666,
        0.06591702252626419,
        0.06163377687335014,
        0.057543955743312836
    ],
    "val_mae": [
        0.12626545131206512,
        0.2675938010215759,
        0.2071358561515808,
        0.1963818520307541,
        0.16081219911575317,
        0.14127065241336823,
        0.1412980854511261,
        0.1393468827009201,
        0.12558500468730927,
        0.1232391744852066
    ],
    "r2_metric": [
        -61.765220642089844,
        -62.94382858276367,
        -62.87765121459961,
        -62.89757537841797,
        -62.91337966918945,
        -62.9195442199707,
        -62.92344284057617,
        -62.93195724487305,
        -62.938079833984375,
        -62.94731140136719
    ],
    "val_r2_metric": [
        -60.41860580444336,
        -56.39852523803711,
        -56.825870513916016,
        -57.29288101196289,
        -57.802127838134766,
        -58.27486038208008,
        -58.213661193847656,
        -58.26239013671875,
        -58.73569107055664,
        -58.74481201171875
    ]
}