{
    "loss": [
        0.8276126980781555,
        0.09757696092128754,
        0.07381654530763626,
        0.058501217514276505,
        0.045810848474502563,
        0.037697721272706985,
        0.031193092465400696,
        0.026236051693558693,
        0.0211976058781147,
        0.019772639498114586
    ],
    "val_loss": [
        0.03356071189045906,
        0.014671248383820057,
        0.012916580773890018,
        0.023885909467935562,
        0.024355731904506683,
        0.018887121230363846,
        0.01983296126127243,
        0.014448193833231926,
        0.011609300971031189,
        0.016477493569254875
    ],
    "mae": [
        0.5350608229637146,
        0.22143539786338806,
        0.18898308277130127,
        0.16515980660915375,
        0.14507584273815155,
        0.13188189268112183,
        0.11817391216754913,
        0.10703911632299423,
        0.0955355316400528,
        0.09232701361179352
    ],
    "val_mae": [
        0.14541922509670258,
        0.07584438472986221,
        0.06842588633298874,
        0.10201197862625122,
        0.10467763990163803,
        0.0931166335940361,
        0.09550889581441879,
        0.08045633882284164,
        0.0665452629327774,
        0.07781940698623657
    ],
    "r2_metric": [
        -60.52497863769531,
        -62.9849853515625,
        -62.964378356933594,
        -62.92031478881836,
        -62.86034393310547,
        -62.863094329833984,
        -62.8628044128418,
        -62.875648498535156,
        -62.88377380371094,
        -62.89393997192383
    ],
    "val_r2_metric": [
        -63.60625076293945,
        -61.48904037475586,
        -61.35196304321289,
        -60.00941467285156,
        -59.76677322387695,
        -60.171932220458984,
        -60.15447998046875,
        -60.5847053527832,
        -60.89485549926758,
        -60.46915817260742
    ]
}