{
    "loss": [
        2.645017385482788,
        0.27415844798088074,
        0.17803239822387695,
        0.13610437512397766,
        0.12414071708917618,
        0.10813450068235397,
        0.09965243935585022,
        0.09180047363042831,
        0.08547693490982056,
        0.08065538853406906
    ],
    "val_loss": [
        0.24035756289958954,
        0.08390588313341141,
        0.05089160054922104,
        0.043112266808748245,
        0.025590231642127037,
        0.027697088196873665,
        0.02702861651778221,
        0.02414429932832718,
        0.03399578109383583,
        0.018823236227035522
    ],
    "mae": [
        1.166229486465454,
        0.3997579514980316,
        0.31743884086608887,
        0.27140310406684875,
        0.2556701600551605,
        0.23646023869514465,
        0.2249191850423813,
        0.2159813493490219,
        0.2069861888885498,
        0.20118945837020874
    ],
    "val_mae": [
        0.35724467039108276,
        0.20767414569854736,
        0.1546722799539566,
        0.14526915550231934,
        0.08567183464765549,
        0.09951257705688477,
        0.10159340500831604,
        0.09407901763916016,
        0.12236502766609192,
        0.07579728215932846
    ],
    "r2_metric": [
        -55.17015075683594,
        -61.86471176147461,
        -62.40302276611328,
        -62.66432571411133,
        -62.7478141784668,
        -62.80234146118164,
        -62.80900955200195,
        -62.8204231262207,
        -62.80473327636719,
        -62.779232025146484
    ],
    "val_r2_metric": [
        -62.02600860595703,
        -60.581146240234375,
        -60.93052673339844,
        -63.90447998046875,
        -63.69915008544922,
        -61.39564895629883,
        -61.516056060791016,
        -60.846778869628906,
        -60.61198043823242,
        -61.60525894165039
    ]
}