{
    "loss": [
        0.44814860820770264,
        0.06666223704814911,
        0.04402201250195503,
        0.0311218723654747,
        0.022693544626235962,
        0.017154349014163017,
        0.01355484314262867,
        0.010934349149465561,
        0.008727840147912502,
        0.006968264002352953
    ],
    "val_loss": [
        0.027280785143375397,
        0.03889850527048111,
        0.018491629511117935,
        0.011398977600038052,
        0.018610410392284393,
        0.009908978827297688,
        0.01316164992749691,
        0.02498406358063221,
        0.019814038649201393,
        0.020165856927633286
    ],
    "mae": [
        0.3770942687988281,
        0.18040865659713745,
        0.14388464391231537,
        0.12045727670192719,
        0.10094316303730011,
        0.08646486699581146,
        0.07627090811729431,
        0.06683739274740219,
        0.057617876678705215,
        0.0496186837553978
    ],
    "val_mae": [
        0.12278200685977936,
        0.1564120203256607,
        0.09193608164787292,
        0.07173909991979599,
        0.08264540880918503,
        0.06220570206642151,
        0.06505481898784637,
        0.09387445449829102,
        0.0784047394990921,
        0.07675749063491821
    ],
    "r2_metric": [
        -61.632320404052734,
        -62.92823791503906,
        -62.87320327758789,
        -62.86988830566406,
        -62.88631057739258,
        -62.90427780151367,
        -62.918785095214844,
        -62.920799255371094,
        -62.938716888427734,
        -62.94388198852539
    ],
    "val_r2_metric": [
        -60.61248779296875,
        -60.09745407104492,
        -60.22312927246094,
        -60.91292953491211,
        -60.2953987121582,
        -61.17085266113281,
        -60.938663482666016,
        -60.0593376159668,
        -60.33607482910156,
        -60.304927825927734
    ]
}