{
    "loss": [
        0.7075154185295105,
        0.08773007988929749,
        0.06351663917303085,
        0.048166461288928986,
        0.03809399902820587,
        0.03126516565680504,
        0.02525017037987709,
        0.02096465229988098,
        0.01780017465353012,
        0.015346003696322441
    ],
    "val_loss": [
        0.03164612129330635,
        0.026915842667222023,
        0.029230765998363495,
        0.05234517902135849,
        0.06957141309976578,
        0.02843305468559265,
        0.017008738592267036,
        0.02794703096151352,
        0.01922035776078701,
        0.04000930115580559
    ],
    "mae": [
        0.48376351594924927,
        0.2080651819705963,
        0.17467555403709412,
        0.1506417989730835,
        0.13343766331672668,
        0.12062011659145355,
        0.10753767937421799,
        0.09719748049974442,
        0.08878082782030106,
        0.0827295109629631
    ],
    "val_mae": [
        0.13011379539966583,
        0.12094151973724365,
        0.11944599449634552,
        0.16344906389713287,
        0.18378855288028717,
        0.10742829740047455,
        0.08804795145988464,
        0.10810240358114243,
        0.09069523960351944,
        0.12131864577531815
    ],
    "r2_metric": [
        -61.11102294921875,
        -62.972007751464844,
        -62.9385871887207,
        -62.89226150512695,
        -62.865577697753906,
        -62.8551025390625,
        -62.871150970458984,
        -62.89606475830078,
        -62.891624450683594,
        -62.8986930847168
    ],
    "val_r2_metric": [
        -60.2413444519043,
        -60.62586212158203,
        -59.69618225097656,
        -58.52824783325195,
        -57.61191177368164,
        -59.54657745361328,
        -60.32653045654297,
        -59.5582389831543,
        -60.23099899291992,
        -59.103885650634766
    ]
}