{
    "loss": [
        0.7353348135948181,
        0.09637423604726791,
        0.07193048298358917,
        0.056414227932691574,
        0.045890312641859055,
        0.03807700052857399,
        0.031923696398735046,
        0.026569215580821037,
        0.022956326603889465,
        0.019568216055631638
    ],
    "val_loss": [
        0.015808571130037308,
        0.014173504896461964,
        0.025560719892382622,
        0.021805498749017715,
        0.01469570491462946,
        0.033478084951639175,
        0.01231657899916172,
        0.005754485260695219,
        0.00831859651952982,
        0.013088480569422245
    ],
    "mae": [
        0.501299262046814,
        0.21866156160831451,
        0.18603837490081787,
        0.16278578341007233,
        0.14609041810035706,
        0.13239914178848267,
        0.12086973339319229,
        0.10971713066101074,
        0.1008182242512703,
        0.0931733176112175
    ],
    "val_mae": [
        0.08040976524353027,
        0.0781397819519043,
        0.11337167024612427,
        0.11125872284173965,
        0.08678615838289261,
        0.13537836074829102,
        0.06787548959255219,
        0.04379729554057121,
        0.05257658660411835,
        0.07114675641059875
    ],
    "r2_metric": [
        -61.030914306640625,
        -62.99736785888672,
        -62.93165588378906,
        -62.91487121582031,
        -62.86312484741211,
        -62.832679748535156,
        -62.849491119384766,
        -62.86069869995117,
        -62.85758972167969,
        -62.87806701660156
    ],
    "val_r2_metric": [
        -63.80368423461914,
        -61.33784866333008,
        -60.21599578857422,
        -60.91775894165039,
        -61.127403259277344,
        -59.26619338989258,
        -61.104007720947266,
        -61.947601318359375,
        -61.665550231933594,
        -61.001136779785156
    ]
}