{
    "loss": [
        1.1867183446884155,
        0.12853297591209412,
        0.09902646392583847,
        0.08539766073226929,
        0.07143708318471909,
        0.06322099268436432,
        0.055677108466625214,
        0.04974986985325813,
        0.04440853372216225,
        0.03902347758412361
    ],
    "val_loss": [
        0.027010858058929443,
        0.014302734285593033,
        0.02409832738339901,
        0.012832725420594215,
        0.010193241760134697,
        0.01692354306578636,
        0.01815640926361084,
        0.018456822261214256,
        0.014735163189470768,
        0.016765201464295387
    ],
    "mae": [
        0.6610986590385437,
        0.2570859491825104,
        0.2222931832075119,
        0.20363539457321167,
        0.18482302129268646,
        0.17323392629623413,
        0.16094210743904114,
        0.1508295089006424,
        0.14311480522155762,
        0.13445502519607544
    ],
    "val_mae": [
        0.10774753987789154,
        0.06728281825780869,
        0.10861007869243622,
        0.06812974065542221,
        0.05754731222987175,
        0.08632758259773254,
        0.0875665470957756,
        0.0930253192782402,
        0.08495841175317764,
        0.0900651216506958
    ],
    "r2_metric": [
        -59.99705505371094,
        -62.991050720214844,
        -63.01373291015625,
        -63.01380920410156,
        -62.95854949951172,
        -62.95384979248047,
        -62.90810775756836,
        -62.890380859375,
        -62.852054595947266,
        -62.84777069091797
    ],
    "val_r2_metric": [
        -63.994808197021484,
        -62.82660675048828,
        -60.929256439208984,
        -61.567134857177734,
        -61.96694564819336,
        -61.28672790527344,
        -60.727561950683594,
        -60.405372619628906,
        -60.852867126464844,
        -60.42369842529297
    ]
}