{
    "loss": [
        0.45266303420066833,
        0.06983774155378342,
        0.04551726579666138,
        0.03204190358519554,
        0.023456687107682228,
        0.018173016607761383,
        0.01440313458442688,
        0.011260955594480038,
        0.009126252494752407,
        0.007222550455480814
    ],
    "val_loss": [
        0.01013149507343769,
        0.007745138369500637,
        0.006821220275014639,
        0.004728189669549465,
        0.008646361529827118,
        0.0044831992127001286,
        0.0036750086583197117,
        0.0029005161486566067,
        0.0020544989965856075,
        0.0035419617779552937
    ],
    "mae": [
        0.3830253779888153,
        0.1835128366947174,
        0.14568209648132324,
        0.12120280414819717,
        0.10174886882305145,
        0.08925081044435501,
        0.07863066345453262,
        0.06787213683128357,
        0.05913694575428963,
        0.05112366005778313
    ],
    "val_mae": [
        0.06733611971139908,
        0.05533793941140175,
        0.05802192538976669,
        0.04012662544846535,
        0.061209455132484436,
        0.04142250493168831,
        0.03419209271669388,
        0.02674279920756817,
        0.01980750635266304,
        0.027108725160360336
    ],
    "r2_metric": [
        -61.64634704589844,
        -62.936256408691406,
        -62.86073684692383,
        -62.85173034667969,
        -62.874542236328125,
        -62.88774871826172,
        -62.900299072265625,
        -62.90519714355469,
        -62.91752243041992,
        -62.92772674560547
    ],
    "val_r2_metric": [
        -61.945247650146484,
        -62.637943267822266,
        -62.614227294921875,
        -62.38573455810547,
        -61.24225616455078,
        -61.85350036621094,
        -62.105712890625,
        -62.398040771484375,
        -62.6184196472168,
        -62.263954162597656
    ]
}