{
    "loss": [
        0.9157472848892212,
        0.11025220900774002,
        0.08346487581729889,
        0.06663868576288223,
        0.05468255653977394,
        0.04700601100921631,
        0.03803250193595886,
        0.03550374507904053,
        0.03293455019593239,
        0.03076387196779251
    ],
    "val_loss": [
        0.038276541978120804,
        0.056252554059028625,
        0.04374842345714569,
        0.05505713075399399,
        0.056768178939819336,
        0.10023549199104309,
        0.0892738476395607,
        0.08935119956731796,
        0.0808124840259552,
        0.09928134083747864
    ],
    "mae": [
        0.5783483982086182,
        0.2383081167936325,
        0.2035735696554184,
        0.1797211468219757,
        0.16204753518104553,
        0.14931057393550873,
        0.13306112587451935,
        0.1288505345582962,
        0.12427257001399994,
        0.120049849152565
    ],
    "val_mae": [
        0.14706623554229736,
        0.20380428433418274,
        0.16198664903640747,
        0.1766081601381302,
        0.16639195382595062,
        0.22264523804187775,
        0.21574845910072327,
        0.21156136691570282,
        0.19843436777591705,
        0.21340543031692505
    ],
    "r2_metric": [
        -59.9267692565918,
        -62.90393829345703,
        -62.908206939697266,
        -62.90708923339844,
        -62.87078857421875,
        -62.83224868774414,
        -62.849735260009766,
        -62.8303108215332,
        -62.8322868347168,
        -62.83997344970703
    ],
    "val_r2_metric": [
        -61.44369888305664,
        -61.126670837402344,
        -59.80522537231445,
        -59.0880126953125,
        -58.47391128540039,
        -57.0341911315918,
        -56.963226318359375,
        -57.06745529174805,
        -57.11286926269531,
        -56.71329116821289
    ]
}