{
    "loss": [
        0.9538325667381287,
        0.10543861240148544,
        0.0806785598397255,
        0.06355170905590057,
        0.05131712555885315,
        0.04215550795197487,
        0.03575529903173447,
        0.030292991548776627,
        0.024919923394918442,
        0.02292066253721714
    ],
    "val_loss": [
        0.017061417922377586,
        0.011491050012409687,
        0.009289168752729893,
        0.051706358790397644,
        0.023600298911333084,
        0.022822456434369087,
        0.009608305059373379,
        0.017892805859446526,
        0.006286103744059801,
        0.009032069705426693
    ],
    "mae": [
        0.5648098587989807,
        0.22904321551322937,
        0.19705329835414886,
        0.17382149398326874,
        0.15502840280532837,
        0.13976174592971802,
        0.12867389619350433,
        0.11746598780155182,
        0.10552142560482025,
        0.10075774043798447
    ],
    "val_mae": [
        0.08755620568990707,
        0.06497417390346527,
        0.05679338797926903,
        0.18804673850536346,
        0.11095646768808365,
        0.10150454193353653,
        0.06755220144987106,
        0.08854223787784576,
        0.04522347077727318,
        0.06122560054063797
    ],
    "r2_metric": [
        -61.28137969970703,
        -63.009559631347656,
        -62.96958541870117,
        -62.91461181640625,
        -62.881526947021484,
        -62.83388137817383,
        -62.853294372558594,
        -62.85643768310547,
        -62.87834548950195,
        -62.881717681884766
    ],
    "val_r2_metric": [
        -61.36320877075195,
        -61.90022277832031,
        -61.95685958862305,
        -60.30449676513672,
        -60.2751579284668,
        -60.043800354003906,
        -61.437625885009766,
        -60.367950439453125,
        -61.74034118652344,
        -61.50197982788086
    ]
}