{
    "loss": [
        0.510722279548645,
        0.07139532268047333,
        0.04712698608636856,
        0.03411480411887169,
        0.024953270331025124,
        0.019572654739022255,
        0.015213499777019024,
        0.012350109405815601,
        0.010444317944347858,
        0.008757103234529495
    ],
    "val_loss": [
        0.06532130390405655,
        0.026627466082572937,
        0.037333883345127106,
        0.017588552087545395,
        0.02335651032626629,
        0.024083996191620827,
        0.030348116531968117,
        0.014012062922120094,
        0.027863670140504837,
        0.0379674918949604
    ],
    "mae": [
        0.4048472046852112,
        0.1873476207256317,
        0.1496732383966446,
        0.12691672146320343,
        0.10653030127286911,
        0.09305160492658615,
        0.08094388991594315,
        0.07155731320381165,
        0.0644027441740036,
        0.05851905047893524
    ],
    "val_mae": [
        0.22295887768268585,
        0.11941449344158173,
        0.14347441494464874,
        0.09095769375562668,
        0.09433183073997498,
        0.09069747477769852,
        0.11686964333057404,
        0.06875309348106384,
        0.09395022690296173,
        0.10949106514453888
    ],
    "r2_metric": [
        -61.62879180908203,
        -62.949214935302734,
        -62.88674545288086,
        -62.854190826416016,
        -62.87095642089844,
        -62.8822021484375,
        -62.907405853271484,
        -62.90542221069336,
        -62.926612854003906,
        -62.932762145996094
    ],
    "val_r2_metric": [
        -60.64260482788086,
        -60.43731689453125,
        -59.88780212402344,
        -60.319576263427734,
        -59.97065734863281,
        -60.01248550415039,
        -59.74395751953125,
        -60.76765441894531,
        -59.8680419921875,
        -59.185794830322266
    ]
}