{
    "loss": [
        1.552038311958313,
        0.17176425457000732,
        0.12434621900320053,
        0.10189240425825119,
        0.0918976217508316,
        0.08084511756896973,
        0.0721917599439621,
        0.06794407963752747,
        0.059484247118234634,
        0.05593102425336838
    ],
    "val_loss": [
        0.07532927393913269,
        0.03895052894949913,
        0.03352135419845581,
        0.04200863465666771,
        0.01878354884684086,
        0.059326667338609695,
        0.05226555094122887,
        0.043778181076049805,
        0.054536379873752594,
        0.05855993553996086
    ],
    "mae": [
        0.8306339979171753,
        0.30680644512176514,
        0.2541654109954834,
        0.22787095606327057,
        0.2152017205953598,
        0.20020084083080292,
        0.18809287250041962,
        0.18128913640975952,
        0.1685047745704651,
        0.16384746134281158
    ],
    "val_mae": [
        0.19082294404506683,
        0.13604983687400818,
        0.1291874498128891,
        0.15129290521144867,
        0.08107779175043106,
        0.18683937191963196,
        0.1711335927248001,
        0.14630675315856934,
        0.17576655745506287,
        0.17852385342121124
    ],
    "r2_metric": [
        -57.897789001464844,
        -62.502197265625,
        -62.78766632080078,
        -62.838592529296875,
        -62.83872604370117,
        -62.843204498291016,
        -62.88317108154297,
        -62.88566207885742,
        -62.86957550048828,
        -62.854408264160156
    ],
    "val_r2_metric": [
        -62.48579025268555,
        -61.495887756347656,
        -61.73497009277344,
        -60.30649948120117,
        -62.12678527832031,
        -59.5490608215332,
        -59.56172180175781,
        -59.197574615478516,
        -59.332672119140625,
        -59.00355911254883
    ]
}