{
    "loss": [
        0.8960123658180237,
        0.10748007148504257,
        0.08191598206758499,
        0.06710731983184814,
        0.055719345808029175,
        0.04729970544576645,
        0.04032742232084274,
        0.03357803821563721,
        0.02814451791346073,
        0.02595403417944908
    ],
    "val_loss": [
        0.021328138187527657,
        0.011262443847954273,
        0.008948205970227718,
        0.020392943173646927,
        0.03365805000066757,
        0.04620560631155968,
        0.022952070459723473,
        0.028460508212447166,
        0.01580537110567093,
        0.0098572401329875
    ],
    "mae": [
        0.558179497718811,
        0.23176497220993042,
        0.19958554208278656,
        0.17855487763881683,
        0.1610068678855896,
        0.14581723511219025,
        0.13477148115634918,
        0.12236222624778748,
        0.1109035387635231,
        0.10676565766334534
    ],
    "val_mae": [
        0.09432348608970642,
        0.06232272461056709,
        0.05302928015589714,
        0.097996287047863,
        0.1379099190235138,
        0.16057009994983673,
        0.10645091533660889,
        0.11219759285449982,
        0.08133818954229355,
        0.05832129716873169
    ],
    "r2_metric": [
        -60.571170806884766,
        -62.99217987060547,
        -62.99713134765625,
        -62.9338493347168,
        -62.934486389160156,
        -62.85726547241211,
        -62.836307525634766,
        -62.861602783203125,
        -62.87858581542969,
        -62.8641242980957
    ],
    "val_r2_metric": [
        -61.385658264160156,
        -62.15791702270508,
        -62.302181243896484,
        -60.57927322387695,
        -59.52763366699219,
        -58.26023864746094,
        -59.69991683959961,
        -59.50307846069336,
        -60.42715072631836,
        -61.2062873840332
    ]
}