{
    "loss": [
        0.8948241472244263,
        0.10695737600326538,
        0.08085023611783981,
        0.06614705175161362,
        0.05588516965508461,
        0.047068700194358826,
        0.04093238338828087,
        0.034891821444034576,
        0.03060203604400158,
        0.025873517617583275
    ],
    "val_loss": [
        0.04062706232070923,
        0.019786467775702477,
        0.025529123842716217,
        0.014080744236707687,
        0.038206230849027634,
        0.02053109183907509,
        0.06085430458188057,
        0.024057913571596146,
        0.02935817651450634,
        0.03062685951590538
    ],
    "mae": [
        0.5718309283256531,
        0.23464757204055786,
        0.19994166493415833,
        0.17923220992088318,
        0.16443602740764618,
        0.14966392517089844,
        0.13919873535633087,
        0.12892761826515198,
        0.12002760171890259,
        0.10911356657743454
    ],
    "val_mae": [
        0.15443335473537445,
        0.10268030315637589,
        0.11566898971796036,
        0.08404329419136047,
        0.14941176772117615,
        0.10077274590730667,
        0.18466795980930328,
        0.10062795877456665,
        0.11827745288610458,
        0.12016734480857849
    ],
    "r2_metric": [
        -60.0592041015625,
        -62.930564880371094,
        -62.932621002197266,
        -62.911075592041016,
        -62.90622329711914,
        -62.858394622802734,
        -62.82567596435547,
        -62.82875061035156,
        -62.8497314453125,
        -62.85669708251953
    ],
    "val_r2_metric": [
        -61.205810546875,
        -61.29280471801758,
        -60.51580047607422,
        -61.050025939941406,
        -60.117431640625,
        -59.944252014160156,
        -58.6171989440918,
        -59.863914489746094,
        -59.46044921875,
        -59.51692581176758
    ]
}