{
    "loss": [
        0.46440160274505615,
        0.06833496689796448,
        0.045773424208164215,
        0.03240102902054787,
        0.024570683017373085,
        0.01889549382030964,
        0.01538474764674902,
        0.012820526026189327,
        0.010126231238245964,
        0.008074121549725533
    ],
    "val_loss": [
        0.05353664606809616,
        0.02702644094824791,
        0.02457176148891449,
        0.027687830850481987,
        0.021616384387016296,
        0.01848318986594677,
        0.009878185577690601,
        0.011280366219580173,
        0.006343967281281948,
        0.009601123631000519
    ],
    "mae": [
        0.39052215218544006,
        0.18302981555461884,
        0.14720219373703003,
        0.12205472588539124,
        0.10559635609388351,
        0.09214580804109573,
        0.08225560188293457,
        0.07390660792589188,
        0.06303476542234421,
        0.054457299411296844
    ],
    "val_mae": [
        0.20326486229896545,
        0.1336636245250702,
        0.10388152301311493,
        0.11115844547748566,
        0.09720578789710999,
        0.08217693120241165,
        0.05544523522257805,
        0.05773583799600601,
        0.040702689439058304,
        0.05312242731451988
    ],
    "r2_metric": [
        -61.52290344238281,
        -62.93476104736328,
        -62.868980407714844,
        -62.84898376464844,
        -62.87145233154297,
        -62.89469528198242,
        -62.893733978271484,
        -62.911956787109375,
        -62.92095184326172,
        -62.92591857910156
    ],
    "val_r2_metric": [
        -60.90007019042969,
        -61.26897430419922,
        -59.90244674682617,
        -59.57032775878906,
        -60.16669464111328,
        -60.39072036743164,
        -61.256370544433594,
        -61.122230529785156,
        -61.61837387084961,
        -61.19331741333008
    ]
}