{
    "loss": [
        0.44956615567207336,
        0.06660802662372589,
        0.044971540570259094,
        0.032047830522060394,
        0.023404495790600777,
        0.018343660980463028,
        0.014610439538955688,
        0.011799237690865993,
        0.009160395711660385,
        0.0073723094537854195
    ],
    "val_loss": [
        0.010711236856877804,
        0.01463135052472353,
        0.01961972936987877,
        0.005848816130310297,
        0.0065851653926074505,
        0.0057794516906142235,
        0.006673458497971296,
        0.004714158363640308,
        0.0069383298978209496,
        0.003912388347089291
    ],
    "mae": [
        0.371028870344162,
        0.179942786693573,
        0.1444592922925949,
        0.12031427770853043,
        0.10137227177619934,
        0.08873728662729263,
        0.07830525934696198,
        0.0688355565071106,
        0.05883733928203583,
        0.050961416214704514
    ],
    "val_mae": [
        0.0731523334980011,
        0.08616457134485245,
        0.10230841487646103,
        0.04768215864896774,
        0.05013151094317436,
        0.05009669065475464,
        0.048158589750528336,
        0.03902534022927284,
        0.046501003205776215,
        0.030901318415999413
    ],
    "r2_metric": [
        -61.877464294433594,
        -62.965309143066406,
        -62.88596725463867,
        -62.865596771240234,
        -62.89047622680664,
        -62.89430236816406,
        -62.90092468261719,
        -62.915985107421875,
        -62.92414855957031,
        -62.93423843383789
    ],
    "val_r2_metric": [
        -62.51997375488281,
        -60.57467269897461,
        -60.38924026489258,
        -61.95928955078125,
        -61.85012435913086,
        -61.67919158935547,
        -61.43250274658203,
        -61.77800369262695,
        -61.57392501831055,
        -62.00174331665039
    ]
}