{
    "loss": [
        0.7090941071510315,
        0.09696278721094131,
        0.07162396609783173,
        0.05692003667354584,
        0.045660000294446945,
        0.036925945430994034,
        0.03181793913245201,
        0.02640646882355213,
        0.022541800513863564,
        0.01912224479019642
    ],
    "val_loss": [
        0.03426826745271683,
        0.018523860722780228,
        0.010444505140185356,
        0.007804457098245621,
        0.00848112441599369,
        0.006847242824733257,
        0.010246909223496914,
        0.006941184401512146,
        0.009235823526978493,
        0.007829895243048668
    ],
    "mae": [
        0.49646952748298645,
        0.2193482667207718,
        0.185251384973526,
        0.16376762092113495,
        0.14416205883026123,
        0.13012386858463287,
        0.11906928569078445,
        0.10801281034946442,
        0.09966334700584412,
        0.09259264171123505
    ],
    "val_mae": [
        0.14497210085391998,
        0.0920681357383728,
        0.06463643163442612,
        0.049822092056274414,
        0.05325700342655182,
        0.049197718501091,
        0.06429882347583771,
        0.045865241438150406,
        0.05659191310405731,
        0.05400343984365463
    ],
    "r2_metric": [
        -60.83774948120117,
        -62.99382400512695,
        -62.93275833129883,
        -62.892303466796875,
        -62.844032287597656,
        -62.83503341674805,
        -62.86021423339844,
        -62.854042053222656,
        -62.87564468383789,
        -62.88759231567383
    ],
    "val_r2_metric": [
        -62.225894927978516,
        -61.21469497680664,
        -61.64330291748047,
        -62.11417007446289,
        -61.796424865722656,
        -62.08641815185547,
        -61.22047424316406,
        -61.853721618652344,
        -61.71184158325195,
        -61.71433639526367
    ]
}