{
    "loss": [
        0.6944301128387451,
        0.09162105619907379,
        0.06624314934015274,
        0.05083427205681801,
        0.041444189846515656,
        0.03416740894317627,
        0.027277136221528053,
        0.024567600339651108,
        0.022651471197605133,
        0.01997377537190914
    ],
    "val_loss": [
        0.014063372276723385,
        0.015702631324529648,
        0.030138196423649788,
        0.0502922423183918,
        0.053382959216833115,
        0.029595552012324333,
        0.04618450999259949,
        0.041462212800979614,
        0.05592331290245056,
        0.04266881197690964
    ],
    "mae": [
        0.4842066466808319,
        0.21245719492435455,
        0.1792428195476532,
        0.1540493667125702,
        0.13867925107479095,
        0.1263856142759323,
        0.11142804473638535,
        0.10557275265455246,
        0.10072264820337296,
        0.09461585432291031
    ],
    "val_mae": [
        0.07423681020736694,
        0.08654559403657913,
        0.12556716799736023,
        0.15995505452156067,
        0.166437566280365,
        0.12262185662984848,
        0.1492951512336731,
        0.1376909613609314,
        0.15775355696678162,
        0.13060520589351654
    ],
    "r2_metric": [
        -61.030086517333984,
        -62.95261764526367,
        -62.9280891418457,
        -62.887603759765625,
        -62.846553802490234,
        -62.853599548339844,
        -62.86498260498047,
        -62.86650848388672,
        -62.874412536621094,
        -62.87569046020508
    ],
    "val_r2_metric": [
        -284.3499755859375,
        -2084.598388671875,
        -3169.497802734375,
        -8057.1630859375,
        -8711.75390625,
        -4997.21875,
        -7682.5478515625,
        -7832.9169921875,
        -10569.6787109375,
        -8374.0048828125
    ]
}