{
    "loss": [
        4.009359836578369,
        0.5208630561828613,
        0.2540985345840454,
        0.1900070458650589,
        0.16342595219612122,
        0.14407113194465637,
        0.13361090421676636,
        0.12374290078878403,
        0.1139030009508133,
        0.10726459324359894
    ],
    "val_loss": [
        0.7601895332336426,
        0.15120963752269745,
        0.07716435939073563,
        0.0768037661910057,
        0.09660213440656662,
        0.04323627054691315,
        0.0733710527420044,
        0.05830148980021477,
        0.07127825915813446,
        0.05832044035196304
    ],
    "mae": [
        1.5675321817398071,
        0.5568541884422302,
        0.37902501225471497,
        0.32385361194610596,
        0.29634031653404236,
        0.27607327699661255,
        0.2651175856590271,
        0.25376060605049133,
        0.24275057017803192,
        0.23487038910388947
    ],
    "val_mae": [
        0.6931365728378296,
        0.281538188457489,
        0.18288373947143555,
        0.20308904349803925,
        0.24565082788467407,
        0.12846003472805023,
        0.2132314294576645,
        0.17166553437709808,
        0.20506909489631653,
        0.17364948987960815
    ],
    "r2_metric": [
        -51.73181915283203,
        -59.900390625,
        -61.9927978515625,
        -62.299156188964844,
        -62.405609130859375,
        -62.599998474121094,
        -62.717411041259766,
        -62.72699737548828,
        -62.676368713378906,
        -62.705291748046875
    ],
    "val_r2_metric": [
        -55.25905990600586,
        -59.842796325683594,
        -62.35447692871094,
        -60.85593795776367,
        -60.245086669921875,
        -60.91920471191406,
        -60.73217010498047,
        -59.60873794555664,
        -59.94053649902344,
        -59.22360610961914
    ]
}