{
    "loss": [
        0.6707236170768738,
        0.09553344547748566,
        0.07186716794967651,
        0.05594437196850777,
        0.04306655749678612,
        0.03506799042224884,
        0.03028210438787937,
        0.024707604199647903,
        0.021600937470793724,
        0.018450649455189705
    ],
    "val_loss": [
        0.015436805784702301,
        0.028853679075837135,
        0.023277647793293,
        0.023809226229786873,
        0.010888103395700455,
        0.011315478011965752,
        0.017047084867954254,
        0.010115871205925941,
        0.008586058393120766,
        0.006157590541988611
    ],
    "mae": [
        0.48329856991767883,
        0.21861599385738373,
        0.18762613832950592,
        0.16419459879398346,
        0.1430128663778305,
        0.1292709857225418,
        0.1196780875325203,
        0.10759373009204865,
        0.09978049993515015,
        0.09222336113452911
    ],
    "val_mae": [
        0.0832550972700119,
        0.1286235898733139,
        0.11008103936910629,
        0.10893713682889938,
        0.06603269279003143,
        0.07111150771379471,
        0.08899464458227158,
        0.067322738468647,
        0.05351177975535393,
        0.04954516142606735
    ],
    "r2_metric": [
        -60.76866149902344,
        -62.93788528442383,
        -62.882484436035156,
        -62.865447998046875,
        -62.81840133666992,
        -62.81485366821289,
        -62.82680892944336,
        -62.83451461791992,
        -62.87113571166992,
        -62.87176513671875
    ],
    "val_r2_metric": [
        -63.16000747680664,
        -60.490699768066406,
        -60.25711441040039,
        -60.332374572753906,
        -61.67824172973633,
        -61.706787109375,
        -60.365501403808594,
        -61.524024963378906,
        -61.808536529541016,
        -61.812564849853516
    ]
}