{
    "loss": [
        1.0208858251571655,
        0.1107223778963089,
        0.08361012488603592,
        0.06677043437957764,
        0.05538155138492584,
        0.04693659394979477,
        0.03923967108130455,
        0.03391426056623459,
        0.029545648023486137,
        0.0257576834410429
    ],
    "val_loss": [
        0.030465366318821907,
        0.02511853538453579,
        0.03631943464279175,
        0.022933557629585266,
        0.03399115055799484,
        0.025666402652859688,
        0.04626050218939781,
        0.041685305535793304,
        0.010353151708841324,
        0.027805428951978683
    ],
    "mae": [
        0.6050277948379517,
        0.2383972704410553,
        0.20324556529521942,
        0.17996717989444733,
        0.16263189911842346,
        0.14815475046634674,
        0.1358489990234375,
        0.12622392177581787,
        0.11696343123912811,
        0.10837967693805695
    ],
    "val_mae": [
        0.12903431057929993,
        0.10948220640420914,
        0.12534469366073608,
        0.10703306645154953,
        0.13876065611839294,
        0.11165729910135269,
        0.15816468000411987,
        0.13834281265735626,
        0.0683353841304779,
        0.11805496364831924
    ],
    "r2_metric": [
        -60.547203063964844,
        -62.950714111328125,
        -62.93648147583008,
        -62.911502838134766,
        -62.883056640625,
        -62.84902572631836,
        -62.83304214477539,
        -62.841392517089844,
        -62.84510803222656,
        -62.86417007446289
    ],
    "val_r2_metric": [
        -61.331817626953125,
        -60.515708923339844,
        -59.49089813232422,
        -60.20143508911133,
        -59.206974029541016,
        -59.603885650634766,
        -58.4644660949707,
        -58.82084655761719,
        -61.17375564575195,
        -59.53327941894531
    ]
}