{
    "loss": [
        3.0054304599761963,
        0.28524184226989746,
        0.173797145485878,
        0.1358327716588974,
        0.12366615980863571,
        0.1119268611073494,
        0.10178615152835846,
        0.09387005865573883,
        0.08969531953334808,
        0.08564072102308273
    ],
    "val_loss": [
        0.26732537150382996,
        0.08242282271385193,
        0.09502211958169937,
        0.04564806818962097,
        0.04794815555214882,
        0.06822124123573303,
        0.04025028645992279,
        0.024027500301599503,
        0.03196457773447037,
        0.04443216696381569
    ],
    "mae": [
        1.2714579105377197,
        0.40469998121261597,
        0.3091365694999695,
        0.26851844787597656,
        0.2532101273536682,
        0.24062566459178925,
        0.2279931753873825,
        0.21730032563209534,
        0.21165166795253754,
        0.20842289924621582
    ],
    "val_mae": [
        0.38753369450569153,
        0.2027890682220459,
        0.23867963254451752,
        0.14082293212413788,
        0.1479574739933014,
        0.20493468642234802,
        0.13407002389431,
        0.07435043156147003,
        0.11211295425891876,
        0.14517132937908173
    ],
    "r2_metric": [
        -54.548316955566406,
        -61.665870666503906,
        -62.446903228759766,
        -62.63998794555664,
        -62.77988815307617,
        -62.80217361450195,
        -62.8304557800293,
        -62.8206787109375,
        -62.86312484741211,
        -62.84441375732422
    ],
    "val_r2_metric": [
        -60.2044677734375,
        -61.543785095214844,
        -61.14667892456055,
        -60.367431640625,
        -60.66104507446289,
        -60.29973602294922,
        -60.60493469238281,
        -62.72404861450195,
        -61.568363189697266,
        -59.64668273925781
    ]
}