{
    "loss": [
        0.8467693328857422,
        0.1021522581577301,
        0.07708345353603363,
        0.06236306577920914,
        0.05307440459728241,
        0.04464644193649292,
        0.039055775851011276,
        0.03240912780165672,
        0.03044925071299076,
        0.02843497321009636
    ],
    "val_loss": [
        0.02742571011185646,
        0.021052395924925804,
        0.028595132753252983,
        0.03184310719370842,
        0.031780581921339035,
        0.02110881172120571,
        0.025772476568818092,
        0.031592320650815964,
        0.011192561127245426,
        0.023891272023320198
    ],
    "mae": [
        0.5571794509887695,
        0.22753912210464478,
        0.19462274014949799,
        0.17395459115505219,
        0.15871837735176086,
        0.14465473592281342,
        0.13575313985347748,
        0.1226658746600151,
        0.11974167078733444,
        0.11573454737663269
    ],
    "val_mae": [
        0.1219114139676094,
        0.10767126083374023,
        0.11807237565517426,
        0.128803551197052,
        0.12468629330396652,
        0.09847815334796906,
        0.10719640552997589,
        0.1171117052435875,
        0.06858295947313309,
        0.10186145454645157
    ],
    "r2_metric": [
        -59.915462493896484,
        -62.97115707397461,
        -62.95055389404297,
        -62.927223205566406,
        -62.875858306884766,
        -62.84719467163086,
        -62.81746292114258,
        -62.84428024291992,
        -62.84059524536133,
        -62.84804153442383
    ],
    "val_r2_metric": [
        -61.416996002197266,
        -61.72268295288086,
        -60.52336120605469,
        -59.87319564819336,
        -59.40412902832031,
        -60.002845764160156,
        -59.931583404541016,
        -59.307315826416016,
        -60.938865661621094,
        -60.007591247558594
    ]
}