{
    "loss": [
        0.43885713815689087,
        0.06501718610525131,
        0.042419202625751495,
        0.030235780403017998,
        0.02238866314291954,
        0.017663462087512016,
        0.014577736146748066,
        0.011566325090825558,
        0.00931504089385271,
        0.0075436863116919994
    ],
    "val_loss": [
        0.02208827994763851,
        0.016137629747390747,
        0.01882072538137436,
        0.017221681773662567,
        0.004545468837022781,
        0.004485537298023701,
        0.004814814776182175,
        0.003531960304826498,
        0.0016778938006609678,
        0.0016395418206229806
    ],
    "mae": [
        0.3698658049106598,
        0.17695055902004242,
        0.14056895673274994,
        0.11809273064136505,
        0.09999237209558487,
        0.08820054680109024,
        0.07930999249219894,
        0.06877201795578003,
        0.05963180586695671,
        0.051811203360557556
    ],
    "val_mae": [
        0.1048581674695015,
        0.08641413599252701,
        0.09059464931488037,
        0.08882337808609009,
        0.03822202607989311,
        0.04023945331573486,
        0.041140880435705185,
        0.03544331341981888,
        0.018705837428569794,
        0.016924060881137848
    ],
    "r2_metric": [
        -61.951087951660156,
        -62.94925308227539,
        -62.855709075927734,
        -62.854610443115234,
        -62.884403228759766,
        -62.899192810058594,
        -62.9005126953125,
        -62.9120979309082,
        -62.91818618774414,
        -62.9314079284668
    ],
    "val_r2_metric": [
        -60.734561920166016,
        -60.76430130004883,
        -60.238807678222656,
        -60.26070785522461,
        -61.97671127319336,
        -62.17094802856445,
        -61.82826232910156,
        -62.050941467285156,
        -62.73601531982422,
        -62.59731674194336
    ]
}