{
    "loss": [
        0.6464698910713196,
        0.08867058157920837,
        0.06254087388515472,
        0.04465071111917496,
        0.03493065759539604,
        0.027901122346520424,
        0.02318013645708561,
        0.019597353413701057,
        0.017473841086030006,
        0.015269404277205467
    ],
    "val_loss": [
        0.023649634793400764,
        0.008219088427722454,
        0.009209755808115005,
        0.008526764810085297,
        0.011798931285738945,
        0.011080698110163212,
        0.004688283894211054,
        0.005827054381370544,
        0.0040207612328231335,
        0.006695976015180349
    ],
    "mae": [
        0.4689922332763672,
        0.21088635921478271,
        0.17452006042003632,
        0.14680132269859314,
        0.12985120713710785,
        0.11495529115200043,
        0.10264813154935837,
        0.09391970932483673,
        0.08850951492786407,
        0.08266563713550568
    ],
    "val_mae": [
        0.11743658781051636,
        0.05395089089870453,
        0.06440900266170502,
        0.06157089024782181,
        0.07998675107955933,
        0.07331386208534241,
        0.03944974020123482,
        0.04449949786067009,
        0.033371634781360626,
        0.048214249312877655
    ],
    "r2_metric": [
        -61.258052825927734,
        -62.967830657958984,
        -62.89924621582031,
        -62.8424072265625,
        -62.83024597167969,
        -62.84910202026367,
        -62.86239242553711,
        -62.87144088745117,
        -62.894798278808594,
        -62.89130401611328
    ],
    "val_r2_metric": [
        -2873.4697265625,
        -3966.807373046875,
        -2022.90673828125,
        -1865.3717041015625,
        -3362.904052734375,
        -13226.8916015625,
        -1691.9073486328125,
        -1956.60107421875,
        -5025.736328125,
        -4548.11376953125
    ]
}