{
    "loss": [
        0.8505260348320007,
        0.10030599683523178,
        0.07399985939264297,
        0.059921178966760635,
        0.04784446954727173,
        0.03917140141129494,
        0.03260591998696327,
        0.027288440614938736,
        0.02440876141190529,
        0.02264866791665554
    ],
    "val_loss": [
        0.019603893160820007,
        0.015496072359383106,
        0.04059703275561333,
        0.029488777741789818,
        0.05312217026948929,
        0.027068356052041054,
        0.030971350148320198,
        0.017542453482747078,
        0.016118410974740982,
        0.01951250061392784
    ],
    "mae": [
        0.5375802516937256,
        0.22328388690948486,
        0.18932077288627625,
        0.1686655580997467,
        0.14932674169540405,
        0.13456130027770996,
        0.12251497805118561,
        0.11012241989374161,
        0.10436801612377167,
        0.1003207415342331
    ],
    "val_mae": [
        0.09649573266506195,
        0.08828946948051453,
        0.1654394268989563,
        0.13055308163166046,
        0.18283088505268097,
        0.11725381016731262,
        0.12489227205514908,
        0.08886662125587463,
        0.08137675374746323,
        0.09168738126754761
    ],
    "r2_metric": [
        -61.00368881225586,
        -62.99690246582031,
        -62.95417404174805,
        -62.899864196777344,
        -62.85954284667969,
        -62.83401870727539,
        -62.840049743652344,
        -62.85525894165039,
        -62.86921691894531,
        -62.8770866394043
    ],
    "val_r2_metric": [
        -1310.115478515625,
        -619.5089111328125,
        -4663.97509765625,
        -3067.4755859375,
        -6283.90869140625,
        -3164.101318359375,
        -6423.060546875,
        -3407.08984375,
        -4423.09716796875,
        -3925.265380859375
    ]
}