{
    "loss": [
        0.5660621523857117,
        0.07654489576816559,
        0.052079539746046066,
        0.036900702863931656,
        0.027717119082808495,
        0.021317044273018837,
        0.016856208443641663,
        0.014094151556491852,
        0.011825735680758953,
        0.010303458198904991
    ],
    "val_loss": [
        0.013913942500948906,
        0.008527478203177452,
        0.007481580600142479,
        0.013231567107141018,
        0.007027351297438145,
        0.010484603233635426,
        0.0071171042509377,
        0.006068131420761347,
        0.003303536446765065,
        0.013185341842472553
    ],
    "mae": [
        0.4234088063240051,
        0.1927659511566162,
        0.15662939846515656,
        0.13116680085659027,
        0.11357632279396057,
        0.09852410107851028,
        0.08788321167230606,
        0.07960884273052216,
        0.07149654626846313,
        0.06584272533655167
    ],
    "val_mae": [
        0.07651770114898682,
        0.05274169519543648,
        0.05201543867588043,
        0.07993020117282867,
        0.052116263657808304,
        0.06746095418930054,
        0.05702979490160942,
        0.04577353596687317,
        0.035575371235609055,
        0.06527506560087204
    ],
    "r2_metric": [
        -61.880882263183594,
        -62.963104248046875,
        -62.904022216796875,
        -62.85136032104492,
        -62.848487854003906,
        -62.88212585449219,
        -62.8929443359375,
        -62.90023422241211,
        -62.90897750854492,
        -62.918704986572266
    ],
    "val_r2_metric": [
        -62.598873138427734,
        -62.425960540771484,
        -61.982086181640625,
        -61.36558532714844,
        -61.68639373779297,
        -61.12017059326172,
        -61.2803840637207,
        -61.59208679199219,
        -62.51908493041992,
        -60.704261779785156
    ]
}