{
    "loss": [
        0.5151305794715881,
        0.06740538775920868,
        0.04580952972173691,
        0.03288378566503525,
        0.024122139438986778,
        0.018613755702972412,
        0.015156225301325321,
        0.01230635680258274,
        0.009446496143937111,
        0.0072627742774784565
    ],
    "val_loss": [
        0.013552195392549038,
        0.051160652190446854,
        0.012972375378012657,
        0.009913098067045212,
        0.007323182187974453,
        0.007724131923168898,
        0.004518481902778149,
        0.0044767181389033794,
        0.0030091332737356424,
        0.0039678821340203285
    ],
    "mae": [
        0.3944615423679352,
        0.17993474006652832,
        0.14460474252700806,
        0.12086237221956253,
        0.1023019403219223,
        0.08818121254444122,
        0.07829219847917557,
        0.06915770471096039,
        0.0595991387963295,
        0.05126599967479706
    ],
    "val_mae": [
        0.08500578999519348,
        0.17706367373466492,
        0.08057748526334763,
        0.06637659668922424,
        0.052958857268095016,
        0.05186452344059944,
        0.03923851251602173,
        0.038597218692302704,
        0.027249742299318314,
        0.02999529056251049
    ],
    "r2_metric": [
        -61.814308166503906,
        -62.97509765625,
        -62.887271881103516,
        -62.86655807495117,
        -62.885162353515625,
        -62.89194107055664,
        -62.896236419677734,
        -62.90480041503906,
        -62.91188049316406,
        -62.92741775512695
    ],
    "val_r2_metric": [
        -61.134422302246094,
        -59.15907287597656,
        -60.61418914794922,
        -61.05509567260742,
        -61.54591369628906,
        -61.316490173339844,
        -61.920711517333984,
        -61.791419982910156,
        -62.12782287597656,
        -62.0764045715332
    ]
}