{
    "loss": [
        0.4493318200111389,
        0.06750587373971939,
        0.04207088053226471,
        0.029672106727957726,
        0.0218153465539217,
        0.016835777088999748,
        0.013274090364575386,
        0.011932107619941235,
        0.010775239206850529,
        0.009624212980270386
    ],
    "val_loss": [
        0.01688721776008606,
        0.024451931938529015,
        0.034217141568660736,
        0.02085641585290432,
        0.024840814992785454,
        0.036357272416353226,
        0.0253058522939682,
        0.022485515102744102,
        0.021988611668348312,
        0.02816922962665558
    ],
    "mae": [
        0.3805159330368042,
        0.18110762536525726,
        0.1409410834312439,
        0.11700870841741562,
        0.09864988923072815,
        0.0859776958823204,
        0.07578448206186295,
        0.07115088403224945,
        0.06697282940149307,
        0.06277330964803696
    ],
    "val_mae": [
        0.09330888092517853,
        0.11154622584581375,
        0.12804299592971802,
        0.08578439801931381,
        0.0971527174115181,
        0.11306296288967133,
        0.08963038772344589,
        0.081611268222332,
        0.08159825205802917,
        0.09907438606023788
    ],
    "r2_metric": [
        -61.69684982299805,
        -62.94145584106445,
        -62.85598373413086,
        -62.861724853515625,
        -62.8789176940918,
        -62.88603591918945,
        -62.906314849853516,
        -62.914363861083984,
        -62.92282485961914,
        -62.92864227294922
    ],
    "val_r2_metric": [
        -61.06631088256836,
        -59.9691047668457,
        -58.92514419555664,
        -60.224002838134766,
        -59.88945770263672,
        -59.31781005859375,
        -59.94682693481445,
        -60.32939147949219,
        -60.2374153137207,
        -59.90392303466797
    ]
}