{
    "loss": [
        6.770967960357666,
        1.3354116678237915,
        0.6563061475753784,
        0.3936404883861542,
        0.313342809677124,
        0.2616221606731415,
        0.22772568464279175,
        0.20939341187477112,
        0.1882282942533493,
        0.1750105321407318
    ],
    "val_loss": [
        2.1112639904022217,
        0.5993978381156921,
        0.2768053114414215,
        0.17548224329948425,
        0.12296564877033234,
        0.09795266389846802,
        0.0865686759352684,
        0.08240919560194016,
        0.12200076878070831,
        0.07428253442049026
    ],
    "mae": [
        2.15183687210083,
        0.9287676811218262,
        0.6405746936798096,
        0.48247143626213074,
        0.42221513390541077,
        0.38504791259765625,
        0.3588821291923523,
        0.3426739573478699,
        0.3232196867465973,
        0.3107049763202667
    ],
    "val_mae": [
        1.2531189918518066,
        0.5933421850204468,
        0.3772328794002533,
        0.2914712131023407,
        0.22843988239765167,
        0.20393407344818115,
        0.18755875527858734,
        0.18149958550930023,
        0.26716241240501404,
        0.18047690391540527
    ],
    "r2_metric": [
        -52.4102897644043,
        -53.44118118286133,
        -58.58264923095703,
        -60.55805587768555,
        -61.63734817504883,
        -61.766883850097656,
        -62.0631217956543,
        -62.044219970703125,
        -62.17414855957031,
        -62.045013427734375
    ],
    "val_r2_metric": [
        -39.87347412109375,
        -59.466461181640625,
        -63.33403015136719,
        -64.02926635742188,
        -64.1962661743164,
        -63.31760025024414,
        -62.927860260009766,
        -62.325252532958984,
        -60.462589263916016,
        -61.996803283691406
    ]
}