{
    "loss": [
        0.5596965551376343,
        0.07600332796573639,
        0.05460057780146599,
        0.03990243747830391,
        0.03011220693588257,
        0.023041272535920143,
        0.018020231276750565,
        0.016287241131067276,
        0.014878666959702969,
        0.013236680999398232
    ],
    "val_loss": [
        0.00903868768364191,
        0.010593574494123459,
        0.010288486257195473,
        0.02217380702495575,
        0.012735667638480663,
        0.011146589182317257,
        0.007538077421486378,
        0.011486026458442211,
        0.008212326094508171,
        0.007835925556719303
    ],
    "mae": [
        0.4125653803348541,
        0.19135142862796783,
        0.15950627624988556,
        0.13439436256885529,
        0.11528784036636353,
        0.10043581575155258,
        0.0882757306098938,
        0.08440130949020386,
        0.08079899102449417,
        0.07601210474967957
    ],
    "val_mae": [
        0.06026236712932587,
        0.0668712928891182,
        0.06871528178453445,
        0.10484572499990463,
        0.07083147019147873,
        0.06264524161815643,
        0.046263620257377625,
        0.06209952011704445,
        0.05022843927145004,
        0.049426741898059845
    ],
    "r2_metric": [
        -61.81655502319336,
        -63.00674057006836,
        -62.950504302978516,
        -62.883277893066406,
        -62.87841796875,
        -62.880943298339844,
        -62.899173736572266,
        -62.898468017578125,
        -62.90652847290039,
        -62.91117858886719
    ],
    "val_r2_metric": [
        -405.9764709472656,
        -63.076316833496094,
        -144.5526885986328,
        -118.03838348388672,
        -115.28250885009766,
        -109.0458984375,
        -79.8926773071289,
        -65.900634765625,
        -61.386749267578125,
        -88.92644500732422
    ]
}