{
    "loss": [
        3.499742269515991,
        0.4204365313053131,
        0.2304181605577469,
        0.1741177886724472,
        0.14939357340335846,
        0.13381287455558777,
        0.12202838808298111,
        0.1224055290222168,
        0.11283528059720993,
        0.10149762779474258
    ],
    "val_loss": [
        0.5287930965423584,
        0.12048155814409256,
        0.07002655416727066,
        0.04416665807366371,
        0.048299361020326614,
        0.06357664614915848,
        0.03430906683206558,
        0.04967069253325462,
        0.03986001014709473,
        0.03541385009884834
    ],
    "mae": [
        1.423163890838623,
        0.4981178939342499,
        0.36054354906082153,
        0.3082352876663208,
        0.2811993956565857,
        0.26398706436157227,
        0.24892371892929077,
        0.2509719133377075,
        0.23958720266819,
        0.22835993766784668
    ],
    "val_mae": [
        0.5782973170280457,
        0.24546460807323456,
        0.17617709934711456,
        0.11951495707035065,
        0.1437755972146988,
        0.18947045505046844,
        0.1077972874045372,
        0.16191138327121735,
        0.1259850263595581,
        0.1212661862373352
    ],
    "r2_metric": [
        -52.940582275390625,
        -60.727996826171875,
        -62.202537536621094,
        -62.47896194458008,
        -62.665496826171875,
        -62.7336540222168,
        -62.81791305541992,
        -62.78851318359375,
        -62.75096893310547,
        -62.81559753417969
    ],
    "val_r2_metric": [
        -58.869083404541016,
        -61.836734771728516,
        -60.92148971557617,
        -61.91132736206055,
        -60.6995849609375,
        -60.65491485595703,
        -61.29719161987305,
        -61.345489501953125,
        -61.63962936401367,
        -60.7915153503418
    ]
}