{
    "loss": [
        0.7513027787208557,
        0.09105513989925385,
        0.06867989152669907,
        0.054888468235731125,
        0.044585295021533966,
        0.037995703518390656,
        0.03162595257163048,
        0.027209429070353508,
        0.023483045399188995,
        0.02029985748231411
    ],
    "val_loss": [
        0.015243884176015854,
        0.014995117671787739,
        0.00983706396073103,
        0.015623368322849274,
        0.010002589784562588,
        0.03387483209371567,
        0.013111487962305546,
        0.008009418845176697,
        0.01425443310290575,
        0.010900268331170082
    ],
    "mae": [
        0.504566490650177,
        0.2131405621767044,
        0.1834530234336853,
        0.16175462305545807,
        0.14463022351264954,
        0.13332930207252502,
        0.1221022754907608,
        0.11243564635515213,
        0.10339193046092987,
        0.09471213072538376
    ],
    "val_mae": [
        0.08631119877099991,
        0.08688616007566452,
        0.06063671410083771,
        0.08976228535175323,
        0.06610532104969025,
        0.14769777655601501,
        0.07172843813896179,
        0.06022895872592926,
        0.08400235325098038,
        0.07109908759593964
    ],
    "r2_metric": [
        -60.91420364379883,
        -62.98064422607422,
        -62.9578857421875,
        -62.936161041259766,
        -62.8880500793457,
        -62.84239959716797,
        -62.8621826171875,
        -62.8690071105957,
        -62.877418518066406,
        -62.87682342529297
    ],
    "val_r2_metric": [
        -62.263057708740234,
        -61.921634674072266,
        -61.93498229980469,
        -61.52669906616211,
        -61.909271240234375,
        -60.48841094970703,
        -61.33513259887695,
        -61.873958587646484,
        -61.29574966430664,
        -61.46177291870117
    ]
}