{
    "loss": [
        0.49137675762176514,
        0.07035773247480392,
        0.047467462718486786,
        0.034640658646821976,
        0.025652458891272545,
        0.019831601530313492,
        0.01646430417895317,
        0.014292065054178238,
        0.011742115952074528,
        0.009947383776307106
    ],
    "val_loss": [
        0.03853708133101463,
        0.0072157178074121475,
        0.007408099714666605,
        0.008409409783780575,
        0.0031516540329903364,
        0.008424378000199795,
        0.00302088912576437,
        0.004109350498765707,
        0.0025592807214707136,
        0.002372905146330595
    ],
    "mae": [
        0.38428401947021484,
        0.18473002314567566,
        0.14942748844623566,
        0.1273636370897293,
        0.10771651566028595,
        0.09360616654157639,
        0.08541981875896454,
        0.07927125692367554,
        0.07073721289634705,
        0.06368281692266464
    ],
    "val_mae": [
        0.16071365773677826,
        0.052384670823812485,
        0.06045693904161453,
        0.06314558535814285,
        0.0294075645506382,
        0.06058888882398605,
        0.029825637117028236,
        0.04090512543916702,
        0.026811989024281502,
        0.02436687797307968
    ],
    "r2_metric": [
        -62.0626335144043,
        -62.94829559326172,
        -62.88019943237305,
        -62.848960876464844,
        -62.86956787109375,
        -62.887569427490234,
        -62.89316177368164,
        -62.89556884765625,
        -62.90922546386719,
        -62.91534423828125
    ],
    "val_r2_metric": [
        -61.042667388916016,
        -62.60740280151367,
        -62.22203063964844,
        -61.81135940551758,
        -62.55256652832031,
        -61.5208625793457,
        -62.48453140258789,
        -62.341732025146484,
        -62.263851165771484,
        -62.25614929199219
    ]
}