{
    "loss": [
        0.4121795892715454,
        0.06213182955980301,
        0.04004068672657013,
        0.02852044627070427,
        0.021332019940018654,
        0.016981905326247215,
        0.013804937712848186,
        0.011735630221664906,
        0.00978857185691595,
        0.007556553464382887
    ],
    "val_loss": [
        0.012788226827979088,
        0.02723846770823002,
        0.010689682327210903,
        0.01023873034864664,
        0.015619779005646706,
        0.01946040615439415,
        0.01398634072393179,
        0.023332174867391586,
        0.014428602531552315,
        0.013721413910388947
    ],
    "mae": [
        0.3588418662548065,
        0.17373093962669373,
        0.13799230754375458,
        0.11578640341758728,
        0.09793786704540253,
        0.08723510801792145,
        0.07803763449192047,
        0.07103455811738968,
        0.06232406944036484,
        0.0529039166867733
    ],
    "val_mae": [
        0.0794609785079956,
        0.12396761775016785,
        0.06992991268634796,
        0.06244020164012909,
        0.07591839134693146,
        0.08406626433134079,
        0.06948880851268768,
        0.09163612127304077,
        0.06765522807836533,
        0.06231680139899254
    ],
    "r2_metric": [
        -61.87489700317383,
        -62.911537170410156,
        -62.847198486328125,
        -62.843868255615234,
        -62.8793830871582,
        -62.9046745300293,
        -62.9048957824707,
        -62.915950775146484,
        -62.92361831665039,
        -62.93798065185547
    ],
    "val_r2_metric": [
        -62.06882858276367,
        -59.97845458984375,
        -61.125484466552734,
        -61.198081970214844,
        -60.604827880859375,
        -60.31782913208008,
        -60.700477600097656,
        -59.906768798828125,
        -60.65540313720703,
        -60.787288665771484
    ]
}