{
    "loss": [
        0.5053459405899048,
        0.07628298550844193,
        0.052471283823251724,
        0.03792891278862953,
        0.028989331796765327,
        0.02246389165520668,
        0.018768921494483948,
        0.015325806103646755,
        0.012833638116717339,
        0.010493112727999687
    ],
    "val_loss": [
        0.012265522964298725,
        0.011124041862785816,
        0.00679036695510149,
        0.0045207287184894085,
        0.004887416027486324,
        0.00262460601516068,
        0.0029183602891862392,
        0.002724743913859129,
        0.002781876362860203,
        0.002192940330132842
    ],
    "mae": [
        0.39547088742256165,
        0.19326919317245483,
        0.15739883482456207,
        0.13220907747745514,
        0.11542066931724548,
        0.10039243847131729,
        0.09014785289764404,
        0.08081460744142532,
        0.07253783941268921,
        0.06408259272575378
    ],
    "val_mae": [
        0.0762859657406807,
        0.07295037806034088,
        0.05956145375967026,
        0.04542850703001022,
        0.04813330993056297,
        0.028625717386603355,
        0.03204239904880524,
        0.026041757315397263,
        0.028349336236715317,
        0.022076211869716644
    ],
    "r2_metric": [
        -62.01325607299805,
        -62.975746154785156,
        -62.91819763183594,
        -62.87343215942383,
        -62.87444305419922,
        -62.89950180053711,
        -62.90211486816406,
        -62.91033935546875,
        -62.915496826171875,
        -62.9188232421875
    ],
    "val_r2_metric": [
        -61.78213119506836,
        -62.06205749511719,
        -61.981689453125,
        -62.67597198486328,
        -62.74539566040039,
        -62.545494079589844,
        -63.40436935424805,
        -62.4620475769043,
        -62.21604919433594,
        -63.33029556274414
    ]
}