{
    "loss": [
        0.5737687349319458,
        0.07821215689182281,
        0.05606512352824211,
        0.04184335470199585,
        0.032589323818683624,
        0.025614004582166672,
        0.020079616457223892,
        0.018155761063098907,
        0.016436561942100525,
        0.014938806183636189
    ],
    "val_loss": [
        0.01257248129695654,
        0.04588890075683594,
        0.031298715621232986,
        0.02583305537700653,
        0.017599938437342644,
        0.015206655487418175,
        0.011614457704126835,
        0.009458114393055439,
        0.009543091990053654,
        0.017265642061829567
    ],
    "mae": [
        0.4294660687446594,
        0.19491375982761383,
        0.1620006263256073,
        0.1377963423728943,
        0.12131751328706741,
        0.10649203509092331,
        0.09342395514249802,
        0.08899196982383728,
        0.08445378392934799,
        0.08057975769042969
    ],
    "val_mae": [
        0.07449755072593689,
        0.15774831175804138,
        0.12589137256145477,
        0.10546261817216873,
        0.08804699778556824,
        0.08169165253639221,
        0.06560342013835907,
        0.05840883031487465,
        0.05919251963496208,
        0.07598454505205154
    ],
    "r2_metric": [
        -61.3048210144043,
        -62.99775314331055,
        -62.92445755004883,
        -62.86912155151367,
        -62.85541915893555,
        -62.88773727416992,
        -62.892704010009766,
        -62.901485443115234,
        -62.900718688964844,
        -62.9047966003418
    ],
    "val_r2_metric": [
        -61.894779205322266,
        -58.98662567138672,
        -59.79262161254883,
        -59.73412322998047,
        -60.75416564941406,
        -60.63517761230469,
        -60.94686508178711,
        -61.14476013183594,
        -61.15583419799805,
        -60.49105453491211
    ]
}