{
    "loss": [
        0.865723192691803,
        0.10188405215740204,
        0.07803278416395187,
        0.06358139961957932,
        0.05217338725924492,
        0.043192993849515915,
        0.0371602363884449,
        0.0313362255692482,
        0.027024520561099052,
        0.02342294342815876
    ],
    "val_loss": [
        0.11126653105020523,
        0.05137801170349121,
        0.038293514400720596,
        0.0248749740421772,
        0.03957561030983925,
        0.0141049325466156,
        0.03142089396715164,
        0.01608685962855816,
        0.009704950265586376,
        0.012672198005020618
    ],
    "mae": [
        0.537152111530304,
        0.22716252505779266,
        0.19614334404468536,
        0.17415298521518707,
        0.15716731548309326,
        0.142196387052536,
        0.1318124383687973,
        0.12036678940057755,
        0.1105152815580368,
        0.10178631544113159
    ],
    "val_mae": [
        0.28835803270339966,
        0.17818044126033783,
        0.14744322001934052,
        0.1214185431599617,
        0.14927789568901062,
        0.08342431485652924,
        0.13426938652992249,
        0.0936499610543251,
        0.06697316467761993,
        0.06906984001398087
    ],
    "r2_metric": [
        -61.144630432128906,
        -62.9486198425293,
        -62.94545364379883,
        -62.90135955810547,
        -62.870052337646484,
        -62.820858001708984,
        -62.8305778503418,
        -62.83793258666992,
        -62.86426544189453,
        -62.85877990722656
    ],
    "val_r2_metric": [
        -59.73203659057617,
        -59.72607421875,
        -59.31736755371094,
        -61.118385314941406,
        -59.4411735534668,
        -60.6854133605957,
        -59.742469787597656,
        -60.567649841308594,
        -61.121337890625,
        -61.118106842041016
    ]
}