{
    "loss": [
        0.971450924873352,
        0.11352468281984329,
        0.08422741293907166,
        0.06601011008024216,
        0.05439257621765137,
        0.045833051204681396,
        0.03912675380706787,
        0.033393505960702896,
        0.02774050645530224,
        0.02548476867377758
    ],
    "val_loss": [
        0.04657925292849541,
        0.052738118916749954,
        0.04194022715091705,
        0.060685817152261734,
        0.09109751880168915,
        0.12406900525093079,
        0.12181020528078079,
        0.15270379185676575,
        0.12402958422899246,
        0.11598524451255798
    ],
    "mae": [
        0.6057224273681641,
        0.2404901385307312,
        0.2045171856880188,
        0.1799914687871933,
        0.16169261932373047,
        0.1474294364452362,
        0.13648037612438202,
        0.12574626505374908,
        0.11388329416513443,
        0.10929419100284576
    ],
    "val_mae": [
        0.16589507460594177,
        0.17449162900447845,
        0.14596161246299744,
        0.17869873344898224,
        0.21636776626110077,
        0.25109001994132996,
        0.24466653168201447,
        0.2747419774532318,
        0.23740434646606445,
        0.22718507051467896
    ],
    "r2_metric": [
        -59.87900161743164,
        -62.896541595458984,
        -62.896812438964844,
        -62.88893508911133,
        -62.856136322021484,
        -62.851749420166016,
        -62.81057357788086,
        -62.854122161865234,
        -62.827816009521484,
        -62.83128356933594
    ],
    "val_r2_metric": [
        -61.00154495239258,
        -58.936058044433594,
        -59.29566192626953,
        -58.03049850463867,
        -57.05152130126953,
        -56.216732025146484,
        -56.32447052001953,
        -55.86283493041992,
        -55.94184112548828,
        -56.19595718383789
    ]
}