{
    "loss": [
        0.5657618045806885,
        0.07909633219242096,
        0.05819859355688095,
        0.04339006915688515,
        0.034134045243263245,
        0.027790727093815804,
        0.02281373366713524,
        0.01905273273587227,
        0.01541860867291689,
        0.012952731922268867
    ],
    "val_loss": [
        0.028604140505194664,
        0.02744213677942753,
        0.010325545445084572,
        0.012247513048350811,
        0.01495015062391758,
        0.007524110842496157,
        0.013956998474895954,
        0.007842998020350933,
        0.020991839468479156,
        0.01697370409965515
    ],
    "mae": [
        0.4260018467903137,
        0.19753995537757874,
        0.16724377870559692,
        0.14283989369869232,
        0.1261415034532547,
        0.11391571909189224,
        0.10184171050786972,
        0.09201283752918243,
        0.08141866326332092,
        0.07300297915935516
    ],
    "val_mae": [
        0.12240836024284363,
        0.1249239593744278,
        0.06844469159841537,
        0.0732833743095398,
        0.08372119069099426,
        0.04946139454841614,
        0.06628085672855377,
        0.051808275282382965,
        0.0823669582605362,
        0.07636380195617676
    ],
    "r2_metric": [
        -61.504886627197266,
        -62.99603271484375,
        -62.94273376464844,
        -62.88777160644531,
        -62.85847473144531,
        -62.86985397338867,
        -62.87600326538086,
        -62.89555740356445,
        -62.90443801879883,
        -62.90863800048828
    ],
    "val_r2_metric": [
        -60.26691818237305,
        -60.35929870605469,
        -61.52229309082031,
        -61.25656509399414,
        -60.45781326293945,
        -61.8946647644043,
        -61.08953857421875,
        -61.444923400878906,
        -60.45594787597656,
        -60.50629806518555
    ]
}