{
    "loss": [
        1.60434091091156,
        0.1715060919523239,
        0.1225757822394371,
        0.10657895356416702,
        0.0926283523440361,
        0.08596770465373993,
        0.07645788788795471,
        0.06975049525499344,
        0.061037421226501465,
        0.05739926919341087
    ],
    "val_loss": [
        0.10438008606433868,
        0.11074531823396683,
        0.029705263674259186,
        0.06269210577011108,
        0.059288471937179565,
        0.04036012664437294,
        0.05193961039185524,
        0.04644814133644104,
        0.04832339286804199,
        0.030385246500372887
    ],
    "mae": [
        0.8519182205200195,
        0.30589309334754944,
        0.2532326877117157,
        0.23365551233291626,
        0.21614563465118408,
        0.20773622393608093,
        0.19458098709583282,
        0.18516528606414795,
        0.17153075337409973,
        0.16624335944652557
    ],
    "val_mae": [
        0.24409861862659454,
        0.28920403122901917,
        0.11409194022417068,
        0.1953350156545639,
        0.18783703446388245,
        0.15192335844039917,
        0.17079074680805206,
        0.15647241473197937,
        0.16751736402511597,
        0.12495742738246918
    ],
    "r2_metric": [
        -56.94078063964844,
        -62.474178314208984,
        -62.75796890258789,
        -62.81108474731445,
        -62.86266326904297,
        -62.84531784057617,
        -62.874446868896484,
        -62.859046936035156,
        -62.85057830810547,
        -62.84723663330078
    ],
    "val_r2_metric": [
        -62.04736328125,
        -61.80499267578125,
        -61.181243896484375,
        -59.74678421020508,
        -59.730796813964844,
        -60.608604431152344,
        -59.598915100097656,
        -59.40144729614258,
        -59.71092987060547,
        -60.58673095703125
    ]
}