{
    "loss": [
        0.7562341094017029,
        0.09911254793405533,
        0.07352470606565475,
        0.057706017047166824,
        0.04465249180793762,
        0.03651094436645508,
        0.029384737834334373,
        0.02625468745827675,
        0.023260030895471573,
        0.021215621381998062
    ],
    "val_loss": [
        0.014630232006311417,
        0.03300056606531143,
        0.02843175083398819,
        0.01988544873893261,
        0.02133292518556118,
        0.019106512889266014,
        0.017183460295200348,
        0.006920342333614826,
        0.011423960328102112,
        0.011157060973346233
    ],
    "mae": [
        0.5094273090362549,
        0.22326800227165222,
        0.18769682943820953,
        0.16448543965816498,
        0.14400383830070496,
        0.13055413961410522,
        0.11586074531078339,
        0.11006786674261093,
        0.10386518388986588,
        0.09884178638458252
    ],
    "val_mae": [
        0.07622282952070236,
        0.14335648715496063,
        0.13735145330429077,
        0.09442436695098877,
        0.10672901570796967,
        0.09376658499240875,
        0.09730485081672668,
        0.05471094325184822,
        0.06648001074790955,
        0.06792135536670685
    ],
    "r2_metric": [
        -60.89643859863281,
        -63.00935363769531,
        -62.944610595703125,
        -62.88432693481445,
        -62.836727142333984,
        -62.8182373046875,
        -62.85573959350586,
        -62.84653854370117,
        -62.85451126098633,
        -62.855865478515625
    ],
    "val_r2_metric": [
        -62.75000762939453,
        -60.707435607910156,
        -61.0655517578125,
        -60.31824493408203,
        -59.87360382080078,
        -60.124855041503906,
        -60.604400634765625,
        -61.55282211303711,
        -60.96015548706055,
        -61.093841552734375
    ]
}