{
    "loss": [
        0.5734641551971436,
        0.08396811783313751,
        0.06169096380472183,
        0.04644514247775078,
        0.03618516027927399,
        0.029520638287067413,
        0.023447006940841675,
        0.01971736177802086,
        0.016560977324843407,
        0.013962514698505402
    ],
    "val_loss": [
        0.010402075946331024,
        0.029319725930690765,
        0.012134730815887451,
        0.00916747935116291,
        0.00934293121099472,
        0.004804492928087711,
        0.003677746281027794,
        0.003580442862585187,
        0.003285021521151066,
        0.0034508348908275366
    ],
    "mae": [
        0.4256688058376312,
        0.202925905585289,
        0.17129653692245483,
        0.14735418558120728,
        0.12950827181339264,
        0.11662833392620087,
        0.10348115116357803,
        0.09444871544837952,
        0.08625082671642303,
        0.07779024541378021
    ],
    "val_mae": [
        0.062426794320344925,
        0.13031941652297974,
        0.06951814144849777,
        0.06720076501369476,
        0.06407005339860916,
        0.03963162750005722,
        0.03452570363879204,
        0.036246638745069504,
        0.030140958726406097,
        0.03549787029623985
    ],
    "r2_metric": [
        -61.85395812988281,
        -62.98914337158203,
        -62.93560028076172,
        -62.88336181640625,
        -62.86459732055664,
        -62.87505340576172,
        -62.88705062866211,
        -62.89207458496094,
        -62.90023422241211,
        -62.907711029052734
    ],
    "val_r2_metric": [
        -63.0664176940918,
        -60.65091323852539,
        -61.612186431884766,
        -61.889583587646484,
        -61.270259857177734,
        -62.182559967041016,
        -62.7581787109375,
        -63.26656723022461,
        -62.59476089477539,
        -62.61912155151367
    ]
}