{
    "loss": [
        0.6778785586357117,
        0.09209156036376953,
        0.06727562844753265,
        0.052596405148506165,
        0.041668545454740524,
        0.034185316413640976,
        0.02811508998274803,
        0.022959426045417786,
        0.018846003338694572,
        0.015941012650728226
    ],
    "val_loss": [
        0.01992054656147957,
        0.013918472453951836,
        0.007463206071406603,
        0.008770246058702469,
        0.006678618025034666,
        0.004746762104332447,
        0.012043647468090057,
        0.005322417244315147,
        0.004834234714508057,
        0.004880072548985481
    ],
    "mae": [
        0.4709279239177704,
        0.2137412428855896,
        0.179257333278656,
        0.15741729736328125,
        0.13902884721755981,
        0.12583087384700775,
        0.11413884907960892,
        0.10196612030267715,
        0.09103727340698242,
        0.08266449719667435
    ],
    "val_mae": [
        0.10389439761638641,
        0.08104576915502548,
        0.05283767729997635,
        0.060292355716228485,
        0.051929108798503876,
        0.039004288613796234,
        0.0781647190451622,
        0.04479450732469559,
        0.03918964043259621,
        0.038910411298274994
    ],
    "r2_metric": [
        -61.20826721191406,
        -63.009239196777344,
        -62.96708679199219,
        -62.926292419433594,
        -62.87741470336914,
        -62.85350036621094,
        -62.87092971801758,
        -62.88419723510742,
        -62.90192794799805,
        -62.89945602416992
    ],
    "val_r2_metric": [
        -63.619956970214844,
        -61.648521423339844,
        -61.86964797973633,
        -61.42401123046875,
        -61.71514129638672,
        -62.51814651489258,
        -60.772216796875,
        -62.37876892089844,
        -61.86868667602539,
        -61.85905075073242
    ]
}