{
    "loss": [
        1.634819507598877,
        0.156334787607193,
        0.12061431258916855,
        0.10168017446994781,
        0.08747130632400513,
        0.07832618802785873,
        0.06874783337116241,
        0.0616716593503952,
        0.05536944419145584,
        0.0524739995598793
    ],
    "val_loss": [
        0.04542814940214157,
        0.020027287304401398,
        0.015661049634218216,
        0.017438335344195366,
        0.026788443326950073,
        0.030452003702521324,
        0.025772102177143097,
        0.012910216115415096,
        0.014791952446103096,
        0.011686776764690876
    ],
    "mae": [
        0.8098950386047363,
        0.2839512526988983,
        0.24513791501522064,
        0.22304219007492065,
        0.20603446662425995,
        0.19308139383792877,
        0.18015672266483307,
        0.17050494253635406,
        0.1610783487558365,
        0.15643087029457092
    ],
    "val_mae": [
        0.14892154932022095,
        0.07992319017648697,
        0.06379047781229019,
        0.07935051620006561,
        0.10820719599723816,
        0.12082483619451523,
        0.11719845980405807,
        0.06594132632017136,
        0.08669468760490417,
        0.06218249723315239
    ],
    "r2_metric": [
        -59.79065704345703,
        -62.897727966308594,
        -63.032806396484375,
        -63.0189208984375,
        -63.01027297973633,
        -62.971282958984375,
        -62.945613861083984,
        -62.895599365234375,
        -62.9013671875,
        -62.849273681640625
    ],
    "val_r2_metric": [
        -61.29037857055664,
        -62.234371185302734,
        -62.620121002197266,
        -61.56537628173828,
        -60.46279525756836,
        -60.54365158081055,
        -60.77211380004883,
        -61.69492721557617,
        -61.423736572265625,
        -61.48882293701172
    ]
}