{
    "loss": [
        2.696929454803467,
        0.2570018172264099,
        0.1635873019695282,
        0.13491283357143402,
        0.12432342767715454,
        0.10789309442043304,
        0.09785410016775131,
        0.08878347277641296,
        0.08280479162931442,
        0.07918164879083633
    ],
    "val_loss": [
        0.2649829089641571,
        0.0857786312699318,
        0.05473688989877701,
        0.057845745235681534,
        0.02720574475824833,
        0.027771297842264175,
        0.02381272241473198,
        0.039850153028964996,
        0.024536440148949623,
        0.02718689665198326
    ],
    "mae": [
        1.1707255840301514,
        0.38482552766799927,
        0.2993037700653076,
        0.2680398225784302,
        0.25356733798980713,
        0.23344206809997559,
        0.223388671875,
        0.21271799504756927,
        0.20419836044311523,
        0.19980333745479584
    ],
    "val_mae": [
        0.40028321743011475,
        0.21470458805561066,
        0.15904314815998077,
        0.17840790748596191,
        0.09041585773229599,
        0.1009792685508728,
        0.08762094378471375,
        0.1440138965845108,
        0.09356293827295303,
        0.1056947261095047
    ],
    "r2_metric": [
        -55.89946746826172,
        -61.8619270324707,
        -62.50160217285156,
        -62.70004653930664,
        -62.78410720825195,
        -62.777015686035156,
        -62.80699157714844,
        -62.77427291870117,
        -62.809410095214844,
        -62.84739303588867
    ],
    "val_r2_metric": [
        -60.8794059753418,
        -61.54811096191406,
        -61.365684509277344,
        -60.83989715576172,
        -62.69390869140625,
        -62.026588439941406,
        -61.58940887451172,
        -60.78486251831055,
        -61.72534942626953,
        -61.00090408325195
    ]
}