{
    "loss": [
        1.0114924907684326,
        0.1187073141336441,
        0.0917978286743164,
        0.07696858793497086,
        0.06485512852668762,
        0.05748064070940018,
        0.04982027783989906,
        0.0436430424451828,
        0.03892994672060013,
        0.03509114310145378
    ],
    "val_loss": [
        0.025921199470758438,
        0.017014235258102417,
        0.021227119490504265,
        0.014912359416484833,
        0.009411165490746498,
        0.01983780600130558,
        0.01598183438181877,
        0.020686808973550797,
        0.014038816094398499,
        0.019957000389695168
    ],
    "mae": [
        0.6207306981086731,
        0.24739643931388855,
        0.2147686630487442,
        0.1941438466310501,
        0.17782442271709442,
        0.16717632114887238,
        0.15458859503269196,
        0.14449618756771088,
        0.1352243572473526,
        0.1285853385925293
    ],
    "val_mae": [
        0.11285997927188873,
        0.08659517019987106,
        0.10142820328474045,
        0.07895717769861221,
        0.05484931170940399,
        0.09813477098941803,
        0.0807025209069252,
        0.09744250774383545,
        0.07606592029333115,
        0.09484950453042984
    ],
    "r2_metric": [
        -59.408050537109375,
        -62.89605712890625,
        -62.93628692626953,
        -62.92110824584961,
        -62.86684036254883,
        -62.881744384765625,
        -62.841732025146484,
        -62.85087203979492,
        -62.82837677001953,
        -62.81578063964844
    ],
    "val_r2_metric": [
        -62.40932846069336,
        -62.01972198486328,
        -61.40515899658203,
        -61.203800201416016,
        -62.995887756347656,
        -60.14128112792969,
        -61.00559997558594,
        -60.09672164916992,
        -60.97986602783203,
        -60.360713958740234
    ]
}