{
    "loss": [
        1.3812311887741089,
        0.1357969045639038,
        0.10514429211616516,
        0.0899064689874649,
        0.0810619369149208,
        0.07066123187541962,
        0.06492098420858383,
        0.05870009586215019,
        0.05120749771595001,
        0.04868080094456673
    ],
    "val_loss": [
        0.05398613214492798,
        0.04851920157670975,
        0.030518611893057823,
        0.035651158541440964,
        0.01853311061859131,
        0.023926053196191788,
        0.044229596853256226,
        0.02469664067029953,
        0.02118120901286602,
        0.021102217957377434
    ],
    "mae": [
        0.7280082106590271,
        0.26594167947769165,
        0.22957713901996613,
        0.21028749644756317,
        0.19838178157806396,
        0.18400804698467255,
        0.17473827302455902,
        0.1656631976366043,
        0.15444891154766083,
        0.14873605966567993
    ],
    "val_mae": [
        0.1663297712802887,
        0.17135152220726013,
        0.12228510528802872,
        0.13959206640720367,
        0.09074907004833221,
        0.09837116301059723,
        0.16250748932361603,
        0.10748619586229324,
        0.09594607353210449,
        0.10375504195690155
    ],
    "r2_metric": [
        -59.77946853637695,
        -62.89372253417969,
        -62.98126220703125,
        -62.989830017089844,
        -62.99074935913086,
        -62.9818115234375,
        -62.95499038696289,
        -62.91242599487305,
        -62.89670944213867,
        -62.864845275878906
    ],
    "val_r2_metric": [
        -62.17429733276367,
        -60.57146453857422,
        -60.925968170166016,
        -60.43258285522461,
        -61.03116989135742,
        -60.38702392578125,
        -59.7244987487793,
        -59.913089752197266,
        -60.439517974853516,
        -60.015586853027344
    ]
}