{
    "loss": [
        0.6204096674919128,
        0.08366245031356812,
        0.05977232754230499,
        0.0452880859375,
        0.03642071411013603,
        0.02960229106247425,
        0.02309468761086464,
        0.020892271772027016,
        0.019319839775562286,
        0.01736927032470703
    ],
    "val_loss": [
        0.043670736253261566,
        0.059497568756341934,
        0.09283457696437836,
        0.1216023862361908,
        0.11346562206745148,
        0.09635996073484421,
        0.09980115294456482,
        0.0881175622344017,
        0.08219749480485916,
        0.09749449044466019
    ],
    "mae": [
        0.4565017521381378,
        0.2045682817697525,
        0.17010271549224854,
        0.14606790244579315,
        0.13107305765151978,
        0.11841203272342682,
        0.10361042618751526,
        0.09782455861568451,
        0.09315535426139832,
        0.08853114396333694
    ],
    "val_mae": [
        0.17150606215000153,
        0.1875188797712326,
        0.2205767035484314,
        0.25247111916542053,
        0.25151848793029785,
        0.20781300961971283,
        0.20181310176849365,
        0.1884600967168808,
        0.18261952698230743,
        0.20155933499336243
    ],
    "r2_metric": [
        -61.09043502807617,
        -62.92972183227539,
        -62.90583801269531,
        -62.85792541503906,
        -62.83554458618164,
        -62.85439682006836,
        -62.86676788330078,
        -62.881622314453125,
        -62.88536834716797,
        -62.89701461791992
    ],
    "val_r2_metric": [
        -61.13058090209961,
        -59.2864990234375,
        -57.49522018432617,
        -56.760372161865234,
        -57.349388122558594,
        -57.33458709716797,
        -56.918514251708984,
        -57.2730827331543,
        -57.63310241699219,
        -57.1535758972168
    ]
}