{
    "loss": [
        0.9695809483528137,
        0.11558560281991959,
        0.08600359410047531,
        0.07147268205881119,
        0.06005410477519035,
        0.05029786378145218,
        0.04332086443901062,
        0.03638166934251785,
        0.034026823937892914,
        0.03105226904153824
    ],
    "val_loss": [
        0.028274277225136757,
        0.015964031219482422,
        0.019392909482121468,
        0.060806866735219955,
        0.029359804466366768,
        0.01838579960167408,
        0.031510211527347565,
        0.02128259465098381,
        0.02417553961277008,
        0.02935589663684368
    ],
    "mae": [
        0.6140280365943909,
        0.24357162415981293,
        0.20813727378845215,
        0.18834488093852997,
        0.17103497684001923,
        0.15484808385372162,
        0.14302657544612885,
        0.12954820692539215,
        0.12594206631183624,
        0.12131084501743317
    ],
    "val_mae": [
        0.11865440756082535,
        0.0821632668375969,
        0.09588650614023209,
        0.20059041678905487,
        0.12435256689786911,
        0.09333622455596924,
        0.12365265935659409,
        0.09936999529600143,
        0.10147882997989655,
        0.12256653606891632
    ],
    "r2_metric": [
        -59.65603256225586,
        -62.8875846862793,
        -62.91852951049805,
        -62.92226791381836,
        -62.89664840698242,
        -62.85005187988281,
        -62.82325744628906,
        -62.83412170410156,
        -62.829322814941406,
        -62.83195877075195
    ],
    "val_r2_metric": [
        -61.821598052978516,
        -61.56624984741211,
        -60.516544342041016,
        -59.35993576049805,
        -60.10902786254883,
        -60.383358001708984,
        -59.1391716003418,
        -59.747859954833984,
        -59.77775955200195,
        -59.176876068115234
    ]
}