{
    "loss": [
        0.6200176477432251,
        0.08030293881893158,
        0.058363981544971466,
        0.044362034648656845,
        0.03506571054458618,
        0.02770126797258854,
        0.02263115532696247,
        0.019371449947357178,
        0.0163430105894804,
        0.01413385383784771
    ],
    "val_loss": [
        0.010412934236228466,
        0.006939904298633337,
        0.02181609347462654,
        0.006104958709329367,
        0.011601150967180729,
        0.0059349630028009415,
        0.0072095016948878765,
        0.00421196548268199,
        0.005992312915623188,
        0.004022498149424791
    ],
    "mae": [
        0.4469226598739624,
        0.1993672102689743,
        0.16678757965564728,
        0.14369840919971466,
        0.12732376158237457,
        0.11176162958145142,
        0.09958832710981369,
        0.09109476953744888,
        0.08353331685066223,
        0.07727877050638199
    ],
    "val_mae": [
        0.06784834712743759,
        0.05051184818148613,
        0.11354390531778336,
        0.04583277553319931,
        0.07750393450260162,
        0.046781882643699646,
        0.05141919106245041,
        0.038513798266649246,
        0.04520802199840546,
        0.03341297432780266
    ],
    "r2_metric": [
        -61.36019515991211,
        -62.977195739746094,
        -62.929935455322266,
        -62.86215591430664,
        -62.85902786254883,
        -62.87199783325195,
        -62.894264221191406,
        -62.89268493652344,
        -62.8975715637207,
        -62.904232025146484
    ],
    "val_r2_metric": [
        -62.28317642211914,
        -62.56571578979492,
        -60.810787200927734,
        -62.225833892822266,
        -60.94491958618164,
        -61.77220916748047,
        -61.57763671875,
        -62.00889587402344,
        -61.56474304199219,
        -62.22529983520508
    ]
}