{
    "loss": [
        0.9783791899681091,
        0.1192345917224884,
        0.09225628525018692,
        0.07663515955209732,
        0.0646614357829094,
        0.05405520647764206,
        0.047512881457805634,
        0.04040982574224472,
        0.03542385622859001,
        0.0322127565741539
    ],
    "val_loss": [
        0.02452206239104271,
        0.02363664284348488,
        0.031711868941783905,
        0.01519855298101902,
        0.009528175927698612,
        0.00983529444783926,
        0.03540734201669693,
        0.025816267356276512,
        0.01351761445403099,
        0.028163280338048935
    ],
    "mae": [
        0.601967453956604,
        0.24690815806388855,
        0.21347449719905853,
        0.19354479014873505,
        0.1764504313468933,
        0.160603865981102,
        0.14993374049663544,
        0.1384386569261551,
        0.13002733886241913,
        0.123743936419487
    ],
    "val_mae": [
        0.10724510997533798,
        0.10962272435426712,
        0.12886320054531097,
        0.07732408493757248,
        0.05751320347189903,
        0.06303627043962479,
        0.1395866870880127,
        0.11422005295753479,
        0.0790519267320633,
        0.11560262739658356
    ],
    "r2_metric": [
        -59.87416458129883,
        -62.95882797241211,
        -62.979820251464844,
        -62.957420349121094,
        -62.90721130371094,
        -62.87165451049805,
        -62.86341094970703,
        -62.84391784667969,
        -62.82518005371094,
        -62.843997955322266
    ],
    "val_r2_metric": [
        -61.39183044433594,
        -60.86650466918945,
        -60.671661376953125,
        -61.46381759643555,
        -61.696781158447266,
        -61.821834564208984,
        -59.667171478271484,
        -60.086185455322266,
        -61.12685775756836,
        -59.56646728515625
    ]
}