{
    "loss": [
        0.5028870105743408,
        0.07490959018468857,
        0.05005639046430588,
        0.036674488335847855,
        0.026687070727348328,
        0.02033429965376854,
        0.01488258596509695,
        0.011799976229667664,
        0.009914666414260864,
        0.008463585749268532
    ],
    "val_loss": [
        0.02456696517765522,
        0.030805986374616623,
        0.02994495816528797,
        0.02701728604733944,
        0.02345363423228264,
        0.026898754760622978,
        0.03281990438699722,
        0.020617423579096794,
        0.016671471297740936,
        0.024508319795131683
    ],
    "mae": [
        0.40653419494628906,
        0.19081148505210876,
        0.1532777100801468,
        0.13092303276062012,
        0.11063234508037567,
        0.09510649740695953,
        0.07955781370401382,
        0.0697762593626976,
        0.0635768249630928,
        0.05859612300992012
    ],
    "val_mae": [
        0.11755684018135071,
        0.12846767902374268,
        0.12591896951198578,
        0.10905177146196365,
        0.1045028418302536,
        0.10315306484699249,
        0.10692919790744781,
        0.08119550347328186,
        0.07962749153375626,
        0.08658971637487411
    ],
    "r2_metric": [
        -61.514278411865234,
        -62.96066665649414,
        -62.87544250488281,
        -62.84654235839844,
        -62.862972259521484,
        -62.88078689575195,
        -62.900665283203125,
        -62.90721130371094,
        -62.924171447753906,
        -62.926334381103516
    ],
    "val_r2_metric": [
        -61.13679885864258,
        -59.56564712524414,
        -59.6869010925293,
        -59.456939697265625,
        -59.66566467285156,
        -59.64921188354492,
        -59.54490280151367,
        -60.282737731933594,
        -60.84773635864258,
        -60.02878952026367
    ]
}