{
    "loss": [
        0.6163341403007507,
        0.08675377070903778,
        0.06257796287536621,
        0.046111200004816055,
        0.036069080233573914,
        0.028174934908747673,
        0.023042907938361168,
        0.018711499869823456,
        0.015832675620913506,
        0.013142567127943039
    ],
    "val_loss": [
        0.04372275248169899,
        0.03360215574502945,
        0.01389024592936039,
        0.012698954902589321,
        0.004391587805002928,
        0.009267373010516167,
        0.00845746137201786,
        0.00344721507281065,
        0.004804838914424181,
        0.0024651610292494297
    ],
    "mae": [
        0.450517863035202,
        0.20728732645511627,
        0.17362485826015472,
        0.14750133454799652,
        0.13003376126289368,
        0.11478506028652191,
        0.1025494933128357,
        0.09115037322044373,
        0.08346905559301376,
        0.0751984715461731
    ],
    "val_mae": [
        0.1739940494298935,
        0.14046193659305573,
        0.07904703915119171,
        0.07401645928621292,
        0.036793578416109085,
        0.06489606201648712,
        0.056760676205158234,
        0.03566381335258484,
        0.04013682156801224,
        0.024904705584049225
    ],
    "r2_metric": [
        -61.3155632019043,
        -62.9810905456543,
        -62.919776916503906,
        -62.87174987792969,
        -62.84324645996094,
        -62.85438919067383,
        -62.86368942260742,
        -62.87937927246094,
        -62.890594482421875,
        -62.90042495727539
    ],
    "val_r2_metric": [
        -61.039554595947266,
        -60.45954513549805,
        -61.686866760253906,
        -61.19986343383789,
        -62.907466888427734,
        -61.436309814453125,
        -61.55484390258789,
        -62.111690521240234,
        -62.213191986083984,
        -62.53567123413086
    ]
}