{
    "loss": [
        0.5054579973220825,
        0.07244955748319626,
        0.048325661569833755,
        0.03471333160996437,
        0.025859752669930458,
        0.02027924358844757,
        0.01652751863002777,
        0.013621673919260502,
        0.01099790632724762,
        0.00859557744115591
    ],
    "val_loss": [
        0.013111445121467113,
        0.008507157675921917,
        0.005164484027773142,
        0.004605102818459272,
        0.005524344276636839,
        0.0028902674093842506,
        0.0034323183353990316,
        0.007642779964953661,
        0.0019476691959425807,
        0.002016172744333744
    ],
    "mae": [
        0.39942020177841187,
        0.18781578540802002,
        0.14974135160446167,
        0.12565897405147552,
        0.10691279172897339,
        0.09398449212312698,
        0.08310264348983765,
        0.07408097386360168,
        0.06507762521505356,
        0.05581284314393997
    ],
    "val_mae": [
        0.08529473096132278,
        0.0655662938952446,
        0.04881901666522026,
        0.04380872845649719,
        0.04819091036915779,
        0.030707955360412598,
        0.03212520480155945,
        0.05723487585783005,
        0.02067282237112522,
        0.02005867101252079
    ],
    "r2_metric": [
        -61.7374153137207,
        -62.96916580200195,
        -62.894039154052734,
        -62.86867904663086,
        -62.890865325927734,
        -62.899662017822266,
        -62.90007781982422,
        -62.91096878051758,
        -62.91478729248047,
        -62.92655563354492
    ],
    "val_r2_metric": [
        -63.605857849121094,
        -104.87033081054688,
        -126.33321380615234,
        -80.32160949707031,
        -62.31932067871094,
        -72.43745422363281,
        -63.21072006225586,
        -62.363521575927734,
        -63.59035110473633,
        -64.58304595947266
    ]
}