{
    "loss": [
        1.2172060012817383,
        0.12751354277133942,
        0.09586618095636368,
        0.08094862848520279,
        0.07041572779417038,
        0.060770176351070404,
        0.05198855698108673,
        0.0451526902616024,
        0.040346406400203705,
        0.03722047433257103
    ],
    "val_loss": [
        0.03165626898407936,
        0.014439727179706097,
        0.018605537712574005,
        0.010231764055788517,
        0.011256080120801926,
        0.009703042916953564,
        0.01619807817041874,
        0.009524388238787651,
        0.01289835013449192,
        0.022966647520661354
    ],
    "mae": [
        0.6900193691253662,
        0.2568894028663635,
        0.2196306735277176,
        0.19966039061546326,
        0.18597908318042755,
        0.17163115739822388,
        0.1581852287054062,
        0.14678211510181427,
        0.13875186443328857,
        0.1331063061952591
    ],
    "val_mae": [
        0.1237708032131195,
        0.07187865674495697,
        0.09650485962629318,
        0.0584421269595623,
        0.06288180500268936,
        0.05735161155462265,
        0.08777911961078644,
        0.0636802464723587,
        0.07051070034503937,
        0.11054160445928574
    ],
    "r2_metric": [
        -59.22868347167969,
        -62.861732482910156,
        -62.975799560546875,
        -62.91670608520508,
        -62.89507293701172,
        -62.87944412231445,
        -62.877140045166016,
        -62.83816909790039,
        -62.82878494262695,
        -62.81651306152344
    ],
    "val_r2_metric": [
        -62.24576950073242,
        -62.25495147705078,
        -60.86207962036133,
        -62.22880172729492,
        -61.550376892089844,
        -62.260597229003906,
        -61.038631439208984,
        -61.42447280883789,
        -60.99353790283203,
        -60.57105255126953
    ]
}