{
    "loss": [
        0.5491300225257874,
        0.08014997839927673,
        0.058942846953868866,
        0.04443897679448128,
        0.03437541797757149,
        0.027348829433321953,
        0.02167988196015358,
        0.018324105069041252,
        0.015743020921945572,
        0.013071038760244846
    ],
    "val_loss": [
        0.039226189255714417,
        0.04126603156328201,
        0.024491868913173676,
        0.012452706694602966,
        0.011606846004724503,
        0.007753310725092888,
        0.014473035000264645,
        0.005472299177199602,
        0.004344685468822718,
        0.009210478514432907
    ],
    "mae": [
        0.41726812720298767,
        0.1970856934785843,
        0.16633296012878418,
        0.1429462432861328,
        0.1246359720826149,
        0.10961103439331055,
        0.09781941026449203,
        0.09013188630342484,
        0.0823998898267746,
        0.0737881138920784
    ],
    "val_mae": [
        0.1547304093837738,
        0.15325240790843964,
        0.11002428829669952,
        0.07878899574279785,
        0.07780664414167404,
        0.05182671546936035,
        0.07619723677635193,
        0.04739256575703621,
        0.03883647546172142,
        0.05159835144877434
    ],
    "r2_metric": [
        -61.36478042602539,
        -62.981956481933594,
        -62.93131637573242,
        -62.85701370239258,
        -62.86490249633789,
        -62.86851501464844,
        -62.87766647338867,
        -62.884761810302734,
        -62.89406967163086,
        -62.9031867980957
    ],
    "val_r2_metric": [
        -60.90340805053711,
        -59.76900863647461,
        -60.07439041137695,
        -60.8171501159668,
        -60.890716552734375,
        -61.68017578125,
        -60.832523345947266,
        -61.921592712402344,
        -62.722957611083984,
        -61.37135696411133
    ]
}