{
    "loss": [
        1.6821457147598267,
        0.17705972492694855,
        0.12789075076580048,
        0.1130717545747757,
        0.09757587313652039,
        0.087921641767025,
        0.07921790331602097,
        0.07366292178630829,
        0.06634172797203064,
        0.061527177691459656
    ],
    "val_loss": [
        0.10522197186946869,
        0.06319467723369598,
        0.02390846237540245,
        0.01897292397916317,
        0.018615301698446274,
        0.02063858136534691,
        0.020755818113684654,
        0.0219594556838274,
        0.012703638523817062,
        0.020001206547021866
    ],
    "mae": [
        0.8829652070999146,
        0.30926260352134705,
        0.257396399974823,
        0.2389342188835144,
        0.2216223180294037,
        0.20931775867938995,
        0.1982075572013855,
        0.19084526598453522,
        0.18061494827270508,
        0.17322088778018951
    ],
    "val_mae": [
        0.24545694887638092,
        0.1966133415699005,
        0.08945243060588837,
        0.0753709226846695,
        0.07726866751909256,
        0.09001988917589188,
        0.09120899438858032,
        0.10499981790781021,
        0.05694003030657768,
        0.09370862692594528
    ],
    "r2_metric": [
        -56.77811813354492,
        -62.6496696472168,
        -62.90561294555664,
        -62.94219207763672,
        -62.95290756225586,
        -62.896610260009766,
        -62.948307037353516,
        -62.93634796142578,
        -62.941043853759766,
        -62.93153381347656
    ],
    "val_r2_metric": [
        -62.810794830322266,
        -62.59797668457031,
        -63.20634841918945,
        -62.401878356933594,
        -63.06951141357422,
        -62.570343017578125,
        -61.341609954833984,
        -62.45674133300781,
        -63.43256759643555,
        -61.38062286376953
    ]
}