{
    "loss": [
        1.446284294128418,
        0.14494428038597107,
        0.1073005273938179,
        0.09237467497587204,
        0.08071230351924896,
        0.0726189836859703,
        0.06431614607572556,
        0.057446032762527466,
        0.05344151705503464,
        0.048723410815000534
    ],
    "val_loss": [
        0.048179991543293,
        0.023152563720941544,
        0.03883400931954384,
        0.024633431807160378,
        0.038746390491724014,
        0.018621476367115974,
        0.043230097740888596,
        0.0429810956120491,
        0.025011098012328148,
        0.03666798770427704
    ],
    "mae": [
        0.7743616700172424,
        0.2769678235054016,
        0.2337031364440918,
        0.21555455029010773,
        0.2012052685022354,
        0.18993428349494934,
        0.17743529379367828,
        0.1675596982240677,
        0.1604861468076706,
        0.1522815227508545
    ],
    "val_mae": [
        0.1514936089515686,
        0.09253466874361038,
        0.151793971657753,
        0.10425036400556564,
        0.14454510807991028,
        0.08722127974033356,
        0.15209737420082092,
        0.1525232046842575,
        0.11038637161254883,
        0.1405746191740036
    ],
    "r2_metric": [
        -58.66844940185547,
        -62.77458572387695,
        -62.89680480957031,
        -62.89598083496094,
        -62.89125442504883,
        -62.89677810668945,
        -62.91120529174805,
        -62.874725341796875,
        -62.857879638671875,
        -62.82763671875
    ],
    "val_r2_metric": [
        -62.35844802856445,
        -61.88443374633789,
        -61.3819465637207,
        -60.90911865234375,
        -59.98927307128906,
        -60.825408935546875,
        -59.60776901245117,
        -59.33546447753906,
        -59.9130859375,
        -58.940486907958984
    ]
}