{
    "loss": [
        3.696784019470215,
        0.5084404945373535,
        0.25996464490890503,
        0.19803649187088013,
        0.1632814109325409,
        0.14517800509929657,
        0.13564305007457733,
        0.12122977524995804,
        0.11566413938999176,
        0.10613899677991867
    ],
    "val_loss": [
        0.7036330699920654,
        0.17161577939987183,
        0.09920724481344223,
        0.0757715180516243,
        0.04615582898259163,
        0.09191873669624329,
        0.05727158859372139,
        0.03649403154850006,
        0.03006082773208618,
        0.057463690638542175
    ],
    "mae": [
        1.4948804378509521,
        0.5559532046318054,
        0.3868015706539154,
        0.33124348521232605,
        0.29864007234573364,
        0.28011271357536316,
        0.26696571707725525,
        0.25431331992149353,
        0.2459990531206131,
        0.2364809811115265
    ],
    "val_mae": [
        0.6659373641014099,
        0.3002445697784424,
        0.22610385715961456,
        0.20061352849006653,
        0.137224018573761,
        0.24628815054893494,
        0.1765238642692566,
        0.1233733743429184,
        0.1045389175415039,
        0.18665896356105804
    ],
    "r2_metric": [
        -50.11454391479492,
        -59.98862075805664,
        -61.96372604370117,
        -62.27254104614258,
        -62.549591064453125,
        -62.63804626464844,
        -62.763275146484375,
        -62.74400329589844,
        -62.829498291015625,
        -62.844520568847656
    ],
    "val_r2_metric": [
        -57.896907806396484,
        -60.84278869628906,
        -60.357643127441406,
        -61.667755126953125,
        -62.20233917236328,
        -60.52566146850586,
        -61.35484313964844,
        -62.039039611816406,
        -61.98473358154297,
        -60.9495849609375
    ]
}