{
    "loss": [
        0.4204138517379761,
        0.062079645693302155,
        0.04083351790904999,
        0.029306165874004364,
        0.022067707031965256,
        0.017568709328770638,
        0.014698553830385208,
        0.012068522162735462,
        0.009932299144566059,
        0.0078092170879244804
    ],
    "val_loss": [
        0.023442666977643967,
        0.020468028262257576,
        0.021475717425346375,
        0.02633630856871605,
        0.012527929618954659,
        0.01459426712244749,
        0.02178374119102955,
        0.01052802987396717,
        0.012409662827849388,
        0.005031801760196686
    ],
    "mae": [
        0.3643306791782379,
        0.1744266003370285,
        0.14029203355312347,
        0.1178906261920929,
        0.09990262985229492,
        0.08804859220981598,
        0.0802362933754921,
        0.07184502482414246,
        0.06453175842761993,
        0.05615042522549629
    ],
    "val_mae": [
        0.10682658851146698,
        0.10389596968889236,
        0.1030985489487648,
        0.11206338554620743,
        0.07334788143634796,
        0.0724080353975296,
        0.08755546063184738,
        0.06182565167546272,
        0.06423834711313248,
        0.043530989438295364
    ],
    "r2_metric": [
        -61.84754180908203,
        -62.89204788208008,
        -62.83311462402344,
        -62.842769622802734,
        -62.873374938964844,
        -62.89033889770508,
        -62.89622497558594,
        -62.904720306396484,
        -62.91364288330078,
        -62.926483154296875
    ],
    "val_r2_metric": [
        -60.620391845703125,
        -60.771018981933594,
        -60.2608528137207,
        -59.87980270385742,
        -61.1112060546875,
        -60.731666564941406,
        -60.16218566894531,
        -61.11717224121094,
        -60.815216064453125,
        -62.0042839050293
    ]
}