{
    "loss": [
        0.83964604139328,
        0.1042717769742012,
        0.07847637683153152,
        0.06499612331390381,
        0.054201602935791016,
        0.0462687611579895,
        0.03804542124271393,
        0.03275926783680916,
        0.02804606966674328,
        0.024176092818379402
    ],
    "val_loss": [
        0.05050447955727577,
        0.04483241215348244,
        0.008165055885910988,
        0.03714265674352646,
        0.01396119873970747,
        0.0059675355441868305,
        0.009773975238204002,
        0.008589666336774826,
        0.007914288900792599,
        0.0075390092097222805
    ],
    "mae": [
        0.5407288670539856,
        0.22921344637870789,
        0.19577455520629883,
        0.17754456400871277,
        0.16121713817119598,
        0.14841729402542114,
        0.13404805958271027,
        0.12400739639997482,
        0.11440540850162506,
        0.10487126559019089
    ],
    "val_mae": [
        0.17903214693069458,
        0.16411343216896057,
        0.05497213453054428,
        0.15095876157283783,
        0.08092646300792694,
        0.04702369123697281,
        0.06314060091972351,
        0.05590393766760826,
        0.05872047692537308,
        0.052958838641643524
    ],
    "r2_metric": [
        -60.3654670715332,
        -62.96912384033203,
        -62.94190216064453,
        -62.91657638549805,
        -62.90071105957031,
        -62.85075378417969,
        -62.81863021850586,
        -62.84330368041992,
        -62.848758697509766,
        -62.8495979309082
    ],
    "val_r2_metric": [
        -60.81739044189453,
        -59.806060791015625,
        -62.133201599121094,
        -60.30834197998047,
        -61.1620979309082,
        -62.66476821899414,
        -61.19799041748047,
        -61.69465637207031,
        -61.7598762512207,
        -61.867679595947266
    ]
}