{
    "loss": [
        0.42246416211128235,
        0.06347179412841797,
        0.04276708886027336,
        0.030311761423945427,
        0.022411959245800972,
        0.017574863508343697,
        0.01426936686038971,
        0.011545239016413689,
        0.009250501170754433,
        0.0076427701860666275
    ],
    "val_loss": [
        0.027851831167936325,
        0.02527043968439102,
        0.021558651700615883,
        0.008133769035339355,
        0.006348433904349804,
        0.012216157279908657,
        0.00844170805066824,
        0.00604019220918417,
        0.004632281605154276,
        0.007398384157568216
    ],
    "mae": [
        0.36257416009902954,
        0.17602761089801788,
        0.14228394627571106,
        0.11796817928552628,
        0.09958876669406891,
        0.08734341710805893,
        0.07769167423248291,
        0.06837225705385208,
        0.05947200581431389,
        0.05258527770638466
    ],
    "val_mae": [
        0.1303757131099701,
        0.10976288467645645,
        0.09555547684431076,
        0.056087199598550797,
        0.04776567593216896,
        0.06614192575216293,
        0.05175338685512543,
        0.0403224416077137,
        0.03504807874560356,
        0.04757685214281082
    ],
    "r2_metric": [
        -61.828006744384766,
        -62.94154357910156,
        -62.86336898803711,
        -62.864410400390625,
        -62.88212203979492,
        -62.89870071411133,
        -62.905948638916016,
        -62.91793441772461,
        -62.93000793457031,
        -62.93218231201172
    ],
    "val_r2_metric": [
        -60.91450119018555,
        -59.96491622924805,
        -60.2242546081543,
        -61.63383102416992,
        -61.983646392822266,
        -61.30059051513672,
        -61.495025634765625,
        -61.69662094116211,
        -61.9168815612793,
        -61.39764404296875
    ]
}