{
    "loss": [
        1.6138640642166138,
        0.15912877023220062,
        0.11966589093208313,
        0.10595320910215378,
        0.09185408800840378,
        0.08339820057153702,
        0.07305007427930832,
        0.0705491378903389,
        0.06335548311471939,
        0.05854889005422592
    ],
    "val_loss": [
        0.05699475109577179,
        0.05295674502849579,
        0.06300193816423416,
        0.041040100157260895,
        0.04909279942512512,
        0.058348286896944046,
        0.01588551327586174,
        0.07320442795753479,
        0.01235900167375803,
        0.01923173852264881
    ],
    "mae": [
        0.8244001865386963,
        0.29165229201316833,
        0.2465379238128662,
        0.22995342314243317,
        0.21267777681350708,
        0.2017705738544464,
        0.1886662244796753,
        0.1833508014678955,
        0.17453601956367493,
        0.166504368185997
    ],
    "val_mae": [
        0.16339989006519318,
        0.1717488318681717,
        0.18949314951896667,
        0.14093728363513947,
        0.1761074960231781,
        0.1998748481273651,
        0.06890840083360672,
        0.22013846039772034,
        0.05824502930045128,
        0.09388168901205063
    ],
    "r2_metric": [
        -59.051483154296875,
        -62.8499755859375,
        -62.981048583984375,
        -63.00133514404297,
        -62.968040466308594,
        -62.994667053222656,
        -62.99043273925781,
        -62.94385528564453,
        -62.914119720458984,
        -62.938011169433594
    ],
    "val_r2_metric": [
        -61.10561752319336,
        -60.76237106323242,
        -59.636531829833984,
        -60.49309158325195,
        -61.061553955078125,
        -60.6230583190918,
        -61.37990188598633,
        -59.31269836425781,
        -62.08110427856445,
        -61.19967269897461
    ]
}