{
    "loss": [
        0.5089672207832336,
        0.07246310263872147,
        0.048767659813165665,
        0.03429550305008888,
        0.02489939145743847,
        0.019167285412549973,
        0.014993758872151375,
        0.012054442428052425,
        0.00952453725039959,
        0.0075380513444542885
    ],
    "val_loss": [
        0.018349887803196907,
        0.016674984246492386,
        0.011245489120483398,
        0.018715035170316696,
        0.007581939455121756,
        0.006742178928107023,
        0.0036466852761805058,
        0.00478723319247365,
        0.0033357071224600077,
        0.0034828861244022846
    ],
    "mae": [
        0.3954980969429016,
        0.18689768016338348,
        0.15036934614181519,
        0.12644504010677338,
        0.10665947943925858,
        0.09297032654285431,
        0.08115944266319275,
        0.07167989760637283,
        0.062495406717061996,
        0.05443374812602997
    ],
    "val_mae": [
        0.09923037886619568,
        0.08673886954784393,
        0.07406098395586014,
        0.09316622465848923,
        0.05850999429821968,
        0.050651419907808304,
        0.03345457836985588,
        0.040664173662662506,
        0.029541300609707832,
        0.029602212831377983
    ],
    "r2_metric": [
        -61.71192932128906,
        -62.96472930908203,
        -62.9000244140625,
        -62.86024475097656,
        -62.87553024291992,
        -62.88473129272461,
        -62.900325775146484,
        -62.912086486816406,
        -62.91819381713867,
        -62.934566497802734
    ],
    "val_r2_metric": [
        -60.63847732543945,
        -60.79116439819336,
        -61.074771881103516,
        -60.1563720703125,
        -61.59082794189453,
        -61.714027404785156,
        -62.271240234375,
        -61.83876037597656,
        -62.3503532409668,
        -62.07687759399414
    ]
}