{
    "loss": [
        6.916284561157227,
        1.4498344659805298,
        0.6629305481910706,
        0.40089917182922363,
        0.3151746094226837,
        0.2745664715766907,
        0.23702001571655273,
        0.21696826815605164,
        0.19528083503246307,
        0.1795361340045929
    ],
    "val_loss": [
        2.4333105087280273,
        0.6318299174308777,
        0.30606934428215027,
        0.1858902871608734,
        0.14485163986682892,
        0.11461224406957626,
        0.1057668998837471,
        0.10205193608999252,
        0.08025658875703812,
        0.07880868762731552
    ],
    "mae": [
        2.197490692138672,
        0.975813090801239,
        0.6386508941650391,
        0.4876163899898529,
        0.42992979288101196,
        0.39929473400115967,
        0.3740382790565491,
        0.3548987805843353,
        0.33326849341392517,
        0.31499022245407104
    ],
    "val_mae": [
        1.3594950437545776,
        0.6101014018058777,
        0.41826531291007996,
        0.31377026438713074,
        0.2740603983402252,
        0.2433420717716217,
        0.23087947070598602,
        0.22407154738903046,
        0.19201119244098663,
        0.19691310822963715
    ],
    "r2_metric": [
        -53.43060302734375,
        -52.5553092956543,
        -59.454498291015625,
        -61.4549674987793,
        -61.732627868652344,
        -62.155738830566406,
        -62.23088455200195,
        -62.18205642700195,
        -62.488525390625,
        -62.44782638549805
    ],
    "val_r2_metric": [
        -36.46527862548828,
        -59.85302734375,
        -61.98387908935547,
        -61.27040481567383,
        -62.564857482910156,
        -61.24998092651367,
        -60.90626525878906,
        -61.99589538574219,
        -61.81023406982422,
        -60.253055572509766
    ]
}