{
    "loss": [
        2.2605907917022705,
        0.21220152080059052,
        0.1405547708272934,
        0.11573921889066696,
        0.1041465699672699,
        0.09489080309867859,
        0.08560977876186371,
        0.08101868629455566,
        0.07652314752340317,
        0.06876756995916367
    ],
    "val_loss": [
        0.146785706281662,
        0.03716807812452316,
        0.0571729801595211,
        0.024693740531802177,
        0.030523870140314102,
        0.024801429361104965,
        0.02860512025654316,
        0.029958534985780716,
        0.03092092089354992,
        0.03276192024350166
    ],
    "mae": [
        1.0418682098388672,
        0.3442290723323822,
        0.2753547728061676,
        0.24623127281665802,
        0.23176708817481995,
        0.22056135535240173,
        0.20792022347450256,
        0.20248092710971832,
        0.19575896859169006,
        0.1837083250284195
    ],
    "val_mae": [
        0.2764522433280945,
        0.12411618232727051,
        0.19179971516132355,
        0.09435005486011505,
        0.11380903422832489,
        0.1028975173830986,
        0.11324001848697662,
        0.11715938150882721,
        0.1185704916715622,
        0.130811408162117
    ],
    "r2_metric": [
        -56.55279541015625,
        -62.427001953125,
        -62.775569915771484,
        -62.87068176269531,
        -62.916324615478516,
        -62.88024139404297,
        -62.93544387817383,
        -62.94816589355469,
        -62.922611236572266,
        -62.91239929199219
    ],
    "val_r2_metric": [
        -64.45143127441406,
        -62.709754943847656,
        -62.52803039550781,
        -62.12957763671875,
        -61.7957763671875,
        -60.85137939453125,
        -61.03401184082031,
        -60.08159255981445,
        -60.29540252685547,
        -60.38454055786133
    ]
}