{
    "loss": [
        0.519162654876709,
        0.07714203000068665,
        0.0558975525200367,
        0.041835248470306396,
        0.033050909638404846,
        0.025988547131419182,
        0.020832542330026627,
        0.016964398324489594,
        0.014115383848547935,
        0.011728146113455296
    ],
    "val_loss": [
        0.015435930341482162,
        0.01637381501495838,
        0.03472196310758591,
        0.014791226014494896,
        0.009914866648614407,
        0.013659659773111343,
        0.009240888059139252,
        0.009115909226238728,
        0.012072327546775341,
        0.007064730394631624
    ],
    "mae": [
        0.409196138381958,
        0.1958194524049759,
        0.1644873023033142,
        0.14079782366752625,
        0.12450696527957916,
        0.10954201221466064,
        0.09729620814323425,
        0.08639516681432724,
        0.0779879093170166,
        0.06971190124750137
    ],
    "val_mae": [
        0.08916698396205902,
        0.09005297720432281,
        0.13211509585380554,
        0.07937976717948914,
        0.06908057630062103,
        0.07221754640340805,
        0.06131381168961525,
        0.05728258565068245,
        0.07103186100721359,
        0.049570973962545395
    ],
    "r2_metric": [
        -61.45510482788086,
        -62.93954086303711,
        -62.90978240966797,
        -62.854427337646484,
        -62.84865951538086,
        -62.87322235107422,
        -62.8807487487793,
        -62.88916778564453,
        -62.90033721923828,
        -62.90386199951172
    ],
    "val_r2_metric": [
        -61.427791595458984,
        -61.1610221862793,
        -59.67512512207031,
        -60.7952766418457,
        -61.02415466308594,
        -60.80928039550781,
        -61.31523895263672,
        -61.4063835144043,
        -61.022891998291016,
        -61.56074523925781
    ]
}