{
    "loss": [
        0.5586108565330505,
        0.0779251828789711,
        0.05568251758813858,
        0.04100886359810829,
        0.03190021961927414,
        0.024950722232460976,
        0.020021121948957443,
        0.016904007643461227,
        0.014168096706271172,
        0.011857832781970501
    ],
    "val_loss": [
        0.05070708692073822,
        0.013273266144096851,
        0.026281103491783142,
        0.008114715106785297,
        0.0058249919675290585,
        0.0059593841433525085,
        0.00708615779876709,
        0.003452692413702607,
        0.0032201807480305433,
        0.0027232212014496326
    ],
    "mae": [
        0.4234350919723511,
        0.19492781162261963,
        0.16253280639648438,
        0.13782988488674164,
        0.11967863887548447,
        0.10425037145614624,
        0.0933561772108078,
        0.08561890572309494,
        0.07802718132734299,
        0.07066946476697922
    ],
    "val_mae": [
        0.19252870976924896,
        0.07910442352294922,
        0.12295974791049957,
        0.061423592269420624,
        0.04803498461842537,
        0.04596330597996712,
        0.0501767136156559,
        0.027952663600444794,
        0.026143837720155716,
        0.024348244071006775
    ],
    "r2_metric": [
        -61.6019401550293,
        -62.98540115356445,
        -62.904937744140625,
        -62.84513473510742,
        -62.86415100097656,
        -62.86831283569336,
        -62.886104583740234,
        -62.889732360839844,
        -62.89288330078125,
        -62.90483093261719
    ],
    "val_r2_metric": [
        -61.07120895385742,
        -61.319969177246094,
        -60.08684539794922,
        -63.54463577270508,
        -61.79861831665039,
        -61.879798889160156,
        -61.664031982421875,
        -62.30519485473633,
        -62.50086212158203,
        -62.50135803222656
    ]
}