{
    "loss": [
        1.635265588760376,
        0.15749701857566833,
        0.11942211538553238,
        0.09889519959688187,
        0.08604603260755539,
        0.0785335972905159,
        0.07108165323734283,
        0.06359080970287323,
        0.05831434950232506,
        0.05230282247066498
    ],
    "val_loss": [
        0.07085338234901428,
        0.04502999410033226,
        0.05303085967898369,
        0.06855958700180054,
        0.038306672126054764,
        0.08160659670829773,
        0.028776049613952637,
        0.0316305086016655,
        0.03665289282798767,
        0.02658778615295887
    ],
    "mae": [
        0.850433349609375,
        0.2947564721107483,
        0.2490324229001999,
        0.2238536924123764,
        0.20823447406291962,
        0.19540150463581085,
        0.18794862926006317,
        0.17648595571517944,
        0.16744877398014069,
        0.15776491165161133
    ],
    "val_mae": [
        0.19496899843215942,
        0.1551560014486313,
        0.1775641292333603,
        0.20419219136238098,
        0.14461398124694824,
        0.2324119210243225,
        0.11981052160263062,
        0.12181812524795532,
        0.13806429505348206,
        0.10834493488073349
    ],
    "r2_metric": [
        -58.19704818725586,
        -62.72189712524414,
        -62.87480545043945,
        -62.908077239990234,
        -62.91030502319336,
        -62.88869857788086,
        -62.93538284301758,
        -62.890865325927734,
        -62.8936653137207,
        -62.8947868347168
    ],
    "val_r2_metric": [
        -60.98467254638672,
        -60.836029052734375,
        -60.271724700927734,
        -59.34072494506836,
        -60.153167724609375,
        -59.123680114746094,
        -59.78704071044922,
        -60.05386734008789,
        -59.821346282958984,
        -59.953182220458984
    ]
}