{
    "loss": [
        0.41372963786125183,
        0.06759802252054214,
        0.04296589642763138,
        0.03013276308774948,
        0.021824022755026817,
        0.017053067684173584,
        0.013852797448635101,
        0.011639740318059921,
        0.009824058040976524,
        0.007863606326282024
    ],
    "val_loss": [
        0.052313677966594696,
        0.013635645620524883,
        0.012273727916181087,
        0.015387103892862797,
        0.01200828142464161,
        0.010106322355568409,
        0.02010740339756012,
        0.012174034491181374,
        0.013578821904957294,
        0.008754594251513481
    ],
    "mae": [
        0.3685510754585266,
        0.18087060749530792,
        0.142789825797081,
        0.11880405992269516,
        0.09896192699670792,
        0.08680447936058044,
        0.077114038169384,
        0.0695950835943222,
        0.06219036504626274,
        0.05471762642264366
    ],
    "val_mae": [
        0.196570485830307,
        0.08440321683883667,
        0.07695561647415161,
        0.08377185463905334,
        0.0706171914935112,
        0.061311472207307816,
        0.08129740506410599,
        0.0655524954199791,
        0.05987907573580742,
        0.04436448588967323
    ],
    "r2_metric": [
        -61.759925842285156,
        -62.91109848022461,
        -62.84096145629883,
        -62.84852981567383,
        -62.86970901489258,
        -62.8847770690918,
        -62.90053939819336,
        -62.90100860595703,
        -62.91382598876953,
        -62.925113677978516
    ],
    "val_r2_metric": [
        -60.76761245727539,
        -62.19270706176758,
        -60.72991180419922,
        -60.48527526855469,
        -60.84040069580078,
        -61.32360076904297,
        -60.388214111328125,
        -60.92448425292969,
        -60.90766143798828,
        -61.43559646606445
    ]
}