{
    "loss": [
        0.5140163898468018,
        0.07512909173965454,
        0.052977677434682846,
        0.03955640271306038,
        0.029941361397504807,
        0.022294649854302406,
        0.017965072765946388,
        0.014865622855722904,
        0.01265750266611576,
        0.010389216244220734
    ],
    "val_loss": [
        0.010706482455134392,
        0.017911745235323906,
        0.005955182947218418,
        0.004776448011398315,
        0.007523451931774616,
        0.007646212819963694,
        0.003764830296859145,
        0.0033209947869181633,
        0.007841943763196468,
        0.0034424648620188236
    ],
    "mae": [
        0.39862868189811707,
        0.19146309792995453,
        0.15759405493736267,
        0.13416816294193268,
        0.11555147916078568,
        0.09868279844522476,
        0.08837832510471344,
        0.08033859729766846,
        0.07264842838048935,
        0.06386850029230118
    ],
    "val_mae": [
        0.07152282446622849,
        0.09210360795259476,
        0.04661678150296211,
        0.043596189469099045,
        0.06120773404836655,
        0.05176576226949692,
        0.034173425287008286,
        0.035944681614637375,
        0.05316067114472389,
        0.03109111823141575
    ],
    "r2_metric": [
        -61.89640426635742,
        -62.99631118774414,
        -62.94089889526367,
        -62.87234115600586,
        -62.864967346191406,
        -62.887386322021484,
        -62.901729583740234,
        -62.89447784423828,
        -62.90302276611328,
        -62.91950225830078
    ],
    "val_r2_metric": [
        -62.51044464111328,
        -60.53660583496094,
        -62.103904724121094,
        -62.086082458496094,
        -61.349266052246094,
        -61.459312438964844,
        -62.12028121948242,
        -62.35292053222656,
        -61.313690185546875,
        -62.03500747680664
    ]
}