{
    "loss": [
        0.48615995049476624,
        0.0704234167933464,
        0.04655391722917557,
        0.034418798983097076,
        0.025778455659747124,
        0.02052205614745617,
        0.01702052727341652,
        0.014702972956001759,
        0.012733766809105873,
        0.010587274096906185
    ],
    "val_loss": [
        0.03556584194302559,
        0.042396459728479385,
        0.084335096180439,
        0.023752329871058464,
        0.016746900975704193,
        0.015816500410437584,
        0.01570826582610607,
        0.021906333044171333,
        0.007514112163335085,
        0.011645952239632607
    ],
    "mae": [
        0.3952227532863617,
        0.1861049234867096,
        0.14783473312854767,
        0.12608174979686737,
        0.1074218675494194,
        0.09601730108261108,
        0.08688318729400635,
        0.07941070199012756,
        0.07249192148447037,
        0.0644746869802475
    ],
    "val_mae": [
        0.1392335593700409,
        0.15798433125019073,
        0.22009968757629395,
        0.10985653847455978,
        0.08288649469614029,
        0.0758005827665329,
        0.07014598697423935,
        0.08782923966646194,
        0.04889760911464691,
        0.057730935513973236
    ],
    "r2_metric": [
        -61.71609878540039,
        -62.93663787841797,
        -62.8861083984375,
        -62.86461639404297,
        -62.886478424072266,
        -62.90596389770508,
        -62.90995788574219,
        -62.909263610839844,
        -62.92230224609375,
        -62.92626953125
    ],
    "val_r2_metric": [
        -59.6593132019043,
        -59.77244567871094,
        -57.880794525146484,
        -59.706382751464844,
        -60.467044830322266,
        -60.7673225402832,
        -60.75794219970703,
        -60.17739486694336,
        -61.446258544921875,
        -61.013450622558594
    ]
}