{
    "loss": [
        0.5135352611541748,
        0.07127505540847778,
        0.04942965507507324,
        0.035759709775447845,
        0.027299249544739723,
        0.0212080180644989,
        0.01652270369231701,
        0.014779618009924889,
        0.013216131366789341,
        0.012146403081715107
    ],
    "val_loss": [
        0.022490808740258217,
        0.0604923814535141,
        0.07448743283748627,
        0.09710706770420074,
        0.05716812610626221,
        0.03873393312096596,
        0.03039761818945408,
        0.04210043326020241,
        0.05130369961261749,
        0.047827962785959244
    ],
    "mae": [
        0.4048852324485779,
        0.18611466884613037,
        0.15212063491344452,
        0.12742716073989868,
        0.11016490310430527,
        0.09675721824169159,
        0.08527399599552155,
        0.08050394803285599,
        0.07639233022928238,
        0.07273213565349579
    ],
    "val_mae": [
        0.11317756772041321,
        0.19411547482013702,
        0.19951677322387695,
        0.2297210395336151,
        0.16100145876407623,
        0.12206286191940308,
        0.10472985357046127,
        0.1164214015007019,
        0.1313355565071106,
        0.12978340685367584
    ],
    "r2_metric": [
        -61.55855941772461,
        -62.96767807006836,
        -62.91537094116211,
        -62.88319396972656,
        -62.886085510253906,
        -62.898319244384766,
        -62.91678237915039,
        -62.912113189697266,
        -62.92424392700195,
        -62.92348861694336
    ],
    "val_r2_metric": [
        -60.624637603759766,
        -59.329078674316406,
        -57.81656265258789,
        -56.85873031616211,
        -58.175514221191406,
        -59.175758361816406,
        -59.77733612060547,
        -59.0589485168457,
        -58.708797454833984,
        -58.69417190551758
    ]
}