{
    "loss": [
        4.71674108505249,
        0.7999293208122253,
        0.35498276352882385,
        0.24056272208690643,
        0.19806823134422302,
        0.17346687614917755,
        0.15872448682785034,
        0.14530831575393677,
        0.1317223459482193,
        0.1250554621219635
    ],
    "val_loss": [
        1.031964898109436,
        0.2625134289264679,
        0.14025892317295074,
        0.0785185769200325,
        0.0715695396065712,
        0.05079008638858795,
        0.04392821341753006,
        0.043393708765506744,
        0.03918560594320297,
        0.035517726093530655
    ],
    "mae": [
        1.726455569267273,
        0.7133180499076843,
        0.45773619413375854,
        0.36993810534477234,
        0.33011960983276367,
        0.3082502484321594,
        0.2935391366481781,
        0.27837079763412476,
        0.26468393206596375,
        0.2574155032634735
    ],
    "val_mae": [
        0.7968116998672485,
        0.39003393054008484,
        0.273364782333374,
        0.19176317751407623,
        0.1822027713060379,
        0.13977594673633575,
        0.12303520739078522,
        0.12708526849746704,
        0.11958176642656326,
        0.10969322174787521
    ],
    "r2_metric": [
        -50.81288146972656,
        -57.66157150268555,
        -61.0102424621582,
        -62.041969299316406,
        -62.46161651611328,
        -62.53001022338867,
        -62.660037994384766,
        -62.692867279052734,
        -62.71782684326172,
        -62.77825927734375
    ],
    "val_r2_metric": [
        -57.03909683227539,
        -60.49247741699219,
        -61.765892028808594,
        -62.17359924316406,
        -62.004722595214844,
        -62.00680923461914,
        -63.02311325073242,
        -62.31993865966797,
        -62.16138458251953,
        -62.035430908203125
    ]
}