{
    "loss": [
        0.6413105726242065,
        0.09196795523166656,
        0.06573393940925598,
        0.049131568521261215,
        0.03865626081824303,
        0.03139764815568924,
        0.02568470872938633,
        0.022055774927139282,
        0.01908527873456478,
        0.017154576256871223
    ],
    "val_loss": [
        0.011387676931917667,
        0.017397765070199966,
        0.008472524583339691,
        0.007633240427821875,
        0.005868896376341581,
        0.00547505309805274,
        0.004588055424392223,
        0.004182822536677122,
        0.003724562469869852,
        0.00302332965657115
    ],
    "mae": [
        0.4732333719730377,
        0.21424241364002228,
        0.1787308305501938,
        0.1521124243736267,
        0.13397260010242462,
        0.11967872828245163,
        0.10683509707450867,
        0.09814279526472092,
        0.09094100445508957,
        0.08561599999666214
    ],
    "val_mae": [
        0.06885476410388947,
        0.09937004745006561,
        0.0560973584651947,
        0.05690503492951393,
        0.04341663792729378,
        0.043565720319747925,
        0.036932628601789474,
        0.03313741832971573,
        0.03257257491350174,
        0.02366427704691887
    ],
    "r2_metric": [
        -60.912784576416016,
        -62.987056732177734,
        -62.94963836669922,
        -62.878902435302734,
        -62.860721588134766,
        -62.870548248291016,
        -62.88798141479492,
        -62.90053939819336,
        -62.90986251831055,
        -62.909141540527344
    ],
    "val_r2_metric": [
        -62.95824432373047,
        -62.075462341308594,
        -62.21798324584961,
        -62.146026611328125,
        -62.81010055541992,
        -62.48277282714844,
        -62.764732360839844,
        -62.28456115722656,
        -62.85026550292969,
        -62.858673095703125
    ]
}