{
    "loss": [
        0.5244641304016113,
        0.07105354219675064,
        0.047196485102176666,
        0.0349247083067894,
        0.026173392310738564,
        0.02061745896935463,
        0.016398658975958824,
        0.01453198678791523,
        0.013035169802606106,
        0.011577611789107323
    ],
    "val_loss": [
        0.012558095157146454,
        0.019425168633461,
        0.04580170661211014,
        0.02893739566206932,
        0.014802253805100918,
        0.01772603578865528,
        0.018935123458504677,
        0.017904015257954597,
        0.020107273012399673,
        0.01530364342033863
    ],
    "mae": [
        0.39986419677734375,
        0.18579401075839996,
        0.14890830218791962,
        0.1269807070493698,
        0.10888791084289551,
        0.09521199017763138,
        0.08336689323186874,
        0.07800198346376419,
        0.07381769269704819,
        0.06866481900215149
    ],
    "val_mae": [
        0.07937204837799072,
        0.10337056964635849,
        0.1563815474510193,
        0.11483730375766754,
        0.06997885555028915,
        0.07886867225170135,
        0.07516957074403763,
        0.07667071372270584,
        0.0783502459526062,
        0.06476058065891266
    ],
    "r2_metric": [
        -61.87973403930664,
        -62.97256088256836,
        -62.8796501159668,
        -62.8706169128418,
        -62.86610412597656,
        -62.893516540527344,
        -62.910194396972656,
        -62.91273498535156,
        -62.915016174316406,
        -62.91801071166992
    ],
    "val_r2_metric": [
        -63.177425384521484,
        -60.05105209350586,
        -58.95995330810547,
        -59.614688873291016,
        -60.79108428955078,
        -60.42072296142578,
        -60.38448715209961,
        -60.40156555175781,
        -60.280555725097656,
        -60.721134185791016
    ]
}