{
    "loss": [
        0.6245456337928772,
        0.07987235486507416,
        0.059753987938165665,
        0.04626619815826416,
        0.03558918833732605,
        0.027264265343546867,
        0.021716482937335968,
        0.018364038318395615,
        0.01551725436002016,
        0.013190104626119137
    ],
    "val_loss": [
        0.011030236259102821,
        0.03136073425412178,
        0.013930068351328373,
        0.013040062040090561,
        0.008560771122574806,
        0.009122209623456001,
        0.007183128967881203,
        0.007393836975097656,
        0.01235892716795206,
        0.007645920850336552
    ],
    "mae": [
        0.4349108040332794,
        0.19773979485034943,
        0.1680559664964676,
        0.14530755579471588,
        0.12593971192836761,
        0.10861549526453018,
        0.09716726839542389,
        0.08917910605669022,
        0.08112805336713791,
        0.07320196181535721
    ],
    "val_mae": [
        0.06734214723110199,
        0.13454408943653107,
        0.07875294238328934,
        0.08178559690713882,
        0.062822125852108,
        0.05772341415286064,
        0.04844069853425026,
        0.050154369324445724,
        0.06489569693803787,
        0.04571767523884773
    ],
    "r2_metric": [
        -61.64921188354492,
        -63.00774383544922,
        -62.95090103149414,
        -62.88841247558594,
        -62.86405563354492,
        -62.878543853759766,
        -62.88910675048828,
        -62.88774108886719,
        -62.89175796508789,
        -62.89787673950195
    ],
    "val_r2_metric": [
        -62.67161178588867,
        -59.81814193725586,
        -60.75314712524414,
        -60.55187225341797,
        -61.328948974609375,
        -61.36009216308594,
        -61.62955093383789,
        -61.45412063598633,
        -60.85748291015625,
        -61.53238296508789
    ]
}