{
    "loss": [
        1.4782285690307617,
        0.1385289430618286,
        0.10535375028848648,
        0.09036704152822495,
        0.07968634366989136,
        0.07024891674518585,
        0.0633358433842659,
        0.056590307503938675,
        0.05122862011194229,
        0.046566881239414215
    ],
    "val_loss": [
        0.05389217287302017,
        0.027647241950035095,
        0.027354547753930092,
        0.01846393756568432,
        0.021324846893548965,
        0.023289907723665237,
        0.018920093774795532,
        0.01097086165100336,
        0.025118554010987282,
        0.012442858889698982
    ],
    "mae": [
        0.7710375785827637,
        0.2686588764190674,
        0.2284574806690216,
        0.20906369388103485,
        0.1954948455095291,
        0.18288546800613403,
        0.1731494814157486,
        0.16248299181461334,
        0.1544569432735443,
        0.14616043865680695
    ],
    "val_mae": [
        0.16530263423919678,
        0.10953487455844879,
        0.11171691119670868,
        0.07694069296121597,
        0.09705629199743271,
        0.1075596734881401,
        0.09094105660915375,
        0.05983361974358559,
        0.1071787029504776,
        0.07560114562511444
    ],
    "r2_metric": [
        -59.15625,
        -62.83674240112305,
        -62.96443557739258,
        -62.94161605834961,
        -62.9556884765625,
        -62.937686920166016,
        -62.949798583984375,
        -62.88523864746094,
        -62.88404083251953,
        -62.855690002441406
    ],
    "val_r2_metric": [
        -61.34843826293945,
        -60.76875686645508,
        -61.12577438354492,
        -61.882415771484375,
        -61.612403869628906,
        -61.24360275268555,
        -60.39543151855469,
        -61.58521270751953,
        -60.08572769165039,
        -61.04408264160156
    ]
}