{
    "loss": [
        0.5230266451835632,
        0.0774640440940857,
        0.05492105707526207,
        0.0410408191382885,
        0.03189454227685928,
        0.025642115622758865,
        0.02019348368048668,
        0.016151491552591324,
        0.013537640683352947,
        0.011157464236021042
    ],
    "val_loss": [
        0.018875006586313248,
        0.03411100432276726,
        0.017221739515662193,
        0.0070374407805502415,
        0.01607721485197544,
        0.006103582214564085,
        0.00581569317728281,
        0.012365899980068207,
        0.0023376578465104103,
        0.0030690007843077183
    ],
    "mae": [
        0.40584006905555725,
        0.19491219520568848,
        0.161226287484169,
        0.13670895993709564,
        0.12009584903717041,
        0.1074698269367218,
        0.09434961527585983,
        0.08323805779218674,
        0.07480964064598083,
        0.06718204915523529
    ],
    "val_mae": [
        0.09623508155345917,
        0.13935498893260956,
        0.09026934951543808,
        0.05746881291270256,
        0.07930532097816467,
        0.050312887877225876,
        0.048003681004047394,
        0.06620100885629654,
        0.023937202990055084,
        0.029450548812747
    ],
    "r2_metric": [
        -61.71481704711914,
        -62.97450256347656,
        -62.9387321472168,
        -62.88809585571289,
        -62.87119674682617,
        -62.868438720703125,
        -62.878963470458984,
        -62.89290237426758,
        -62.90258026123047,
        -62.913063049316406
    ],
    "val_r2_metric": [
        -60.94342803955078,
        -59.84892654418945,
        -60.85183334350586,
        -61.65831756591797,
        -60.523277282714844,
        -62.035274505615234,
        -62.09103012084961,
        -60.87699508666992,
        -62.854705810546875,
        -62.13113784790039
    ]
}