{
    "loss": [
        3.7371928691864014,
        0.4563101530075073,
        0.22510507702827454,
        0.17628848552703857,
        0.15126952528953552,
        0.13300691545009613,
        0.12682630121707916,
        0.11721194535493851,
        0.11127892136573792,
        0.10639038681983948
    ],
    "val_loss": [
        0.6126014590263367,
        0.12993358075618744,
        0.11294373124837875,
        0.05452621355652809,
        0.0388190895318985,
        0.04471323639154434,
        0.03260975331068039,
        0.029545165598392487,
        0.0598413348197937,
        0.03727210313081741
    ],
    "mae": [
        1.4926137924194336,
        0.5209767818450928,
        0.35631364583969116,
        0.31137409806251526,
        0.2833935618400574,
        0.26283106207847595,
        0.25812944769859314,
        0.24451787769794464,
        0.2395116686820984,
        0.23295123875141144
    ],
    "val_mae": [
        0.6059053540229797,
        0.2630220651626587,
        0.263774037361145,
        0.1535104215145111,
        0.1134791225194931,
        0.13812819123268127,
        0.10094553232192993,
        0.09689727425575256,
        0.18724367022514343,
        0.1275731772184372
    ],
    "r2_metric": [
        -52.35887908935547,
        -60.22832489013672,
        -62.1136360168457,
        -62.586883544921875,
        -62.641387939453125,
        -62.831626892089844,
        -62.713382720947266,
        -62.77620315551758,
        -62.813358306884766,
        -62.83830642700195
    ],
    "val_r2_metric": [
        -57.917118072509766,
        -61.17396545410156,
        -60.428916931152344,
        -61.020057678222656,
        -62.296810150146484,
        -61.23984909057617,
        -61.178489685058594,
        -62.13528060913086,
        -59.93917465209961,
        -61.08134078979492
    ]
}