{
    "loss": [
        0.5329286456108093,
        0.0765017420053482,
        0.05303607136011124,
        0.03838522732257843,
        0.028872406110167503,
        0.021828969940543175,
        0.01655823178589344,
        0.014809406362473965,
        0.012834104709327221,
        0.011319868266582489
    ],
    "val_loss": [
        0.02893959730863571,
        0.046154171228408813,
        0.03530920296907425,
        0.03848601505160332,
        0.05750774219632149,
        0.042711544781923294,
        0.036994241178035736,
        0.03470533713698387,
        0.041015759110450745,
        0.0506417490541935
    ],
    "mae": [
        0.42189016938209534,
        0.1942794919013977,
        0.15852658450603485,
        0.132930725812912,
        0.11430586874485016,
        0.09804648905992508,
        0.08478802442550659,
        0.08000809699296951,
        0.07435137778520584,
        0.06966997683048248
    ],
    "val_mae": [
        0.12283241003751755,
        0.17075131833553314,
        0.13588573038578033,
        0.1372818946838379,
        0.16021348536014557,
        0.12797361612319946,
        0.1148015558719635,
        0.11199185997247696,
        0.1224995031952858,
        0.13239039480686188
    ],
    "r2_metric": [
        -61.260528564453125,
        -62.9483528137207,
        -62.881202697753906,
        -62.846092224121094,
        -62.859798431396484,
        -62.873191833496094,
        -62.89541244506836,
        -62.895416259765625,
        -62.900230407714844,
        -62.91557312011719
    ],
    "val_r2_metric": [
        -60.4504280090332,
        -59.80424118041992,
        -59.12135696411133,
        -58.807456970214844,
        -58.05432891845703,
        -58.93806838989258,
        -59.19304656982422,
        -59.30040740966797,
        -59.04297637939453,
        -58.70012283325195
    ]
}