{
    "loss": [
        0.4780728816986084,
        0.07096241414546967,
        0.0488475002348423,
        0.03618750348687172,
        0.027586448937654495,
        0.021175488829612732,
        0.016630247235298157,
        0.013404881581664085,
        0.011114336550235748,
        0.009135665372014046
    ],
    "val_loss": [
        0.03957619145512581,
        0.02589058130979538,
        0.008241597563028336,
        0.010557601228356361,
        0.008557908236980438,
        0.004409263376146555,
        0.0082784965634346,
        0.0038906820118427277,
        0.007265215273946524,
        0.004833287559449673
    ],
    "mae": [
        0.39161577820777893,
        0.18681861460208893,
        0.15232600271701813,
        0.12920738756656647,
        0.11237949132919312,
        0.09780801087617874,
        0.08614587783813477,
        0.0765644758939743,
        0.06825258582830429,
        0.06056923419237137
    ],
    "val_mae": [
        0.16859598457813263,
        0.11898848414421082,
        0.06066415086388588,
        0.07045015692710876,
        0.0613652803003788,
        0.035136185586452484,
        0.054775893688201904,
        0.03858925402164459,
        0.043418217450380325,
        0.03590843081474304
    ],
    "r2_metric": [
        -61.67887496948242,
        -62.97715759277344,
        -62.917537689208984,
        -62.87580490112305,
        -62.86476516723633,
        -62.87322998046875,
        -62.894142150878906,
        -62.901920318603516,
        -62.90994644165039,
        -62.915565490722656
    ],
    "val_r2_metric": [
        -61.3275260925293,
        -60.36727523803711,
        -61.50843048095703,
        -61.55896759033203,
        -61.607784271240234,
        -62.2003059387207,
        -61.51939010620117,
        -62.38620376586914,
        -61.575592041015625,
        -61.92155838012695
    ]
}