{
    "loss": [
        0.9419901967048645,
        0.10549640655517578,
        0.08234952390193939,
        0.06564353406429291,
        0.0529092401266098,
        0.04501035064458847,
        0.037099193781614304,
        0.034119829535484314,
        0.031812213361263275,
        0.02977609634399414
    ],
    "val_loss": [
        0.0181508157402277,
        0.02177141048014164,
        0.051554419100284576,
        0.030677776783704758,
        0.022861845791339874,
        0.05198819190263748,
        0.02821906842291355,
        0.014088546857237816,
        0.016469018533825874,
        0.03747125715017319
    ],
    "mae": [
        0.5777495503425598,
        0.23144197463989258,
        0.20159310102462769,
        0.1794666349887848,
        0.15925490856170654,
        0.14605000615119934,
        0.13090726733207703,
        0.12571288645267487,
        0.1214379146695137,
        0.11775320768356323
    ],
    "val_mae": [
        0.09044394642114639,
        0.10829853266477585,
        0.17233484983444214,
        0.1304471492767334,
        0.10844819992780685,
        0.16341352462768555,
        0.11168570071458817,
        0.08377038687467575,
        0.08602061122655869,
        0.13313038647174835
    ],
    "r2_metric": [
        -60.445404052734375,
        -62.93440246582031,
        -62.936683654785156,
        -62.90971374511719,
        -62.88199996948242,
        -62.84732437133789,
        -62.854652404785156,
        -62.83814239501953,
        -62.835750579833984,
        -62.850406646728516
    ],
    "val_r2_metric": [
        -62.16545104980469,
        -61.12636184692383,
        -58.978389739990234,
        -59.52734375,
        -60.17982864379883,
        -58.5128288269043,
        -59.68075942993164,
        -60.50906753540039,
        -60.24039077758789,
        -58.99127960205078
    ]
}