{
    "loss": [
        0.4267750680446625,
        0.0645773857831955,
        0.041986774653196335,
        0.030234403908252716,
        0.022705748677253723,
        0.017355727031826973,
        0.013719592243432999,
        0.010761530138552189,
        0.008746981620788574,
        0.007806012872606516
    ],
    "val_loss": [
        0.028494371101260185,
        0.019261889159679413,
        0.03105246275663376,
        0.02181220054626465,
        0.009554020129144192,
        0.00787803903222084,
        0.020807301625609398,
        0.018528779968619347,
        0.03309091553092003,
        0.02315780147910118
    ],
    "mae": [
        0.3606144189834595,
        0.17612552642822266,
        0.13985773921012878,
        0.11785054951906204,
        0.10162374377250671,
        0.0872550681233406,
        0.07629600167274475,
        0.06605268269777298,
        0.05856674909591675,
        0.054154302924871445
    ],
    "val_mae": [
        0.12768003344535828,
        0.09870849549770355,
        0.12059032917022705,
        0.09304511547088623,
        0.05893329530954361,
        0.050441447645425797,
        0.08127173036336899,
        0.07649435102939606,
        0.09658308327198029,
        0.08783044666051865
    ],
    "r2_metric": [
        -61.91257095336914,
        -62.9559326171875,
        -62.89683532714844,
        -62.86057662963867,
        -62.86259841918945,
        -62.89279556274414,
        -62.901878356933594,
        -62.91814422607422,
        -62.926212310791016,
        -62.929443359375
    ],
    "val_r2_metric": [
        -60.72206497192383,
        -60.37647247314453,
        -59.76593017578125,
        -60.25653839111328,
        -61.14484405517578,
        -61.45461654663086,
        -60.252872467041016,
        -60.40017318725586,
        -59.56733703613281,
        -59.958656311035156
    ]
}