{
    "loss": [
        5.859658718109131,
        1.3544005155563354,
        0.6914322376251221,
        0.4337550103664398,
        0.3163006007671356,
        0.2477359026670456,
        0.21867069602012634,
        0.1955150067806244,
        0.18924115598201752,
        0.16401387751102448
    ],
    "val_loss": [
        1.696500301361084,
        0.6728586554527283,
        0.3361106812953949,
        0.2109447717666626,
        0.1535269021987915,
        0.1632968783378601,
        0.09966300427913666,
        0.15420255064964294,
        0.08303295820951462,
        0.12211400270462036
    ],
    "mae": [
        1.9956783056259155,
        0.9417886137962341,
        0.6581411361694336,
        0.5106273293495178,
        0.4298883378505707,
        0.37937700748443604,
        0.3528856933116913,
        0.3279748260974884,
        0.3222168982028961,
        0.30023202300071716
    ],
    "val_mae": [
        1.0937209129333496,
        0.6661487817764282,
        0.4449301064014435,
        0.3462396562099457,
        0.28751248121261597,
        0.3169874846935272,
        0.22603805363178253,
        0.31441134214401245,
        0.2058972269296646,
        0.2812546491622925
    ],
    "r2_metric": [
        -49.13128662109375,
        -54.762474060058594,
        -58.62278747558594,
        -60.929195404052734,
        -61.4513053894043,
        -61.96358871459961,
        -62.26902770996094,
        -62.3007698059082,
        -62.39210510253906,
        -62.50410461425781
    ],
    "val_r2_metric": [
        -45.538997650146484,
        -55.91320037841797,
        -59.426971435546875,
        -58.931968688964844,
        -60.54732894897461,
        -59.737064361572266,
        -60.53703689575195,
        -60.56092071533203,
        -60.496768951416016,
        -60.22449493408203
    ]
}