{
    "loss": [
        1.9700684547424316,
        0.17296181619167328,
        0.1260088086128235,
        0.10577172785997391,
        0.09206386655569077,
        0.08255187422037125,
        0.07302647829055786,
        0.06587627530097961,
        0.061564479023218155,
        0.05422769859433174
    ],
    "val_loss": [
        0.09937118738889694,
        0.053722869604825974,
        0.033615320920944214,
        0.019422532990574837,
        0.05507032945752144,
        0.03978865593671799,
        0.05750719830393791,
        0.042173583060503006,
        0.049624960869550705,
        0.055658064782619476
    ],
    "mae": [
        0.9228142499923706,
        0.3052600920200348,
        0.25424373149871826,
        0.23126277327537537,
        0.2154109925031662,
        0.20241788029670715,
        0.1890241801738739,
        0.17837825417518616,
        0.17260116338729858,
        0.1598520278930664
    ],
    "val_mae": [
        0.22884376347064972,
        0.17916657030582428,
        0.1320808231830597,
        0.08681879937648773,
        0.1912393569946289,
        0.1461239457130432,
        0.19237181544303894,
        0.15061098337173462,
        0.16571755707263947,
        0.17473401129245758
    ],
    "r2_metric": [
        -58.6363525390625,
        -62.694881439208984,
        -62.9087028503418,
        -62.9390983581543,
        -62.91935729980469,
        -62.91075897216797,
        -62.8958625793457,
        -62.89754867553711,
        -62.87171173095703,
        -62.87364959716797
    ],
    "val_r2_metric": [
        -62.70588684082031,
        -60.91812515258789,
        -61.478904724121094,
        -61.391510009765625,
        -60.324405670166016,
        -59.080501556396484,
        -59.829986572265625,
        -59.76127243041992,
        -58.752132415771484,
        -58.78304672241211
    ]
}