{
    "loss": [
        0.8559373021125793,
        0.10112237930297852,
        0.07868405431509018,
        0.06349397450685501,
        0.053212374448776245,
        0.04456067457795143,
        0.03845929726958275,
        0.033308278769254684,
        0.02913551591336727,
        0.023657208308577538
    ],
    "val_loss": [
        0.04060300067067146,
        0.03823084384202957,
        0.03945967182517052,
        0.024652110412716866,
        0.036492981016635895,
        0.03300203010439873,
        0.024762490764260292,
        0.030104853212833405,
        0.03236669674515724,
        0.026927994564175606
    ],
    "mae": [
        0.5484543442726135,
        0.2263091802597046,
        0.1959431767463684,
        0.17467080056667328,
        0.15860040485858917,
        0.14297519624233246,
        0.13308501243591309,
        0.12389099597930908,
        0.11511446535587311,
        0.10267183184623718
    ],
    "val_mae": [
        0.1598629355430603,
        0.16009941697120667,
        0.1622026562690735,
        0.11135777831077576,
        0.13276658952236176,
        0.12596003711223602,
        0.11196795850992203,
        0.12109310179948807,
        0.11833202093839645,
        0.11067875474691391
    ],
    "r2_metric": [
        -60.25086212158203,
        -62.96581268310547,
        -62.96349334716797,
        -62.94255447387695,
        -62.89473342895508,
        -62.86576843261719,
        -62.83489227294922,
        -62.83833694458008,
        -62.8389778137207,
        -62.86684036254883
    ],
    "val_r2_metric": [
        -61.30613708496094,
        -61.1168098449707,
        -60.73500061035156,
        -60.545753479003906,
        -59.23925018310547,
        -59.450523376464844,
        -59.57831954956055,
        -59.81272888183594,
        -59.43027877807617,
        -59.6733512878418
    ]
}