{
    "loss": [
        0.5378231406211853,
        0.07763393968343735,
        0.054289065301418304,
        0.04103386402130127,
        0.03285527229309082,
        0.025635739788413048,
        0.020142123103141785,
        0.018427681177854538,
        0.016802804544568062,
        0.015263590961694717
    ],
    "val_loss": [
        0.024817267432808876,
        0.05189545080065727,
        0.060741111636161804,
        0.07697293907403946,
        0.04856032878160477,
        0.03497234731912613,
        0.031160790473222733,
        0.02535071037709713,
        0.018579525873064995,
        0.024062102660536766
    ],
    "mae": [
        0.4152199625968933,
        0.19454501569271088,
        0.1607971042394638,
        0.13889601826667786,
        0.12242633104324341,
        0.10648321360349655,
        0.0931101068854332,
        0.0888662189245224,
        0.0847134217619896,
        0.08088160306215286
    ],
    "val_mae": [
        0.12445740401744843,
        0.18120190501213074,
        0.16548089683055878,
        0.21157343685626984,
        0.1580517292022705,
        0.11834198236465454,
        0.10935460031032562,
        0.10176234692335129,
        0.08462068438529968,
        0.09261209517717361
    ],
    "r2_metric": [
        -61.51924133300781,
        -62.93867492675781,
        -62.9212760925293,
        -62.86499786376953,
        -62.88541030883789,
        -62.88471984863281,
        -62.904170989990234,
        -62.90760040283203,
        -62.90943145751953,
        -62.91554260253906
    ],
    "val_r2_metric": [
        -62.22517776489258,
        -59.768402099609375,
        -58.05499267578125,
        -58.221439361572266,
        -58.73544692993164,
        -59.48564910888672,
        -59.42352294921875,
        -59.90691375732422,
        -60.230098724365234,
        -59.89460372924805
    ]
}