{
    "loss": [
        0.5372496843338013,
        0.07162409275770187,
        0.0499301515519619,
        0.03569084033370018,
        0.02722777985036373,
        0.020669730380177498,
        0.01676633022725582,
        0.013691335916519165,
        0.011233569122850895,
        0.009033724665641785
    ],
    "val_loss": [
        0.01613764837384224,
        0.005892535205930471,
        0.007917058654129505,
        0.006047998089343309,
        0.003632246982306242,
        0.005204512272030115,
        0.003299152944236994,
        0.0018571735126897693,
        0.002246614545583725,
        0.0023361248895525932
    ],
    "mae": [
        0.40117767453193665,
        0.1856558471918106,
        0.15234443545341492,
        0.12777018547058105,
        0.1103748083114624,
        0.09489408880472183,
        0.08413101732730865,
        0.07505866885185242,
        0.0658373236656189,
        0.057437703013420105
    ],
    "val_mae": [
        0.088756263256073,
        0.04669228568673134,
        0.057553138583898544,
        0.056518618017435074,
        0.03686409443616867,
        0.04794302210211754,
        0.03239525109529495,
        0.01850065030157566,
        0.021828196942806244,
        0.02315644547343254
    ],
    "r2_metric": [
        -62.05986404418945,
        -62.989620208740234,
        -62.913639068603516,
        -62.863346099853516,
        -62.87864685058594,
        -62.89921951293945,
        -62.90382766723633,
        -62.90338134765625,
        -62.9163818359375,
        -62.920841217041016
    ],
    "val_r2_metric": [
        -358.75262451171875,
        -77.3243179321289,
        -74.37393951416016,
        -125.4605712890625,
        -118.12113189697266,
        -124.80044555664062,
        -80.77738952636719,
        -66.08468627929688,
        -64.98494720458984,
        -62.33958435058594
    ]
}