{
    "loss": [
        0.5518182516098022,
        0.08355510234832764,
        0.057982295751571655,
        0.04323091357946396,
        0.03361346945166588,
        0.026076240465044975,
        0.020528534427285194,
        0.016712239012122154,
        0.01423599198460579,
        0.01177226472645998
    ],
    "val_loss": [
        0.01300770789384842,
        0.010813667438924313,
        0.007216970436275005,
        0.011749627068638802,
        0.00689137727022171,
        0.006434584967792034,
        0.006513424217700958,
        0.009386776946485043,
        0.004424554295837879,
        0.003055442124605179
    ],
    "mae": [
        0.420388787984848,
        0.20235709846019745,
        0.1658225804567337,
        0.14114977419376373,
        0.12411419302225113,
        0.1077999472618103,
        0.09448736160993576,
        0.08465303480625153,
        0.0771045982837677,
        0.06853976100683212
    ],
    "val_mae": [
        0.07418157905340195,
        0.07184252887964249,
        0.05571937933564186,
        0.07758323103189468,
        0.06134985387325287,
        0.05218398571014404,
        0.05074882134795189,
        0.05852325260639191,
        0.03681604191660881,
        0.0258020032197237
    ],
    "r2_metric": [
        -61.73870849609375,
        -62.99368667602539,
        -62.93074417114258,
        -62.87247085571289,
        -62.863243103027344,
        -62.885902404785156,
        -62.89033508300781,
        -62.90869903564453,
        -62.900943756103516,
        -62.91340637207031
    ],
    "val_r2_metric": [
        -64.26432037353516,
        -61.22343826293945,
        -61.79216766357422,
        -61.175079345703125,
        -61.431968688964844,
        -61.45709228515625,
        -61.525569915771484,
        -61.1534423828125,
        -61.84052658081055,
        -62.52845001220703
    ]
}