{
    "loss": [
        0.5967310070991516,
        0.08583943545818329,
        0.05971451848745346,
        0.04541320353746414,
        0.035087306052446365,
        0.02797100320458412,
        0.022634392604231834,
        0.01844390109181404,
        0.015670761466026306,
        0.013354100286960602
    ],
    "val_loss": [
        0.021115224808454514,
        0.024458235129714012,
        0.013092560693621635,
        0.007825183682143688,
        0.005988017655909061,
        0.005241398699581623,
        0.004190385341644287,
        0.008313044905662537,
        0.0066100433468818665,
        0.006277244538068771
    ],
    "mae": [
        0.44073960185050964,
        0.2063354104757309,
        0.16951391100883484,
        0.14650222659111023,
        0.1281520277261734,
        0.11365430802106857,
        0.10022546350955963,
        0.08931463211774826,
        0.08198060840368271,
        0.07473012804985046
    ],
    "val_mae": [
        0.10696385055780411,
        0.12349805980920792,
        0.07470939308404922,
        0.05946243926882744,
        0.04758676141500473,
        0.04265248775482178,
        0.03510287404060364,
        0.05634766072034836,
        0.04874094948172569,
        0.04399263486266136
    ],
    "r2_metric": [
        -61.46842956542969,
        -62.986324310302734,
        -62.911903381347656,
        -62.874629974365234,
        -62.8452033996582,
        -62.85383605957031,
        -62.87206268310547,
        -62.89547348022461,
        -62.89134979248047,
        -62.90315628051758
    ],
    "val_r2_metric": [
        -62.241302490234375,
        -61.86854553222656,
        -61.07441711425781,
        -61.630592346191406,
        -62.673194885253906,
        -62.421348571777344,
        -62.5880241394043,
        -61.42829513549805,
        -61.5646858215332,
        -61.602848052978516
    ]
}