{
    "loss": [
        0.9420517683029175,
        0.1075105369091034,
        0.0826835036277771,
        0.07100433111190796,
        0.059928618371486664,
        0.050643645226955414,
        0.044194336980581284,
        0.038436662405729294,
        0.03279678151011467,
        0.028532974421977997
    ],
    "val_loss": [
        0.03148660808801651,
        0.021813344210386276,
        0.02594105526804924,
        0.011663933284580708,
        0.014997931197285652,
        0.023299047723412514,
        0.016810132190585136,
        0.013248967938125134,
        0.04586430639028549,
        0.008216376416385174
    ],
    "mae": [
        0.5772377848625183,
        0.23307794332504272,
        0.2010749876499176,
        0.18495868146419525,
        0.16878320276737213,
        0.1536281704902649,
        0.14274899661540985,
        0.13334402441978455,
        0.1223541796207428,
        0.1119014099240303
    ],
    "val_mae": [
        0.1367129236459732,
        0.10102836042642593,
        0.12530288100242615,
        0.0741305872797966,
        0.0857650563120842,
        0.1059563085436821,
        0.08931814134120941,
        0.08056799322366714,
        0.14866386353969574,
        0.05642128735780716
    ],
    "r2_metric": [
        -60.09254837036133,
        -62.98698425292969,
        -62.97828674316406,
        -62.94683837890625,
        -62.937782287597656,
        -62.89303207397461,
        -62.85436248779297,
        -62.83599090576172,
        -62.85575485229492,
        -62.877105712890625
    ],
    "val_r2_metric": [
        -61.75094985961914,
        -61.176910400390625,
        -61.22473907470703,
        -61.60622787475586,
        -60.58955764770508,
        -59.96598434448242,
        -60.64847183227539,
        -60.76742935180664,
        -58.88728713989258,
        -61.49571990966797
    ]
}