{
    "loss": [
        0.5403755307197571,
        0.07928222417831421,
        0.05852977931499481,
        0.045205049216747284,
        0.036679208278656006,
        0.029537511989474297,
        0.024369964376091957,
        0.02031770721077919,
        0.016664374619722366,
        0.015129618346691132
    ],
    "val_loss": [
        0.05133924260735512,
        0.026946719735860825,
        0.012959280982613564,
        0.04989051818847656,
        0.05624226853251457,
        0.03451884537935257,
        0.039997220039367676,
        0.01919250190258026,
        0.024357864633202553,
        0.02283332869410515
    ],
    "mae": [
        0.419721782207489,
        0.1985008865594864,
        0.1680654138326645,
        0.14525599777698517,
        0.1300641894340515,
        0.11599044501781464,
        0.10439769178628922,
        0.09418132156133652,
        0.08418292552232742,
        0.08010219782590866
    ],
    "val_mae": [
        0.18806667625904083,
        0.12274246662855148,
        0.07637446373701096,
        0.1579427272081375,
        0.16781792044639587,
        0.12195245921611786,
        0.13073983788490295,
        0.08799349516630173,
        0.09563645720481873,
        0.09271729737520218
    ],
    "r2_metric": [
        -61.43693161010742,
        -62.95626449584961,
        -62.92734146118164,
        -62.870845794677734,
        -62.83340072631836,
        -62.8588981628418,
        -62.869171142578125,
        -62.881507873535156,
        -62.8927001953125,
        -62.89695739746094
    ],
    "val_r2_metric": [
        -60.55765151977539,
        -60.687744140625,
        -61.227352142333984,
        -58.61391067504883,
        -58.6192741394043,
        -59.397605895996094,
        -59.156005859375,
        -60.50675582885742,
        -59.94679641723633,
        -60.09922790527344
    ]
}