{
    "loss": [
        1.3305999040603638,
        0.1442614048719406,
        0.11160410195589066,
        0.09346076101064682,
        0.07986420392990112,
        0.07150574773550034,
        0.062262654304504395,
        0.05438977852463722,
        0.048582423478364944,
        0.042999017983675
    ],
    "val_loss": [
        0.03949057683348656,
        0.02236892655491829,
        0.038586489856243134,
        0.03858654573559761,
        0.021430643275380135,
        0.04339855536818504,
        0.03381664305925369,
        0.01734353043138981,
        0.015226501040160656,
        0.012753255665302277
    ],
    "mae": [
        0.7351208925247192,
        0.27463480830192566,
        0.23816990852355957,
        0.21563470363616943,
        0.19783899188041687,
        0.18631580471992493,
        0.17352940142154694,
        0.16214172542095184,
        0.15173235535621643,
        0.14253784716129303
    ],
    "val_mae": [
        0.13714216649532318,
        0.0915454775094986,
        0.14815960824489594,
        0.157671719789505,
        0.09091698378324509,
        0.16812583804130554,
        0.14348191022872925,
        0.08711689710617065,
        0.07493568956851959,
        0.07183682918548584
    ],
    "r2_metric": [
        -58.548946380615234,
        -62.85719680786133,
        -62.90092849731445,
        -62.91591262817383,
        -62.86543655395508,
        -62.88754653930664,
        -62.84642028808594,
        -62.829315185546875,
        -62.81844711303711,
        -62.804237365722656
    ],
    "val_r2_metric": [
        -63.39971160888672,
        -62.41239547729492,
        -61.15664291381836,
        -61.67680358886719,
        -61.37798309326172,
        -60.80342483520508,
        -60.67094421386719,
        -61.35850143432617,
        -61.34370422363281,
        -60.96039962768555
    ]
}