{
    "loss": [
        0.4518064856529236,
        0.0699191763997078,
        0.04959425330162048,
        0.03632517531514168,
        0.02748677507042885,
        0.021559761837124825,
        0.01762729324400425,
        0.014799658209085464,
        0.012203463353216648,
        0.009818406775593758
    ],
    "val_loss": [
        0.02647995389997959,
        0.016787707805633545,
        0.014838404022157192,
        0.016840258613228798,
        0.01589149795472622,
        0.008199231699109077,
        0.010202580131590366,
        0.0045178732834756374,
        0.0036656877491623163,
        0.002365692751482129
    ],
    "mae": [
        0.38088491559028625,
        0.18387645483016968,
        0.15156330168247223,
        0.12807230651378632,
        0.11006005853414536,
        0.09724313020706177,
        0.08839360624551773,
        0.08027336001396179,
        0.07181796431541443,
        0.06262634694576263
    ],
    "val_mae": [
        0.11772721260786057,
        0.08416562527418137,
        0.08374559134244919,
        0.09040460735559464,
        0.07861096411943436,
        0.05096994340419769,
        0.05921150743961334,
        0.04085236415266991,
        0.03597624972462654,
        0.025599855929613113
    ],
    "r2_metric": [
        -61.60334014892578,
        -62.95956802368164,
        -62.89216613769531,
        -62.85818862915039,
        -62.86139678955078,
        -62.88450622558594,
        -62.89394760131836,
        -62.89593505859375,
        -62.91175079345703,
        -62.92069625854492
    ],
    "val_r2_metric": [
        -60.0726318359375,
        -60.92891311645508,
        -60.559444427490234,
        -60.542118072509766,
        -60.5728645324707,
        -61.52882766723633,
        -61.07170104980469,
        -61.95835494995117,
        -62.22358703613281,
        -62.59136199951172
    ]
}