{
    "loss": [
        0.8562772870063782,
        0.10496827960014343,
        0.07744217664003372,
        0.06067001447081566,
        0.05028393119573593,
        0.04085143283009529,
        0.035388678312301636,
        0.029720403254032135,
        0.026062559336423874,
        0.02287355437874794
    ],
    "val_loss": [
        0.04145635664463043,
        0.013265502639114857,
        0.011584852822124958,
        0.024967825040221214,
        0.007395875174552202,
        0.018170993775129318,
        0.008563847281038761,
        0.016782786697149277,
        0.005369742400944233,
        0.00987203512340784
    ],
    "mae": [
        0.5506091713905334,
        0.22901664674282074,
        0.19474942982196808,
        0.1704391986131668,
        0.15355831384658813,
        0.1379200518131256,
        0.12833081185817719,
        0.11841576546430588,
        0.10968826711177826,
        0.10241534560918808
    ],
    "val_mae": [
        0.16663235425949097,
        0.07634953409433365,
        0.06688429415225983,
        0.11158695071935654,
        0.05107814073562622,
        0.09095779061317444,
        0.06259535253047943,
        0.0893440991640091,
        0.041775960475206375,
        0.06070425361394882
    ],
    "r2_metric": [
        -60.44647216796875,
        -62.93800354003906,
        -62.93087387084961,
        -62.912994384765625,
        -62.87843704223633,
        -62.84685134887695,
        -62.84110641479492,
        -62.83554458618164,
        -62.85132598876953,
        -62.867191314697266
    ],
    "val_r2_metric": [
        -61.38396072387695,
        -62.76285171508789,
        -62.15810775756836,
        -60.56536102294922,
        -62.697792053222656,
        -60.2033805847168,
        -61.926170349121094,
        -60.535377502441406,
        -62.2495231628418,
        -61.082820892333984
    ]
}