{
    "loss": [
        0.48718589544296265,
        0.06969751417636871,
        0.046736933290958405,
        0.03362726420164108,
        0.02612237259745598,
        0.020274383947253227,
        0.016152948141098022,
        0.012758537195622921,
        0.01026808749884367,
        0.008340875618159771
    ],
    "val_loss": [
        0.012893314473330975,
        0.03914893791079521,
        0.010448699817061424,
        0.02293320745229721,
        0.012821521610021591,
        0.005705652758479118,
        0.005841747857630253,
        0.009103810414671898,
        0.0033205316867679358,
        0.0058319540694355965
    ],
    "mae": [
        0.3925062417984009,
        0.1847831755876541,
        0.14927904307842255,
        0.12651383876800537,
        0.11092719435691833,
        0.09603612124919891,
        0.08419033885002136,
        0.0733272135257721,
        0.0643322765827179,
        0.05624546483159065
    ],
    "val_mae": [
        0.0830761194229126,
        0.14694996178150177,
        0.06785479187965393,
        0.1020144447684288,
        0.07241249829530716,
        0.040760528296232224,
        0.04088601842522621,
        0.05447953939437866,
        0.03858882561326027,
        0.03914468735456467
    ],
    "r2_metric": [
        -61.726173400878906,
        -62.94049835205078,
        -62.87133026123047,
        -62.83987808227539,
        -62.86686325073242,
        -62.87565612792969,
        -62.89360809326172,
        -62.90040588378906,
        -62.914306640625,
        -62.92281723022461
    ],
    "val_r2_metric": [
        -62.17580032348633,
        -59.606266021728516,
        -61.11471939086914,
        -59.98631286621094,
        -60.823585510253906,
        -61.93288040161133,
        -61.98255157470703,
        -61.25784683227539,
        -62.581825256347656,
        -61.7956428527832
    ]
}