{
    "loss": [
        2.288809061050415,
        0.20604552328586578,
        0.14600586891174316,
        0.12045186012983322,
        0.10840324312448502,
        0.0946711003780365,
        0.08726140111684799,
        0.08026500791311264,
        0.07691124081611633,
        0.06854967772960663
    ],
    "val_loss": [
        0.1256844848394394,
        0.05050651356577873,
        0.046268563717603683,
        0.03991816192865372,
        0.06823741644620895,
        0.0503377802670002,
        0.044756945222616196,
        0.02345265820622444,
        0.08451814204454422,
        0.04067602381110191
    ],
    "mae": [
        1.03734290599823,
        0.33876895904541016,
        0.2773187756538391,
        0.2496219128370285,
        0.23555779457092285,
        0.21936723589897156,
        0.2095756232738495,
        0.2009330540895462,
        0.19630827009677887,
        0.1853163093328476
    ],
    "val_mae": [
        0.25657373666763306,
        0.15482763946056366,
        0.15586116909980774,
        0.14474394917488098,
        0.20647001266479492,
        0.18000981211662292,
        0.16639529168605804,
        0.10247800499200821,
        0.23816387355327606,
        0.1404394507408142
    ],
    "r2_metric": [
        -56.636173248291016,
        -62.49159622192383,
        -62.77994918823242,
        -62.89741134643555,
        -62.92071533203125,
        -62.9149055480957,
        -62.9083251953125,
        -62.91866683959961,
        -62.90782165527344,
        -62.86787033081055
    ],
    "val_r2_metric": [
        -62.69927215576172,
        -61.56528091430664,
        -61.33773422241211,
        -61.12312316894531,
        -59.61166000366211,
        -60.79657745361328,
        -60.58100509643555,
        -61.079307556152344,
        -59.03383255004883,
        -59.55229949951172
    ]
}