{
    "loss": [
        0.7699243426322937,
        0.09930089116096497,
        0.07974492758512497,
        0.06654622405767441,
        0.05692463740706444,
        0.04821233078837395,
        0.0420290008187294,
        0.035346951335668564,
        0.031980521976947784,
        0.027601348236203194
    ],
    "val_loss": [
        0.026359280571341515,
        0.011779667809605598,
        0.019322210922837257,
        0.029822414740920067,
        0.017653711140155792,
        0.007990671321749687,
        0.007306254468858242,
        0.006547823548316956,
        0.007955479435622692,
        0.007693855091929436
    ],
    "mae": [
        0.5088418126106262,
        0.22310346364974976,
        0.197109654545784,
        0.1782829463481903,
        0.16378618776798248,
        0.14933395385742188,
        0.13920362293720245,
        0.1287541687488556,
        0.12128616124391556,
        0.11212286353111267
    ],
    "val_mae": [
        0.12011447548866272,
        0.07099758833646774,
        0.09818807244300842,
        0.13802172243595123,
        0.09718266874551773,
        0.05546823516488075,
        0.05338524654507637,
        0.05038274824619293,
        0.05903257802128792,
        0.06007371097803116
    ],
    "r2_metric": [
        -60.972686767578125,
        -63.037025451660156,
        -62.984031677246094,
        -62.943443298339844,
        -62.92641830444336,
        -62.866580963134766,
        -62.864646911621094,
        -62.85066223144531,
        -62.85823059082031,
        -62.870357513427734
    ],
    "val_r2_metric": [
        -63.039085388183594,
        -62.26154708862305,
        -61.211334228515625,
        -60.99699401855469,
        -61.046939849853516,
        -61.969566345214844,
        -61.73975372314453,
        -61.972415924072266,
        -61.64447784423828,
        -61.38178253173828
    ]
}