{
    "loss": [
        3.803227424621582,
        0.6091983914375305,
        0.31628844141960144,
        0.2266569286584854,
        0.19070382416248322,
        0.1639453023672104,
        0.1482684165239334,
        0.14053820073604584,
        0.12996262311935425,
        0.1202458068728447
    ],
    "val_loss": [
        0.7121761441230774,
        0.21333430707454681,
        0.1051180437207222,
        0.07481402903795242,
        0.06039521098136902,
        0.048768434673547745,
        0.04759250208735466,
        0.03995751589536667,
        0.03536185994744301,
        0.050362199544906616
    ],
    "mae": [
        1.5418665409088135,
        0.6087331771850586,
        0.42868176102638245,
        0.35788315534591675,
        0.3236177861690521,
        0.2991871237754822,
        0.28139567375183105,
        0.2726459205150604,
        0.2624877989292145,
        0.25099554657936096
    ],
    "val_mae": [
        0.66089928150177,
        0.3461783230304718,
        0.22210350632667542,
        0.18402038514614105,
        0.1575758159160614,
        0.1336296796798706,
        0.12990497052669525,
        0.11275117844343185,
        0.10243260860443115,
        0.16037504374980927
    ],
    "r2_metric": [
        -49.705291748046875,
        -59.62014389038086,
        -61.73212814331055,
        -62.22991180419922,
        -62.43231964111328,
        -62.61081314086914,
        -62.74091339111328,
        -62.74274444580078,
        -62.77012252807617,
        -62.77452087402344
    ],
    "val_r2_metric": [
        -57.12714767456055,
        -59.884925842285156,
        -62.08698272705078,
        -60.59476089477539,
        -61.57795715332031,
        -61.09564208984375,
        -62.20059585571289,
        -62.94491195678711,
        -62.25316619873047,
        -61.47425842285156
    ]
}