{
    "loss": [
        0.5817420482635498,
        0.07770679146051407,
        0.05295342952013016,
        0.038169678300619125,
        0.028808152303099632,
        0.022289974614977837,
        0.01731003262102604,
        0.014093490317463875,
        0.011406759731471539,
        0.009155596606433392
    ],
    "val_loss": [
        0.014614714309573174,
        0.024205069988965988,
        0.01764204353094101,
        0.00964996125549078,
        0.023427512496709824,
        0.006979679688811302,
        0.01076993066817522,
        0.0030918451957404613,
        0.004425516817718744,
        0.0034295134246349335
    ],
    "mae": [
        0.41605713963508606,
        0.193882554769516,
        0.15733423829078674,
        0.1330578476190567,
        0.11406004428863525,
        0.09866409003734589,
        0.08633147180080414,
        0.07759643346071243,
        0.06944983452558517,
        0.06065848097205162
    ],
    "val_mae": [
        0.07573477923870087,
        0.10780786722898483,
        0.0964520275592804,
        0.06625604629516602,
        0.10036119073629379,
        0.05327198654413223,
        0.06017979234457016,
        0.03409164026379585,
        0.036178670823574066,
        0.02814408205449581
    ],
    "r2_metric": [
        -62.09870910644531,
        -62.99214553833008,
        -62.90414047241211,
        -62.84554672241211,
        -62.87322998046875,
        -62.88215637207031,
        -62.905967712402344,
        -62.920494079589844,
        -62.921844482421875,
        -62.931610107421875
    ],
    "val_r2_metric": [
        -62.036705017089844,
        -60.290306091308594,
        -60.000789642333984,
        -61.23957824707031,
        -59.864768981933594,
        -61.552494049072266,
        -61.049346923828125,
        -62.81270217895508,
        -62.16638946533203,
        -62.16038131713867
    ]
}