{
    "loss": [
        0.5305877923965454,
        0.0745982900261879,
        0.05145776644349098,
        0.03792349621653557,
        0.028905460610985756,
        0.02248605340719223,
        0.01817016862332821,
        0.01477157510817051,
        0.012144207023084164,
        0.010445752181112766
    ],
    "val_loss": [
        0.011546899564564228,
        0.01357886753976345,
        0.01135834027081728,
        0.011016511358320713,
        0.010614347644150257,
        0.005791764240711927,
        0.0175635889172554,
        0.007517402991652489,
        0.0043152933940291405,
        0.007933949120342731
    ],
    "mae": [
        0.41331711411476135,
        0.19313004612922668,
        0.15744799375534058,
        0.13452522456645966,
        0.11681104451417923,
        0.10147818177938461,
        0.09010910987854004,
        0.08084560930728912,
        0.07292354851961136,
        0.06579399108886719
    ],
    "val_mae": [
        0.07009908556938171,
        0.07823868840932846,
        0.0703977718949318,
        0.07061119377613068,
        0.07135093212127686,
        0.04588412493467331,
        0.08200933039188385,
        0.04753601551055908,
        0.03487493842840195,
        0.053164586424827576
    ],
    "r2_metric": [
        -61.562129974365234,
        -62.93260192871094,
        -62.893898010253906,
        -62.84627151489258,
        -62.85433578491211,
        -62.87920379638672,
        -62.901424407958984,
        -62.91145324707031,
        -62.915626525878906,
        -62.92107391357422
    ],
    "val_r2_metric": [
        -62.377567291259766,
        -61.39937210083008,
        -61.36046600341797,
        -61.114410400390625,
        -61.137969970703125,
        -61.85943603515625,
        -60.542789459228516,
        -61.583152770996094,
        -61.990779876708984,
        -61.462562561035156
    ]
}