{
    "loss": [
        0.7168789505958557,
        0.09394233673810959,
        0.07213428616523743,
        0.05791158974170685,
        0.048121996223926544,
        0.03962134197354317,
        0.03401578217744827,
        0.030173126608133316,
        0.024952983483672142,
        0.021908575668931007
    ],
    "val_loss": [
        0.023845812305808067,
        0.021656854078173637,
        0.017083192244172096,
        0.052175045013427734,
        0.06107470393180847,
        0.030991196632385254,
        0.032748907804489136,
        0.011698286980390549,
        0.02779787965118885,
        0.01601717807352543
    ],
    "mae": [
        0.48864656686782837,
        0.21727950870990753,
        0.18765631318092346,
        0.16628016531467438,
        0.15053388476371765,
        0.13542789220809937,
        0.12523236870765686,
        0.11676479130983353,
        0.10535525530576706,
        0.09865563362836838
    ],
    "val_mae": [
        0.11580456048250198,
        0.10875348001718521,
        0.08904226869344711,
        0.17097261548042297,
        0.18432950973510742,
        0.1267615407705307,
        0.12275991588830948,
        0.06764305382966995,
        0.10503789782524109,
        0.0839032530784607
    ],
    "r2_metric": [
        -60.901756286621094,
        -62.966583251953125,
        -62.97035598754883,
        -62.92688751220703,
        -62.888710021972656,
        -62.8609733581543,
        -62.877784729003906,
        -62.87043762207031,
        -62.894412994384766,
        -62.904850006103516
    ],
    "val_r2_metric": [
        -62.29130172729492,
        -61.2733268737793,
        -60.57093048095703,
        -59.08216857910156,
        -58.41301345825195,
        -59.181884765625,
        -59.41907501220703,
        -61.401649475097656,
        -59.778812408447266,
        -61.049415588378906
    ]
}