{
    "loss": [
        0.48473504185676575,
        0.0735604465007782,
        0.05011137202382088,
        0.03562690690159798,
        0.02676699310541153,
        0.020927082747220993,
        0.016952795907855034,
        0.014026119373738766,
        0.01193245965987444,
        0.00937715731561184
    ],
    "val_loss": [
        0.028551435098052025,
        0.009931997396051884,
        0.00780083891004324,
        0.009340081363916397,
        0.01756712980568409,
        0.007638675160706043,
        0.005301371216773987,
        0.00811881385743618,
        0.006005717441439629,
        0.003866026643663645
    ],
    "mae": [
        0.3959377706050873,
        0.18963637948036194,
        0.15374864637851715,
        0.1279560923576355,
        0.10989853739738464,
        0.09614351391792297,
        0.08606160432100296,
        0.07691677659749985,
        0.06912543624639511,
        0.06043967232108116
    ],
    "val_mae": [
        0.1324782520532608,
        0.06136887148022652,
        0.055120766162872314,
        0.060010574758052826,
        0.08345634490251541,
        0.052724823355674744,
        0.03924562409520149,
        0.048932213336229324,
        0.04083460196852684,
        0.033234886825084686
    ],
    "r2_metric": [
        -61.64715576171875,
        -62.96216583251953,
        -62.89283752441406,
        -62.857818603515625,
        -62.87505340576172,
        -62.89952850341797,
        -62.90776062011719,
        -62.915462493896484,
        -62.92127990722656,
        -62.92967224121094
    ],
    "val_r2_metric": [
        -61.92115020751953,
        -61.61886978149414,
        -61.991336822509766,
        -61.357704162597656,
        -60.70759201049805,
        -61.83556365966797,
        -61.981441497802734,
        -61.508888244628906,
        -61.74451446533203,
        -62.28257369995117
    ]
}