{
    "loss": [
        0.7497422099113464,
        0.10120581835508347,
        0.07807111740112305,
        0.06394141912460327,
        0.051558658480644226,
        0.042655099183321,
        0.03619131073355675,
        0.030638013035058975,
        0.025715768337249756,
        0.022583434358239174
    ],
    "val_loss": [
        0.01667163521051407,
        0.01788424700498581,
        0.014153467491269112,
        0.013784422539174557,
        0.00888825673609972,
        0.007404960226267576,
        0.011021120473742485,
        0.007447671610862017,
        0.005160965956747532,
        0.011007391847670078
    ],
    "mae": [
        0.5132353901863098,
        0.22584597766399384,
        0.19488993287086487,
        0.17457817494869232,
        0.15559329092502594,
        0.1412556916475296,
        0.13034839928150177,
        0.11963971704244614,
        0.10911986976861954,
        0.10169433802366257
    ],
    "val_mae": [
        0.08005069941282272,
        0.09478539228439331,
        0.07780899852514267,
        0.08048482239246368,
        0.05869309604167938,
        0.05318116024136543,
        0.07568419724702835,
        0.05915960669517517,
        0.04384799301624298,
        0.06545890122652054
    ],
    "r2_metric": [
        -60.93646240234375,
        -62.94881057739258,
        -62.941261291503906,
        -62.898921966552734,
        -62.8707160949707,
        -62.845882415771484,
        -62.821224212646484,
        -62.84684371948242,
        -62.854835510253906,
        -62.85634231567383
    ],
    "val_r2_metric": [
        -62.356014251708984,
        -61.894256591796875,
        -62.03118133544922,
        -62.13137435913086,
        -61.91500473022461,
        -61.942535400390625,
        -63.03042984008789,
        -61.508766174316406,
        -62.70830154418945,
        -60.97370147705078
    ]
}