{
    "loss": [
        11.065138816833496,
        5.598620414733887,
        3.57102370262146,
        1.9204916954040527,
        1.340891718864441,
        1.038212776184082,
        0.8782868385314941,
        0.70387864112854,
        0.6294349431991577,
        0.5262782573699951
    ],
    "val_loss": [
        6.310122013092041,
        4.454927921295166,
        2.3468880653381348,
        1.2939141988754272,
        0.9697935581207275,
        0.7602002620697021,
        0.6080315113067627,
        0.5222083926200867,
        0.42288973927497864,
        0.37864506244659424
    ],
    "mae": [
        2.766134023666382,
        2.0385358333587646,
        1.6248071193695068,
        1.1479988098144531,
        0.9421457052230835,
        0.8305703401565552,
        0.7574441432952881,
        0.6714256405830383,
        0.6378416419029236,
        0.5790674686431885
    ],
    "val_mae": [
        2.171128749847412,
        1.8542441129684448,
        1.3207263946533203,
        0.9123340249061584,
        0.7960489988327026,
        0.7066709399223328,
        0.6299732327461243,
        0.5844475030899048,
        0.5070382356643677,
        0.4713364541530609
    ],
    "r2_metric": [
        -89.9237060546875,
        -38.223411560058594,
        -37.39563751220703,
        -48.590057373046875,
        -55.04032897949219,
        -56.267337799072266,
        -57.18114471435547,
        -58.89655685424805,
        -58.602848052978516,
        -59.72030258178711
    ],
    "val_r2_metric": [
        -42.014766693115234,
        -33.848262786865234,
        -37.95478057861328,
        -52.6723747253418,
        -53.6650276184082,
        -54.92280578613281,
        -56.22257995605469,
        -55.05611801147461,
        -58.05080032348633,
        -58.438629150390625
    ]
}