{
    "loss": [
        0.4297003448009491,
        0.0691477507352829,
        0.04648886248469353,
        0.032655417919158936,
        0.024193156510591507,
        0.01802399381995201,
        0.014405573718249798,
        0.0116030378267169,
        0.008963342756032944,
        0.007151288911700249
    ],
    "val_loss": [
        0.013942314311861992,
        0.005606033839285374,
        0.005961972288787365,
        0.00466569047421217,
        0.004925939720124006,
        0.0036444049328565598,
        0.0037403651513159275,
        0.004103568848222494,
        0.003858128795400262,
        0.002876144601032138
    ],
    "mae": [
        0.37174704670906067,
        0.1835227906703949,
        0.14676044881343842,
        0.12212171405553818,
        0.10406942665576935,
        0.0895523652434349,
        0.07903021574020386,
        0.06931635737419128,
        0.05833026394248009,
        0.04972979798913002
    ],
    "val_mae": [
        0.08246179670095444,
        0.04465571790933609,
        0.04756411910057068,
        0.044686343520879745,
        0.04475505277514458,
        0.03483891114592552,
        0.035998404026031494,
        0.03612207621335983,
        0.033540163189172745,
        0.024731244891881943
    ],
    "r2_metric": [
        -61.90256881713867,
        -62.95247268676758,
        -62.888946533203125,
        -62.85862731933594,
        -62.880367279052734,
        -62.89330291748047,
        -62.90757751464844,
        -62.90528869628906,
        -62.926536560058594,
        -62.9369010925293
    ],
    "val_r2_metric": [
        -62.351417541503906,
        -62.305694580078125,
        -62.078189849853516,
        -62.104393005371094,
        -61.95453643798828,
        -62.24979019165039,
        -62.23215103149414,
        -61.97480773925781,
        -62.19685363769531,
        -62.420326232910156
    ]
}