{
    "loss": [
        0.7477883696556091,
        0.09404794871807098,
        0.07102598249912262,
        0.05561789497733116,
        0.04389103129506111,
        0.036226142197847366,
        0.02919447235763073,
        0.02483600191771984,
        0.020713409408926964,
        0.018496181815862656
    ],
    "val_loss": [
        0.01757640950381756,
        0.013280701823532581,
        0.027949649840593338,
        0.010080455802381039,
        0.010200210846960545,
        0.00860766600817442,
        0.00596839701756835,
        0.009409050457179546,
        0.005716504994779825,
        0.008178913034498692
    ],
    "mae": [
        0.5031316876411438,
        0.21712376177310944,
        0.18580396473407745,
        0.16255001723766327,
        0.1434214562177658,
        0.13047648966312408,
        0.11561769247055054,
        0.10541156679391861,
        0.09556236118078232,
        0.09016025811433792
    ],
    "val_mae": [
        0.09031925350427628,
        0.07534617930650711,
        0.12115819752216339,
        0.06320789456367493,
        0.06899148970842361,
        0.06421047449111938,
        0.04953315109014511,
        0.06433498114347458,
        0.0436713770031929,
        0.05422748997807503
    ],
    "r2_metric": [
        -61.105308532714844,
        -63.006591796875,
        -62.93101501464844,
        -62.88982391357422,
        -62.84540939331055,
        -62.83432388305664,
        -62.86521911621094,
        -62.87013244628906,
        -62.887977600097656,
        -62.892478942871094
    ],
    "val_r2_metric": [
        -61.4035758972168,
        -61.48809051513672,
        -60.328365325927734,
        -61.40518569946289,
        -61.06584167480469,
        -61.11298751831055,
        -61.81041717529297,
        -61.07194137573242,
        -61.75301742553711,
        -61.38754653930664
    ]
}