{
    "loss": [
        0.4926507771015167,
        0.0781165361404419,
        0.05489536002278328,
        0.04091792181134224,
        0.03182901069521904,
        0.02523134835064411,
        0.0205039344727993,
        0.017340071499347687,
        0.014594115316867828,
        0.012251176871359348
    ],
    "val_loss": [
        0.009010426700115204,
        0.02130751870572567,
        0.008088069036602974,
        0.004881621804088354,
        0.0073408992029726505,
        0.0063430205918848515,
        0.0032669303473085165,
        0.00236108829267323,
        0.0031922287307679653,
        0.001968332100659609
    ],
    "mae": [
        0.3955494165420532,
        0.19520746171474457,
        0.1611699014902115,
        0.137861967086792,
        0.12073083966970444,
        0.10681892186403275,
        0.09558790177106857,
        0.08749262988567352,
        0.07987906783819199,
        0.07233387231826782
    ],
    "val_mae": [
        0.059525229036808014,
        0.1108723133802414,
        0.06095270439982414,
        0.03983934596180916,
        0.06249496340751648,
        0.05074247345328331,
        0.03320261463522911,
        0.023046882823109627,
        0.03437989205121994,
        0.01905127614736557
    ],
    "r2_metric": [
        -61.63386154174805,
        -62.96422576904297,
        -62.90409851074219,
        -62.861515045166016,
        -62.85560989379883,
        -62.88359451293945,
        -62.884281158447266,
        -62.88429260253906,
        -62.8995246887207,
        -62.90712356567383
    ],
    "val_r2_metric": [
        -62.34645462036133,
        -61.72660827636719,
        -62.104469299316406,
        -63.20254135131836,
        -63.87372970581055,
        -61.70089340209961,
        -62.87929153442383,
        -62.605751037597656,
        -63.442054748535156,
        -62.729244232177734
    ]
}