{
    "loss": [
        0.46830031275749207,
        0.06776019185781479,
        0.045859791338443756,
        0.03236060589551926,
        0.024370498955249786,
        0.019161062315106392,
        0.01531831081956625,
        0.012081959284842014,
        0.009579041972756386,
        0.0079217329621315
    ],
    "val_loss": [
        0.011714271269738674,
        0.020743131637573242,
        0.008346319198608398,
        0.009731080383062363,
        0.006601403467357159,
        0.004150306340306997,
        0.003729995572939515,
        0.002455072943121195,
        0.001718214014545083,
        0.0024815972428768873
    ],
    "mae": [
        0.37764355540275574,
        0.18112246692180634,
        0.1466592401266098,
        0.1241951435804367,
        0.10667813569307327,
        0.09322939068078995,
        0.08219543844461441,
        0.07163082808256149,
        0.061944544315338135,
        0.054214101284742355
    ],
    "val_mae": [
        0.07524610310792923,
        0.10467345267534256,
        0.05902634561061859,
        0.07586155086755753,
        0.047488730400800705,
        0.038230326026678085,
        0.031777478754520416,
        0.023141328245401382,
        0.01730673387646675,
        0.023949455469846725
    ],
    "r2_metric": [
        -61.88615417480469,
        -62.958213806152344,
        -62.877418518066406,
        -62.833824157714844,
        -62.85995101928711,
        -62.88546371459961,
        -62.89558792114258,
        -62.91090774536133,
        -62.917579650878906,
        -62.92818069458008
    ],
    "val_r2_metric": [
        -61.65312957763672,
        -60.72245788574219,
        -61.689388275146484,
        -61.236331939697266,
        -61.61859130859375,
        -62.209957122802734,
        -62.08308029174805,
        -62.55171585083008,
        -63.052276611328125,
        -62.330928802490234
    ]
}