{
    "loss": [
        0.493967741727829,
        0.06650667637586594,
        0.04465270787477493,
        0.03187481313943863,
        0.023683354258537292,
        0.01850176975131035,
        0.01468496210873127,
        0.012137241661548615,
        0.010162580758333206,
        0.0087527334690094
    ],
    "val_loss": [
        0.03990129381418228,
        0.03995055705308914,
        0.03569497913122177,
        0.055995311588048935,
        0.04381490871310234,
        0.054731566458940506,
        0.032298874109983444,
        0.02758530154824257,
        0.025557707995176315,
        0.02031881920993328
    ],
    "mae": [
        0.3890305757522583,
        0.17910656332969666,
        0.14353512227535248,
        0.1201830804347992,
        0.10257287323474884,
        0.0901537612080574,
        0.08006595820188522,
        0.07151573896408081,
        0.06429637223482132,
        0.05855989456176758
    ],
    "val_mae": [
        0.1509552150964737,
        0.14587414264678955,
        0.13144966959953308,
        0.1574011594057083,
        0.12421249598264694,
        0.15190020203590393,
        0.10779163986444473,
        0.09609551727771759,
        0.09023245424032211,
        0.08257384598255157
    ],
    "r2_metric": [
        -61.708370208740234,
        -62.95368957519531,
        -62.88082504272461,
        -62.87332534790039,
        -62.88223648071289,
        -62.90406036376953,
        -62.915096282958984,
        -62.92686080932617,
        -62.92930221557617,
        -62.946903228759766
    ],
    "val_r2_metric": [
        -59.695220947265625,
        -59.43341064453125,
        -58.979549407958984,
        -58.10770797729492,
        -59.02125930786133,
        -58.49567794799805,
        -59.483680725097656,
        -59.729576110839844,
        -59.96482467651367,
        -60.265079498291016
    ]
}