{
    "loss": [
        1.7502557039260864,
        0.17243295907974243,
        0.12550275027751923,
        0.1054663136601448,
        0.0900450125336647,
        0.08279412239789963,
        0.07273959368467331,
        0.06836799532175064,
        0.0595022551715374,
        0.0545208677649498
    ],
    "val_loss": [
        0.06652030348777771,
        0.03446825221180916,
        0.021764500066637993,
        0.020845910534262657,
        0.019743386656045914,
        0.029678208753466606,
        0.020394252613186836,
        0.013598130084574223,
        0.013752490282058716,
        0.014698348008096218
    ],
    "mae": [
        0.8770463466644287,
        0.303252637386322,
        0.2550811171531677,
        0.2310376763343811,
        0.2129525989294052,
        0.20422884821891785,
        0.19005821645259857,
        0.18358993530273438,
        0.17079998552799225,
        0.1623605340719223
    ],
    "val_mae": [
        0.17040373384952545,
        0.11545928567647934,
        0.08062732964754105,
        0.08332128822803497,
        0.08801822364330292,
        0.12412001192569733,
        0.08857707679271698,
        0.061602190136909485,
        0.06433863937854767,
        0.06745196878910065
    ],
    "r2_metric": [
        -57.68726348876953,
        -62.730899810791016,
        -62.88469696044922,
        -62.933223724365234,
        -62.895904541015625,
        -62.892845153808594,
        -62.874267578125,
        -62.86721420288086,
        -62.843502044677734,
        -62.81869888305664
    ],
    "val_r2_metric": [
        -62.4583854675293,
        -62.589595794677734,
        -62.2099494934082,
        -61.43741226196289,
        -61.15104293823242,
        -61.22652053833008,
        -61.8255615234375,
        -62.11868667602539,
        -62.054893493652344,
        -61.51561737060547
    ]
}