{
    "loss": [
        0.7771487832069397,
        0.09663273394107819,
        0.07465526461601257,
        0.05917317792773247,
        0.048106759786605835,
        0.03976348042488098,
        0.033831190317869186,
        0.028191525489091873,
        0.02364984154701233,
        0.020610235631465912
    ],
    "val_loss": [
        0.04180678725242615,
        0.024998247623443604,
        0.015436395071446896,
        0.019383391365408897,
        0.023337719962000847,
        0.006545484531670809,
        0.007327319588512182,
        0.006664211396127939,
        0.006069887429475784,
        0.006029651965945959
    ],
    "mae": [
        0.5198631286621094,
        0.21995265781879425,
        0.19040068984031677,
        0.16752539575099945,
        0.14901134371757507,
        0.13542009890079498,
        0.1244647428393364,
        0.11326920986175537,
        0.102958545088768,
        0.09623834490776062
    ],
    "val_mae": [
        0.15880565345287323,
        0.11007612943649292,
        0.07843693345785141,
        0.09139969199895859,
        0.11103162914514542,
        0.04419613629579544,
        0.05381574481725693,
        0.04768878594040871,
        0.046649426221847534,
        0.04536805301904678
    ],
    "r2_metric": [
        -60.62508010864258,
        -62.946720123291016,
        -62.93587875366211,
        -62.88223648071289,
        -62.8660888671875,
        -62.839874267578125,
        -62.84883117675781,
        -62.8568000793457,
        -62.8709831237793,
        -62.881195068359375
    ],
    "val_r2_metric": [
        -60.539947509765625,
        -60.868778228759766,
        -61.24187469482422,
        -60.7180061340332,
        -59.769657135009766,
        -62.42706298828125,
        -61.93075942993164,
        -61.98795700073242,
        -62.08590316772461,
        -61.87248611450195
    ]
}