{
    "loss": [
        0.8471470475196838,
        0.09881756454706192,
        0.07493752241134644,
        0.06029343605041504,
        0.048224806785583496,
        0.041013795882463455,
        0.034027326852083206,
        0.028801368549466133,
        0.02435259334743023,
        0.02025858499109745
    ],
    "val_loss": [
        0.019152367487549782,
        0.01231833640486002,
        0.012236303649842739,
        0.007660169620066881,
        0.06204982474446297,
        0.013355049304664135,
        0.008337374776601791,
        0.009586307220160961,
        0.014283033087849617,
        0.006817815825343132
    ],
    "mae": [
        0.5242675542831421,
        0.22176507115364075,
        0.19098497927188873,
        0.1690848469734192,
        0.1496695578098297,
        0.13751715421676636,
        0.12561185657978058,
        0.11595899611711502,
        0.10597370564937592,
        0.0959513857960701
    ],
    "val_mae": [
        0.0971025750041008,
        0.07307295501232147,
        0.07582174241542816,
        0.05429400876164436,
        0.20481443405151367,
        0.07514560222625732,
        0.05793541297316551,
        0.06259428709745407,
        0.07467024773359299,
        0.04841296374797821
    ],
    "r2_metric": [
        -61.38493728637695,
        -62.9906120300293,
        -62.95423126220703,
        -62.91166305541992,
        -62.865966796875,
        -62.8388557434082,
        -62.83390426635742,
        -62.832733154296875,
        -62.85112380981445,
        -62.86623764038086
    ],
    "val_r2_metric": [
        -61.253265380859375,
        -62.296913146972656,
        -62.69864273071289,
        -62.56183624267578,
        -59.64702606201172,
        -61.18297576904297,
        -61.90299606323242,
        -61.22019958496094,
        -61.02301788330078,
        -61.55232620239258
    ]
}