{
    "loss": [
        0.9764989614486694,
        0.10596022754907608,
        0.0814068540930748,
        0.06717187166213989,
        0.0567755289375782,
        0.04748697951436043,
        0.04039907082915306,
        0.03579080104827881,
        0.03039734810590744,
        0.02610241249203682
    ],
    "val_loss": [
        0.027923986315727234,
        0.024281295016407967,
        0.014267685823142529,
        0.009309434331953526,
        0.01526389829814434,
        0.011755476705729961,
        0.016918445006012917,
        0.020954284816980362,
        0.011213699355721474,
        0.010817685164511204
    ],
    "mae": [
        0.5865040421485901,
        0.23161214590072632,
        0.19902798533439636,
        0.18036091327667236,
        0.16453807055950165,
        0.1494949907064438,
        0.138075053691864,
        0.12944039702415466,
        0.11922041326761246,
        0.10871458053588867
    ],
    "val_mae": [
        0.12085890024900436,
        0.10991425812244415,
        0.07885423302650452,
        0.056287799030542374,
        0.08280093222856522,
        0.07013833522796631,
        0.08721093088388443,
        0.10238087922334671,
        0.06500500440597534,
        0.06391748040914536
    ],
    "r2_metric": [
        -60.25102996826172,
        -62.93458557128906,
        -62.94500732421875,
        -62.906803131103516,
        -62.87386703491211,
        -62.826541900634766,
        -62.82040786743164,
        -62.80377197265625,
        -62.83000564575195,
        -62.8509635925293
    ],
    "val_r2_metric": [
        -63.091094970703125,
        -61.40097427368164,
        -61.36761474609375,
        -62.384979248046875,
        -60.93892288208008,
        -61.50384521484375,
        -60.666481018066406,
        -59.992034912109375,
        -61.2849235534668,
        -61.11684799194336
    ]
}