{
    "loss": [
        0.4545727074146271,
        0.0646798238158226,
        0.042248889803886414,
        0.03029547818005085,
        0.02299247868359089,
        0.01795356720685959,
        0.014891769737005234,
        0.012514936737716198,
        0.010650169104337692,
        0.009106587618589401
    ],
    "val_loss": [
        0.035129938274621964,
        0.05354246124625206,
        0.05339426174759865,
        0.041233129799366,
        0.03277085721492767,
        0.031222129240632057,
        0.03607789799571037,
        0.05786067619919777,
        0.05137452855706215,
        0.04550035670399666
    ],
    "mae": [
        0.3771323561668396,
        0.17751473188400269,
        0.14128448069095612,
        0.11838999390602112,
        0.10145755112171173,
        0.0888209119439125,
        0.0806502029299736,
        0.0728590339422226,
        0.06605212390422821,
        0.05960046499967575
    ],
    "val_mae": [
        0.140978142619133,
        0.16456338763237,
        0.15859661996364594,
        0.12948963046073914,
        0.10880094766616821,
        0.10579003393650055,
        0.10812497138977051,
        0.14944367110729218,
        0.1345885992050171,
        0.11937741190195084
    ],
    "r2_metric": [
        -61.79774856567383,
        -62.92505645751953,
        -62.85032272338867,
        -62.845733642578125,
        -62.8726806640625,
        -62.894168853759766,
        -62.897926330566406,
        -62.915042877197266,
        -62.925594329833984,
        -62.929908752441406
    ],
    "val_r2_metric": [
        -59.7336540222168,
        -58.019344329833984,
        -58.18081283569336,
        -58.736019134521484,
        -59.525001525878906,
        -59.5042610168457,
        -59.422847747802734,
        -58.444000244140625,
        -58.46849060058594,
        -58.9344596862793
    ]
}