{
    "loss": [
        0.7392035126686096,
        0.09337709099054337,
        0.06848625838756561,
        0.0553230382502079,
        0.044143665581941605,
        0.0365891270339489,
        0.031222736462950706,
        0.026416592299938202,
        0.02262495830655098,
        0.01940210349857807
    ],
    "val_loss": [
        0.014220883138477802,
        0.013815204612910748,
        0.050890564918518066,
        0.016437111422419548,
        0.012343755923211575,
        0.011683349497616291,
        0.017644032835960388,
        0.006614324636757374,
        0.009535244666039944,
        0.007882734760642052
    ],
    "mae": [
        0.4990791380405426,
        0.21512265503406525,
        0.18174131214618683,
        0.16287250816822052,
        0.14440512657165527,
        0.13212993741035461,
        0.12150418013334274,
        0.11145675927400589,
        0.10226238518953323,
        0.09405748546123505
    ],
    "val_mae": [
        0.07458347082138062,
        0.07673932611942291,
        0.1736169159412384,
        0.08242542296648026,
        0.0776669830083847,
        0.07353705912828445,
        0.08662036061286926,
        0.04738135263323784,
        0.05776109918951988,
        0.05390217527747154
    ],
    "r2_metric": [
        -61.06662368774414,
        -62.9809684753418,
        -62.944129943847656,
        -62.89067459106445,
        -62.858943939208984,
        -62.837860107421875,
        -62.849464416503906,
        -62.848411560058594,
        -62.84446716308594,
        -62.872798919677734
    ],
    "val_r2_metric": [
        -221.73236083984375,
        -460.9949645996094,
        -2377.083984375,
        -101.97648620605469,
        -81.13800048828125,
        -243.1923370361328,
        -153.2556610107422,
        -198.48193359375,
        -98.51930236816406,
        -72.433837890625
    ]
}