{
    "loss": [
        1.8485015630722046,
        0.18134978413581848,
        0.13479693233966827,
        0.11439317464828491,
        0.10237756371498108,
        0.09181586652994156,
        0.08435642719268799,
        0.07889414578676224,
        0.07189131528139114,
        0.06830644607543945
    ],
    "val_loss": [
        0.09021524339914322,
        0.03599869832396507,
        0.024403581395745277,
        0.04322097450494766,
        0.02082209289073944,
        0.05027638003230095,
        0.02331716939806938,
        0.015592948533594608,
        0.025090660899877548,
        0.01659117452800274
    ],
    "mae": [
        0.9276238679885864,
        0.31414902210235596,
        0.2630661129951477,
        0.24219255149364471,
        0.2276342660188675,
        0.21284900605678558,
        0.20379409193992615,
        0.19619077444076538,
        0.18815919756889343,
        0.18274518847465515
    ],
    "val_mae": [
        0.21553543210029602,
        0.12304595112800598,
        0.08907594531774521,
        0.1509028971195221,
        0.07989569008350372,
        0.17109966278076172,
        0.09989579766988754,
        0.06709057092666626,
        0.11340784281492233,
        0.07740173488855362
    ],
    "r2_metric": [
        -57.126609802246094,
        -62.61469650268555,
        -62.83094787597656,
        -62.968387603759766,
        -62.896846771240234,
        -62.898681640625,
        -62.91972732543945,
        -62.888824462890625,
        -62.91333770751953,
        -62.87850570678711
    ],
    "val_r2_metric": [
        -61.72123718261719,
        -61.792938232421875,
        -62.84678268432617,
        -60.50150680541992,
        -61.99197769165039,
        -60.22902297973633,
        -61.402278900146484,
        -61.42343521118164,
        -61.26943588256836,
        -61.32671356201172
    ]
}