{
    "loss": [
        0.5812147855758667,
        0.0800403356552124,
        0.05832406133413315,
        0.0435926653444767,
        0.03375484421849251,
        0.02675905078649521,
        0.021006081253290176,
        0.018487457185983658,
        0.016671109944581985,
        0.014972815290093422
    ],
    "val_loss": [
        0.011553999967873096,
        0.04043566808104515,
        0.04636985808610916,
        0.02808486856520176,
        0.029661040753126144,
        0.01569032482802868,
        0.027298569679260254,
        0.020463811233639717,
        0.02127682976424694,
        0.01755204051733017
    ],
    "mae": [
        0.43112191557884216,
        0.19904276728630066,
        0.16721731424331665,
        0.14209960401058197,
        0.1240258514881134,
        0.10940709710121155,
        0.09496504813432693,
        0.08916907757520676,
        0.08397074043750763,
        0.07912199199199677
    ],
    "val_mae": [
        0.07023045420646667,
        0.15631617605686188,
        0.15969808399677277,
        0.10973775386810303,
        0.10810082405805588,
        0.07843276113271713,
        0.10104046761989594,
        0.08363600075244904,
        0.08407270908355713,
        0.07528572529554367
    ],
    "r2_metric": [
        -61.53575897216797,
        -63.00282287597656,
        -62.928775787353516,
        -62.9017219543457,
        -62.877159118652344,
        -62.90306854248047,
        -62.905250549316406,
        -62.90329360961914,
        -62.91065979003906,
        -62.911460876464844
    ],
    "val_r2_metric": [
        -62.83159255981445,
        -60.29842758178711,
        -59.34314727783203,
        -59.71901321411133,
        -59.9405632019043,
        -60.67523956298828,
        -59.7574348449707,
        -60.288604736328125,
        -60.26674270629883,
        -60.5451545715332
    ]
}