{
    "loss": [
        0.6352699995040894,
        0.0861508697271347,
        0.061463721096515656,
        0.048094019293785095,
        0.03895088657736778,
        0.03183647245168686,
        0.02580937184393406,
        0.023211752995848656,
        0.021169647574424744,
        0.01935330033302307
    ],
    "val_loss": [
        0.019956236705183983,
        0.020950699225068092,
        0.03492064028978348,
        0.0433274582028389,
        0.04478444159030914,
        0.037106867879629135,
        0.030864916741847992,
        0.032288916409015656,
        0.02902410551905632,
        0.03933100774884224
    ],
    "mae": [
        0.4594084322452545,
        0.20693469047546387,
        0.1720466911792755,
        0.1501188725233078,
        0.13422389328479767,
        0.121235691010952,
        0.10755795240402222,
        0.10158564895391464,
        0.0960773304104805,
        0.09155809134244919
    ],
    "val_mae": [
        0.0976347029209137,
        0.09921466559171677,
        0.13628007471561432,
        0.14992135763168335,
        0.1396370232105255,
        0.12491308897733688,
        0.1112792044878006,
        0.10875733196735382,
        0.10173670947551727,
        0.12079373002052307
    ],
    "r2_metric": [
        -61.343013763427734,
        -62.970314025878906,
        -62.93877029418945,
        -62.86442565917969,
        -62.839149475097656,
        -62.849666595458984,
        -62.87769317626953,
        -62.894752502441406,
        -62.89646530151367,
        -62.89536666870117
    ],
    "val_r2_metric": [
        -61.170921325683594,
        -60.4619140625,
        -59.22349548339844,
        -59.065853118896484,
        -58.71016311645508,
        -59.3192138671875,
        -59.450138092041016,
        -59.472755432128906,
        -59.69926071166992,
        -59.225704193115234
    ]
}