{
    "loss": [
        0.41296854615211487,
        0.06888365000486374,
        0.044139303267002106,
        0.03034665435552597,
        0.022406557574868202,
        0.017866257578134537,
        0.014474446885287762,
        0.012342335656285286,
        0.009673490189015865,
        0.007823940366506577
    ],
    "val_loss": [
        0.013463908806443214,
        0.007971794344484806,
        0.005528316833078861,
        0.006004028487950563,
        0.00437840074300766,
        0.0029074896592646837,
        0.0018906877376139164,
        0.0030321511439979076,
        0.003347388468682766,
        0.00148021150380373
    ],
    "mae": [
        0.3698519468307495,
        0.18316444754600525,
        0.14330260455608368,
        0.11728149652481079,
        0.10028038173913956,
        0.0883076936006546,
        0.07901017367839813,
        0.07145233452320099,
        0.060744985938072205,
        0.05293850600719452
    ],
    "val_mae": [
        0.08480122685432434,
        0.05261269584298134,
        0.0454578660428524,
        0.05209585279226303,
        0.03630358725786209,
        0.027481626719236374,
        0.019902437925338745,
        0.03199102357029915,
        0.029997633770108223,
        0.011282655410468578
    ],
    "r2_metric": [
        -61.7590446472168,
        -62.931358337402344,
        -62.86975860595703,
        -62.86522674560547,
        -62.89570617675781,
        -62.89511489868164,
        -62.89976501464844,
        -62.90592575073242,
        -62.92058181762695,
        -62.9293327331543
    ],
    "val_r2_metric": [
        -62.25421905517578,
        -61.773441314697266,
        -61.949920654296875,
        -61.90571212768555,
        -63.22597885131836,
        -62.771148681640625,
        -62.92688751220703,
        -62.25312805175781,
        -62.14814376831055,
        -63.05312728881836
    ]
}