{
    "loss": [
        0.5763109922409058,
        0.08503450453281403,
        0.06130709871649742,
        0.046320341527462006,
        0.03635285794734955,
        0.028468726202845573,
        0.023076215758919716,
        0.01935611106455326,
        0.01674596220254898,
        0.014329292811453342
    ],
    "val_loss": [
        0.02090429700911045,
        0.030508751049637794,
        0.03723477944731712,
        0.011604447849094868,
        0.016168668866157532,
        0.01055703405290842,
        0.003730225143954158,
        0.005179597996175289,
        0.007180498447269201,
        0.00812581367790699
    ],
    "mae": [
        0.4381589889526367,
        0.20506007969379425,
        0.17065753042697906,
        0.1455857753753662,
        0.12758174538612366,
        0.11075005680322647,
        0.0986468717455864,
        0.09007439017295837,
        0.08306975662708282,
        0.07546892762184143
    ],
    "val_mae": [
        0.10484184324741364,
        0.13145406544208527,
        0.14740991592407227,
        0.07833069562911987,
        0.0793474018573761,
        0.066722571849823,
        0.03070858307182789,
        0.04105158895254135,
        0.04948487877845764,
        0.052960652858018875
    ],
    "r2_metric": [
        -61.42780685424805,
        -62.976078033447266,
        -62.936214447021484,
        -62.880210876464844,
        -62.85469055175781,
        -62.87904357910156,
        -62.88617706298828,
        -62.89401626586914,
        -62.89915084838867,
        -62.91407012939453
    ],
    "val_r2_metric": [
        -62.45270538330078,
        -60.89321517944336,
        -59.86307144165039,
        -60.9454345703125,
        -60.905975341796875,
        -61.232486724853516,
        -62.829227447509766,
        -61.93500518798828,
        -61.55906677246094,
        -61.30580520629883
    ]
}