{
    "loss": [
        0.6863284111022949,
        0.09173912554979324,
        0.06685866415500641,
        0.05212865024805069,
        0.040763258934020996,
        0.03421540930867195,
        0.02868764102458954,
        0.024457227438688278,
        0.021253665909171104,
        0.01817621849477291
    ],
    "val_loss": [
        0.021408841013908386,
        0.05093589052557945,
        0.022428391501307487,
        0.018602484837174416,
        0.018231097608804703,
        0.01848466880619526,
        0.01591332070529461,
        0.011466297321021557,
        0.024500735104084015,
        0.008110481314361095
    ],
    "mae": [
        0.49461638927459717,
        0.21501463651657104,
        0.18033602833747864,
        0.15776896476745605,
        0.13811935484409332,
        0.1265675276517868,
        0.11660616099834442,
        0.10695891827344894,
        0.09872990846633911,
        0.09035427868366241
    ],
    "val_mae": [
        0.1058768555521965,
        0.177456334233284,
        0.10386824607849121,
        0.09612950682640076,
        0.09535519778728485,
        0.09343799203634262,
        0.08548244833946228,
        0.06534673273563385,
        0.10350792109966278,
        0.05210130289196968
    ],
    "r2_metric": [
        -60.689876556396484,
        -62.94091796875,
        -62.924869537353516,
        -62.882259368896484,
        -62.8350830078125,
        -62.83448791503906,
        -62.849422454833984,
        -62.85223388671875,
        -62.87183380126953,
        -62.877994537353516
    ],
    "val_r2_metric": [
        -62.1379280090332,
        -59.679019927978516,
        -60.38799285888672,
        -60.33517837524414,
        -60.15507888793945,
        -60.29507827758789,
        -60.43923568725586,
        -61.06448745727539,
        -59.976806640625,
        -61.652713775634766
    ]
}