{
    "loss": [
        0.9314419031143188,
        0.11087968945503235,
        0.08549246937036514,
        0.06839027255773544,
        0.05712001025676727,
        0.045651860535144806,
        0.03903532028198242,
        0.033328067511320114,
        0.0278018768876791,
        0.025893492624163628
    ],
    "val_loss": [
        0.018597759306430817,
        0.013828547671437263,
        0.011013833805918694,
        0.011180249974131584,
        0.011186347343027592,
        0.02172822505235672,
        0.011311275884509087,
        0.012228668667376041,
        0.016539640724658966,
        0.01099329348653555
    ],
    "mae": [
        0.5844246745109558,
        0.23676826059818268,
        0.2034914344549179,
        0.18024910986423492,
        0.16295409202575684,
        0.14383766055107117,
        0.13368776440620422,
        0.1237693652510643,
        0.11289413273334503,
        0.1092272400856018
    ],
    "val_mae": [
        0.09197815507650375,
        0.08048739284276962,
        0.07054200023412704,
        0.07167676836252213,
        0.0663565993309021,
        0.0993715450167656,
        0.07351699471473694,
        0.08144106715917587,
        0.08214078843593597,
        0.05983085185289383
    ],
    "r2_metric": [
        -60.27155303955078,
        -62.95277404785156,
        -62.981807708740234,
        -62.92241287231445,
        -62.874969482421875,
        -62.857051849365234,
        -62.82605743408203,
        -62.83159637451172,
        -62.851341247558594,
        -62.856204986572266
    ],
    "val_r2_metric": [
        -63.24588394165039,
        -63.5313606262207,
        -62.43523025512695,
        -61.71416473388672,
        -61.740848541259766,
        -60.07600021362305,
        -61.483890533447266,
        -61.133121490478516,
        -60.40362548828125,
        -61.246524810791016
    ]
}