{
    "loss": [
        1.2948049306869507,
        0.1432253122329712,
        0.10346823930740356,
        0.08563985675573349,
        0.07440498471260071,
        0.06315719336271286,
        0.05633331090211868,
        0.05011524260044098,
        0.044191595166921616,
        0.03925229236483574
    ],
    "val_loss": [
        0.07929804176092148,
        0.08782196044921875,
        0.05417109280824661,
        0.026865491643548012,
        0.02922438643872738,
        0.028779126703739166,
        0.018178392201662064,
        0.027644382789731026,
        0.017069881781935692,
        0.01903574913740158
    ],
    "mae": [
        0.7197079062461853,
        0.27634239196777344,
        0.2309735268354416,
        0.20765320956707,
        0.19310902059078217,
        0.1765356808900833,
        0.16532477736473083,
        0.15453383326530457,
        0.14485691487789154,
        0.13688969612121582
    ],
    "val_mae": [
        0.22200322151184082,
        0.2513739764690399,
        0.19772328436374664,
        0.12208133935928345,
        0.12485956400632858,
        0.1191449761390686,
        0.09194225817918777,
        0.11666533350944519,
        0.0796232745051384,
        0.09375393390655518
    ],
    "r2_metric": [
        -59.26169967651367,
        -62.782169342041016,
        -62.92418670654297,
        -62.878196716308594,
        -62.90449905395508,
        -62.87173843383789,
        -62.8635139465332,
        -62.81916046142578,
        -62.79972457885742,
        -62.80895233154297
    ],
    "val_r2_metric": [
        -62.589820861816406,
        -60.431121826171875,
        -61.63920974731445,
        -61.071163177490234,
        -60.32780075073242,
        -60.22918701171875,
        -60.458534240722656,
        -59.895896911621094,
        -60.90130615234375,
        -60.468727111816406
    ]
}