{
    "loss": [
        0.5019891262054443,
        0.07558418065309525,
        0.05402517318725586,
        0.039876412600278854,
        0.030577000230550766,
        0.0230496097356081,
        0.01863703317940235,
        0.015445597469806671,
        0.012603705748915672,
        0.010788891464471817
    ],
    "val_loss": [
        0.00914941169321537,
        0.02100183255970478,
        0.011996878311038017,
        0.007053500507026911,
        0.009802757762372494,
        0.005606090184301138,
        0.004673111252486706,
        0.003225330263376236,
        0.007464029360562563,
        0.003911862149834633
    ],
    "mae": [
        0.40607187151908875,
        0.19336813688278198,
        0.1609296053647995,
        0.1374424695968628,
        0.1195601224899292,
        0.10271185636520386,
        0.09171182662248611,
        0.08324642479419708,
        0.07398749887943268,
        0.06625643372535706
    ],
    "val_mae": [
        0.0560404509305954,
        0.10841482877731323,
        0.06909765303134918,
        0.05528135970234871,
        0.0640299990773201,
        0.04468705505132675,
        0.039651788771152496,
        0.027336208149790764,
        0.05052771791815758,
        0.030136143788695335
    ],
    "r2_metric": [
        -61.476314544677734,
        -62.96418380737305,
        -62.904109954833984,
        -62.8584098815918,
        -62.846900939941406,
        -62.869483947753906,
        -62.895992279052734,
        -62.909454345703125,
        -62.9143180847168,
        -62.906455993652344
    ],
    "val_r2_metric": [
        -62.59566879272461,
        -61.329341888427734,
        -61.22105407714844,
        -62.617950439453125,
        -61.19166564941406,
        -62.40327072143555,
        -62.14149856567383,
        -62.525001525878906,
        -61.45627975463867,
        -62.202537536621094
    ]
}