{
    "loss": [
        0.6404953002929688,
        0.08516550809144974,
        0.06069304421544075,
        0.044792212545871735,
        0.03404846042394638,
        0.02656593546271324,
        0.02100488916039467,
        0.017399774864315987,
        0.014653737656772137,
        0.012416297569870949
    ],
    "val_loss": [
        0.02807050757110119,
        0.010419982485473156,
        0.013046378269791603,
        0.018753953278064728,
        0.012416101060807705,
        0.0064094518311321735,
        0.004975984338670969,
        0.005969594232738018,
        0.01223460491746664,
        0.004008961841464043
    ],
    "mae": [
        0.45670485496520996,
        0.20534662902355194,
        0.17015625536441803,
        0.14312024414539337,
        0.12357359379529953,
        0.1087198257446289,
        0.09667512029409409,
        0.08722225576639175,
        0.07924042642116547,
        0.07241909205913544
    ],
    "val_mae": [
        0.12582138180732727,
        0.06401746720075607,
        0.07646829634904861,
        0.09543909877538681,
        0.08465559780597687,
        0.05063972994685173,
        0.04300027713179588,
        0.04787092283368111,
        0.06733598560094833,
        0.03550824522972107
    ],
    "r2_metric": [
        -61.60822677612305,
        -62.97701644897461,
        -62.90836715698242,
        -62.87535858154297,
        -62.874977111816406,
        -62.87131118774414,
        -62.881378173828125,
        -62.89873123168945,
        -62.89854049682617,
        -62.89961624145508
    ],
    "val_r2_metric": [
        -60.864078521728516,
        -61.75011444091797,
        -60.9312858581543,
        -60.44966506958008,
        -60.89557647705078,
        -61.70055389404297,
        -61.983009338378906,
        -61.572174072265625,
        -60.974422454833984,
        -62.19453811645508
    ]
}