{
    "loss": [
        1.1463791131973267,
        0.12110383063554764,
        0.09235715866088867,
        0.07862953096628189,
        0.06682436168193817,
        0.057912979274988174,
        0.049921099096536636,
        0.04480937868356705,
        0.03911353275179863,
        0.035406190901994705
    ],
    "val_loss": [
        0.04691945016384125,
        0.03248024731874466,
        0.04652112349867821,
        0.02978811413049698,
        0.029284967109560966,
        0.07280395925045013,
        0.06762876361608505,
        0.05951361730694771,
        0.07755239307880402,
        0.0742919072508812
    ],
    "mae": [
        0.6646416187286377,
        0.24913068115711212,
        0.21379613876342773,
        0.19542571902275085,
        0.17887549102306366,
        0.16411879658699036,
        0.1513940691947937,
        0.14368578791618347,
        0.1342851221561432,
        0.12751758098602295
    ],
    "val_mae": [
        0.16488133370876312,
        0.13328693807125092,
        0.16166310012340546,
        0.1257249116897583,
        0.11864807456731796,
        0.19868141412734985,
        0.188921719789505,
        0.17620661854743958,
        0.19588103890419006,
        0.1852639615535736
    ],
    "r2_metric": [
        -59.3438835144043,
        -62.92111587524414,
        -62.95672607421875,
        -62.956581115722656,
        -62.94135284423828,
        -62.93124008178711,
        -62.885353088378906,
        -62.848419189453125,
        -62.87199783325195,
        -62.84699630737305
    ],
    "val_r2_metric": [
        -60.76702880859375,
        -60.36345672607422,
        -58.96357727050781,
        -59.723751068115234,
        -59.84255599975586,
        -57.49162673950195,
        -58.10298538208008,
        -58.12002944946289,
        -57.72666549682617,
        -57.43778991699219
    ]
}