{
    "loss": [
        1.0614951848983765,
        0.12767530977725983,
        0.09539416432380676,
        0.07835983484983444,
        0.06572644412517548,
        0.05608994513750076,
        0.047904837876558304,
        0.04201122373342514,
        0.037776973098516464,
        0.033607617020606995
    ],
    "val_loss": [
        0.03370010107755661,
        0.055776361376047134,
        0.06068378686904907,
        0.022415852174162865,
        0.013728532940149307,
        0.020204665139317513,
        0.01673010177910328,
        0.008017748594284058,
        0.01369000505656004,
        0.009072378277778625
    ],
    "mae": [
        0.6512636542320251,
        0.258317768573761,
        0.21962198615074158,
        0.19716116786003113,
        0.18060044944286346,
        0.16519999504089355,
        0.15123838186264038,
        0.14096643030643463,
        0.1334250569343567,
        0.1248088926076889
    ],
    "val_mae": [
        0.1318609118461609,
        0.19395527243614197,
        0.20351757109165192,
        0.10779503732919693,
        0.07440722733736038,
        0.09776489436626434,
        0.09062506258487701,
        0.05191527307033539,
        0.07914847880601883,
        0.057172056287527084
    ],
    "r2_metric": [
        -59.24338150024414,
        -62.879886627197266,
        -62.8883171081543,
        -62.89397048950195,
        -62.86910629272461,
        -62.86445236206055,
        -62.812870025634766,
        -62.805084228515625,
        -62.79996871948242,
        -62.82095718383789
    ],
    "val_r2_metric": [
        -62.65704345703125,
        -60.740421295166016,
        -60.08002471923828,
        -60.49623107910156,
        -63.51904296875,
        -60.75859832763672,
        -61.234130859375,
        -61.85089874267578,
        -60.73570251464844,
        -61.5668830871582
    ]
}