{
    "loss": [
        2.543276786804199,
        0.2469961941242218,
        0.15979018807411194,
        0.13420827686786652,
        0.11529047787189484,
        0.10203846544027328,
        0.09566839039325714,
        0.0880807638168335,
        0.0848487988114357,
        0.07918988913297653
    ],
    "val_loss": [
        0.18751169741153717,
        0.05978407710790634,
        0.04365774244070053,
        0.030880527570843697,
        0.027803653851151466,
        0.03079073876142502,
        0.027521219104528427,
        0.023460404947400093,
        0.027864722535014153,
        0.024468474090099335
    ],
    "mae": [
        1.1399158239364624,
        0.3749117851257324,
        0.2943328022956848,
        0.26678821444511414,
        0.2445402890443802,
        0.22972123324871063,
        0.22060295939445496,
        0.21117514371871948,
        0.2064177393913269,
        0.20079964399337769
    ],
    "val_mae": [
        0.32902055978775024,
        0.16674135625362396,
        0.13278350234031677,
        0.09823322296142578,
        0.09621183574199677,
        0.10825371742248535,
        0.10113076865673065,
        0.08470966666936874,
        0.10634040832519531,
        0.09599494189023972
    ],
    "r2_metric": [
        -55.206058502197266,
        -62.21854019165039,
        -62.64653015136719,
        -62.80903625488281,
        -62.86519241333008,
        -62.90715026855469,
        -62.92688751220703,
        -62.88868713378906,
        -62.911197662353516,
        -62.94676971435547
    ],
    "val_r2_metric": [
        -61.69639587402344,
        -62.495235443115234,
        -62.92178726196289,
        -62.160160064697266,
        -62.60325622558594,
        -61.18470001220703,
        -61.0853157043457,
        -61.416725158691406,
        -61.969696044921875,
        -62.214935302734375
    ]
}