{
    "loss": [
        1.766497254371643,
        0.1646348088979721,
        0.12417848408222198,
        0.10442494601011276,
        0.09015075117349625,
        0.08033449202775955,
        0.07384073734283447,
        0.06933992356061935,
        0.06352738291025162,
        0.05925983190536499
    ],
    "val_loss": [
        0.0696980282664299,
        0.03383811190724373,
        0.01910274662077427,
        0.014835636131465435,
        0.03874412178993225,
        0.017310963943600655,
        0.016298707574605942,
        0.016268346458673477,
        0.011694459244608879,
        0.02658180706202984
    ],
    "mae": [
        0.8790282607078552,
        0.29800745844841003,
        0.2536891996860504,
        0.22982214391231537,
        0.21234847605228424,
        0.19906072318553925,
        0.1901652216911316,
        0.18461579084396362,
        0.17669391632080078,
        0.16888055205345154
    ],
    "val_mae": [
        0.18855859339237213,
        0.11807321757078171,
        0.07967619597911835,
        0.06264574080705643,
        0.14154194295406342,
        0.08128681033849716,
        0.07776165008544922,
        0.08062951266765594,
        0.058465953916311264,
        0.11879408359527588
    ],
    "r2_metric": [
        -57.791908264160156,
        -62.73774719238281,
        -62.862117767333984,
        -62.946990966796875,
        -62.949153900146484,
        -62.9181022644043,
        -62.912437438964844,
        -62.91927719116211,
        -62.9215202331543,
        -62.878753662109375
    ],
    "val_r2_metric": [
        -63.03691864013672,
        -60.803592681884766,
        -62.339271545410156,
        -62.390907287597656,
        -59.89666748046875,
        -61.643592834472656,
        -61.299739837646484,
        -61.30778503417969,
        -61.69407272338867,
        -60.569580078125
    ]
}