{
    "loss": [
        0.5115305185317993,
        0.07585252821445465,
        0.056100599467754364,
        0.04151153191924095,
        0.031927283853292465,
        0.025923747569322586,
        0.020297395065426826,
        0.016880296170711517,
        0.01354220137000084,
        0.011225612834095955
    ],
    "val_loss": [
        0.014290496706962585,
        0.030709434300661087,
        0.010102962143719196,
        0.006113930139690638,
        0.004966739099472761,
        0.004067772068083286,
        0.004175501875579357,
        0.0034920531325042248,
        0.0030305273830890656,
        0.0044548590667545795
    ],
    "mae": [
        0.40299034118652344,
        0.19255578517913818,
        0.16272872686386108,
        0.13826613128185272,
        0.1203778013586998,
        0.10810001194477081,
        0.09523738920688629,
        0.08570702373981476,
        0.07636849582195282,
        0.06777223199605942
    ],
    "val_mae": [
        0.08193234354257584,
        0.13260658085346222,
        0.058597631752491,
        0.04721552133560181,
        0.03955238685011864,
        0.0332752987742424,
        0.03524376451969147,
        0.030111869797110558,
        0.028801850974559784,
        0.03374028950929642
    ],
    "r2_metric": [
        -61.505592346191406,
        -62.982147216796875,
        -62.93443298339844,
        -62.8899040222168,
        -62.87977600097656,
        -62.891868591308594,
        -62.89823532104492,
        -62.90128707885742,
        -62.916141510009766,
        -62.91838455200195
    ],
    "val_r2_metric": [
        -64.04879760742188,
        -60.262123107910156,
        -61.57026290893555,
        -62.19136047363281,
        -62.548465728759766,
        -62.41084289550781,
        -62.007022857666016,
        -62.56142044067383,
        -62.24754333496094,
        -62.0091552734375
    ]
}