{
    "loss": [
        4.748665809631348,
        0.6667037010192871,
        0.3394298255443573,
        0.24418607354164124,
        0.20893678069114685,
        0.1861615777015686,
        0.16553980112075806,
        0.15091297030448914,
        0.14193038642406464,
        0.13292555510997772
    ],
    "val_loss": [
        0.8404413461685181,
        0.2321770191192627,
        0.12070921063423157,
        0.09224589169025421,
        0.06367641687393188,
        0.05513912811875343,
        0.08927173912525177,
        0.06157375127077103,
        0.04795170947909355,
        0.06788384914398193
    ],
    "mae": [
        1.723522424697876,
        0.6397314071655273,
        0.4430833160877228,
        0.3731652498245239,
        0.34163644909858704,
        0.31797224283218384,
        0.29765602946281433,
        0.28380274772644043,
        0.27202939987182617,
        0.2642475664615631
    ],
    "val_mae": [
        0.729150652885437,
        0.36100396513938904,
        0.24300214648246765,
        0.20893239974975586,
        0.16093450784683228,
        0.14386343955993652,
        0.23599731922149658,
        0.1731102466583252,
        0.14520983397960663,
        0.19976700842380524
    ],
    "r2_metric": [
        -52.37964630126953,
        -59.35445785522461,
        -61.599403381347656,
        -62.1627311706543,
        -62.4233512878418,
        -62.46318435668945,
        -62.58317565917969,
        -62.63153839111328,
        -62.678466796875,
        -62.76951217651367
    ],
    "val_r2_metric": [
        -55.5767707824707,
        -60.26953125,
        -61.68452835083008,
        -61.33713912963867,
        -61.426918029785156,
        -61.924339294433594,
        -60.618125915527344,
        -60.96283721923828,
        -61.40184020996094,
        -60.3603515625
    ]
}