{
    "loss": [
        0.9431570768356323,
        0.1090722307562828,
        0.08433414250612259,
        0.06957432627677917,
        0.05954126641154289,
        0.051411792635917664,
        0.04329439252614975,
        0.037401262670755386,
        0.03262864053249359,
        0.028439179062843323
    ],
    "val_loss": [
        0.06666327267885208,
        0.08685252070426941,
        0.047764766961336136,
        0.015602583065629005,
        0.032567787915468216,
        0.02290445938706398,
        0.02033689059317112,
        0.01259838417172432,
        0.013840613886713982,
        0.009106200188398361
    ],
    "mae": [
        0.5744524598121643,
        0.23500408232212067,
        0.2041298747062683,
        0.18326367437839508,
        0.16856569051742554,
        0.15610425174236298,
        0.14260227978229523,
        0.13234996795654297,
        0.12365707755088806,
        0.114259272813797
    ],
    "val_mae": [
        0.22078830003738403,
        0.24011191725730896,
        0.17688199877738953,
        0.08079082518815994,
        0.12885110080242157,
        0.10819078981876373,
        0.10050961375236511,
        0.08007962256669998,
        0.08185556530952454,
        0.06457637995481491
    ],
    "r2_metric": [
        -60.60143280029297,
        -62.955501556396484,
        -62.96327590942383,
        -62.95937728881836,
        -62.91997528076172,
        -62.88531494140625,
        -62.8532829284668,
        -62.85502243041992,
        -62.850975036621094,
        -62.86042022705078
    ],
    "val_r2_metric": [
        -62.231204986572266,
        -58.95375442504883,
        -60.64582061767578,
        -60.801185607910156,
        -59.69938278198242,
        -60.23163986206055,
        -59.9489860534668,
        -60.657283782958984,
        -60.57520294189453,
        -61.185367584228516
    ]
}