{
    "loss": [
        3.2917919158935547,
        0.4272172152996063,
        0.24056527018547058,
        0.18779966235160828,
        0.15759114921092987,
        0.13887165486812592,
        0.1274711936712265,
        0.11566557735204697,
        0.10670001059770584,
        0.10365711897611618
    ],
    "val_loss": [
        0.45628857612609863,
        0.1257948875427246,
        0.07409355789422989,
        0.05327082797884941,
        0.040569763630628586,
        0.05258699133992195,
        0.03211768716573715,
        0.029132064431905746,
        0.028602629899978638,
        0.032828234136104584
    ],
    "mae": [
        1.3840417861938477,
        0.5036404132843018,
        0.36905208230018616,
        0.32419055700302124,
        0.291692852973938,
        0.2703549861907959,
        0.2594572901725769,
        0.24638260900974274,
        0.23531755805015564,
        0.2315482795238495
    ],
    "val_mae": [
        0.5242353081703186,
        0.2515173852443695,
        0.18957394361495972,
        0.14187192916870117,
        0.11951156705617905,
        0.15410150587558746,
        0.09983202069997787,
        0.08970361948013306,
        0.0963146910071373,
        0.1131613478064537
    ],
    "r2_metric": [
        -52.73769760131836,
        -60.85636520385742,
        -62.33070755004883,
        -62.66117477416992,
        -62.75801086425781,
        -62.823909759521484,
        -62.81768798828125,
        -62.87113571166992,
        -62.90753936767578,
        -62.959129333496094
    ],
    "val_r2_metric": [
        -60.07142639160156,
        -63.10676956176758,
        -63.34975051879883,
        -62.45172119140625,
        -62.84870910644531,
        -60.75358581542969,
        -61.81800079345703,
        -62.72621154785156,
        -61.59096908569336,
        -61.75265121459961
    ]
}