{
    "loss": [
        1.3383647203445435,
        0.14486034214496613,
        0.10558468103408813,
        0.08994368463754654,
        0.07713459432125092,
        0.06527889519929886,
        0.05823361501097679,
        0.05136595293879509,
        0.04549257829785347,
        0.04164037108421326
    ],
    "val_loss": [
        0.0683792382478714,
        0.029754411429166794,
        0.03749175742268562,
        0.029206134378910065,
        0.030454913154244423,
        0.034002747386693954,
        0.021083654835820198,
        0.01286459993571043,
        0.014864332042634487,
        0.018273165449500084
    ],
    "mae": [
        0.73027104139328,
        0.2756567895412445,
        0.2313511073589325,
        0.21163229644298553,
        0.19379699230194092,
        0.1781432330608368,
        0.16566307842731476,
        0.1538274884223938,
        0.14502452313899994,
        0.13867461681365967
    ],
    "val_mae": [
        0.20290158689022064,
        0.12065166234970093,
        0.14867128431797028,
        0.12323392927646637,
        0.11962328851222992,
        0.12872211635112762,
        0.09690946340560913,
        0.07334974408149719,
        0.07480285316705704,
        0.09663506597280502
    ],
    "r2_metric": [
        -59.8338737487793,
        -62.89457702636719,
        -62.95900344848633,
        -62.94328689575195,
        -62.9378776550293,
        -62.9171257019043,
        -62.902870178222656,
        -62.86418533325195,
        -62.82525634765625,
        -62.82842254638672
    ],
    "val_r2_metric": [
        -61.026119232177734,
        -61.28645324707031,
        -60.670169830322266,
        -61.069419860839844,
        -59.93477249145508,
        -59.66590881347656,
        -61.34827423095703,
        -61.63972091674805,
        -61.086639404296875,
        -60.22495651245117
    ]
}