{
    "loss": [
        3.2955520153045654,
        0.3659899830818176,
        0.21456889808177948,
        0.17444489896297455,
        0.14622479677200317,
        0.13641779124736786,
        0.12522296607494354,
        0.11722512543201447,
        0.10661404579877853,
        0.10167781263589859
    ],
    "val_loss": [
        0.39198359847068787,
        0.10099352151155472,
        0.05753002688288689,
        0.04353632777929306,
        0.04637240618467331,
        0.033684566617012024,
        0.03064131923019886,
        0.02715611644089222,
        0.048947229981422424,
        0.029523218050599098
    ],
    "mae": [
        1.3529082536697388,
        0.4597937762737274,
        0.3442681133747101,
        0.30579623579978943,
        0.27624544501304626,
        0.2646525800228119,
        0.25365886092185974,
        0.24352262914180756,
        0.23287539184093475,
        0.22576667368412018
    ],
    "val_mae": [
        0.47925275564193726,
        0.2252071052789688,
        0.14996196329593658,
        0.12519368529319763,
        0.13924609124660492,
        0.10187359899282455,
        0.09625523537397385,
        0.08536914736032486,
        0.16513299942016602,
        0.10168854892253876
    ],
    "r2_metric": [
        -53.77492904663086,
        -61.1439094543457,
        -62.42311477661133,
        -62.65026092529297,
        -62.88220977783203,
        -62.867401123046875,
        -62.92595672607422,
        -62.9432373046875,
        -62.922481536865234,
        -62.869747161865234
    ],
    "val_r2_metric": [
        -59.260799407958984,
        -62.5717887878418,
        -62.677696228027344,
        -63.3492431640625,
        -62.74538803100586,
        -62.86799621582031,
        -61.919151306152344,
        -62.127227783203125,
        -61.26592254638672,
        -62.110198974609375
    ]
}