{
    "loss": [
        5.331543922424316,
        0.8125219345092773,
        0.4035295844078064,
        0.29482510685920715,
        0.2508620619773865,
        0.216704860329628,
        0.19344578683376312,
        0.17450754344463348,
        0.17085012793540955,
        0.14550727605819702
    ],
    "val_loss": [
        1.028668999671936,
        0.3256317675113678,
        0.15777668356895447,
        0.11874479800462723,
        0.09961394220590591,
        0.08285044878721237,
        0.08035963773727417,
        0.06209216266870499,
        0.05671146512031555,
        0.04971938952803612
    ],
    "mae": [
        1.8653677701950073,
        0.7188336253166199,
        0.48907336592674255,
        0.41452306509017944,
        0.37864208221435547,
        0.3464123010635376,
        0.328373521566391,
        0.3085784912109375,
        0.30635198950767517,
        0.28255128860473633
    ],
    "val_mae": [
        0.7789934873580933,
        0.43428051471710205,
        0.28559038043022156,
        0.24470196664333344,
        0.2220090627670288,
        0.19797353446483612,
        0.2010616511106491,
        0.16604004800319672,
        0.15768034756183624,
        0.1362891048192978
    ],
    "r2_metric": [
        -50.89860153198242,
        -57.572975158691406,
        -60.77265167236328,
        -62.04731750488281,
        -62.2729606628418,
        -62.36423873901367,
        -62.71083068847656,
        -62.53972244262695,
        -62.6477165222168,
        -62.68990707397461
    ],
    "val_r2_metric": [
        -58.014617919921875,
        -61.49718475341797,
        -63.39188766479492,
        -62.55476760864258,
        -61.683624267578125,
        -61.812278747558594,
        -60.133392333984375,
        -61.497406005859375,
        -61.85270690917969,
        -61.92654800415039
    ]
}