{
    "loss": [
        0.6058034300804138,
        0.08696958422660828,
        0.06499306112527847,
        0.05041362717747688,
        0.04017899930477142,
        0.032708555459976196,
        0.027015671133995056,
        0.021761000156402588,
        0.018684059381484985,
        0.015852268785238266
    ],
    "val_loss": [
        0.03053523786365986,
        0.04003746062517166,
        0.00905440840870142,
        0.018107550218701363,
        0.013844971545040607,
        0.009774762205779552,
        0.014790000393986702,
        0.0044046188704669476,
        0.010293649509549141,
        0.010546478442847729
    ],
    "mae": [
        0.4517102837562561,
        0.207363560795784,
        0.17754626274108887,
        0.15503068268299103,
        0.13734643161296844,
        0.12292630970478058,
        0.11097503453493118,
        0.09917256236076355,
        0.09120643138885498,
        0.08354426920413971
    ],
    "val_mae": [
        0.13468177616596222,
        0.15609247982501984,
        0.05601563677191734,
        0.09466231614351273,
        0.08467593044042587,
        0.06274203211069107,
        0.07943221926689148,
        0.0332946702837944,
        0.05847703292965889,
        0.060233958065509796
    ],
    "r2_metric": [
        -61.356224060058594,
        -62.98536682128906,
        -62.96089553833008,
        -62.90530776977539,
        -62.879539489746094,
        -62.86178970336914,
        -62.87150192260742,
        -62.88682174682617,
        -62.89921569824219,
        -62.89389419555664
    ],
    "val_r2_metric": [
        -62.153385162353516,
        -60.23932647705078,
        -62.107608795166016,
        -60.53158950805664,
        -60.589027404785156,
        -61.33434295654297,
        -60.9042854309082,
        -62.737060546875,
        -61.228919982910156,
        -61.20140075683594
    ]
}