{
    "loss": [
        1.20747709274292,
        0.13309474289417267,
        0.1005328968167305,
        0.08475058525800705,
        0.07184676826000214,
        0.06157141178846359,
        0.052941516041755676,
        0.04878278449177742,
        0.04105614125728607,
        0.03730715438723564
    ],
    "val_loss": [
        0.03646959736943245,
        0.014227875508368015,
        0.028119875118136406,
        0.013576650992035866,
        0.011264263652265072,
        0.011257436126470566,
        0.015132655389606953,
        0.012872515246272087,
        0.00997746828943491,
        0.009219841100275517
    ],
    "mae": [
        0.6756775379180908,
        0.2620604932308197,
        0.22427460551261902,
        0.2042943388223648,
        0.18711821734905243,
        0.17158207297325134,
        0.15778933465480804,
        0.15127484500408173,
        0.13891860842704773,
        0.13288365304470062
    ],
    "val_mae": [
        0.1362755447626114,
        0.06965167820453644,
        0.1262829303741455,
        0.07378830015659332,
        0.0655326321721077,
        0.06703095883131027,
        0.08457501977682114,
        0.08215930312871933,
        0.0652516558766365,
        0.06677500903606415
    ],
    "r2_metric": [
        -59.62931823730469,
        -62.883819580078125,
        -62.95983123779297,
        -62.930625915527344,
        -62.939666748046875,
        -62.887020111083984,
        -62.88589096069336,
        -62.822689056396484,
        -62.79705047607422,
        -62.807395935058594
    ],
    "val_r2_metric": [
        -60.709083557128906,
        -62.71213150024414,
        -61.498653411865234,
        -61.39908981323242,
        -61.90809631347656,
        -61.788394927978516,
        -61.0261344909668,
        -61.19893264770508,
        -61.37549591064453,
        -61.3526496887207
    ]
}