{
    "loss": [
        0.8226463794708252,
        0.1000947579741478,
        0.07415830343961716,
        0.0574190691113472,
        0.04624451696872711,
        0.03867451474070549,
        0.03203035145998001,
        0.027622420340776443,
        0.023172682151198387,
        0.02020006813108921
    ],
    "val_loss": [
        0.027876781299710274,
        0.024801699444651604,
        0.03444092348217964,
        0.04890833795070648,
        0.036175355315208435,
        0.020182302221655846,
        0.029404273256659508,
        0.01565319113433361,
        0.010709594003856182,
        0.0037160413339734077
    ],
    "mae": [
        0.5261087417602539,
        0.22281265258789062,
        0.18896803259849548,
        0.16430319845676422,
        0.14637884497642517,
        0.13367195427417755,
        0.12094637006521225,
        0.11144958436489105,
        0.10120449960231781,
        0.09453299641609192
    ],
    "val_mae": [
        0.12048536539077759,
        0.11306948214769363,
        0.13605864346027374,
        0.16278250515460968,
        0.13166768848896027,
        0.09618163853883743,
        0.11692122370004654,
        0.07866749167442322,
        0.06408019363880157,
        0.032481465488672256
    ],
    "r2_metric": [
        -60.80331039428711,
        -62.98379135131836,
        -62.93501663208008,
        -62.89306640625,
        -62.860069274902344,
        -62.85125732421875,
        -62.85231018066406,
        -62.85511016845703,
        -62.874542236328125,
        -62.880496978759766
    ],
    "val_r2_metric": [
        -60.42454147338867,
        -59.84669876098633,
        -59.81894302368164,
        -58.90908432006836,
        -58.92585372924805,
        -60.03483581542969,
        -59.25132751464844,
        -60.5819206237793,
        -61.017642974853516,
        -62.171775817871094
    ]
}