{
    "loss": [
        1.8970144987106323,
        0.19090451300144196,
        0.13311100006103516,
        0.11115554720163345,
        0.09874704480171204,
        0.0885920450091362,
        0.08182042092084885,
        0.07474794238805771,
        0.06834988296031952,
        0.063675656914711
    ],
    "val_loss": [
        0.11699406057596207,
        0.07117034494876862,
        0.02830355055630207,
        0.045625317841768265,
        0.04154258593916893,
        0.054309602826833725,
        0.024151494726538658,
        0.022530514746904373,
        0.017274290323257446,
        0.03699725493788719
    ],
    "mae": [
        0.9434924125671387,
        0.3250710368156433,
        0.2644716501235962,
        0.23830612003803253,
        0.22369545698165894,
        0.21081408858299255,
        0.20116455852985382,
        0.19254127144813538,
        0.18396781384944916,
        0.17579588294029236
    ],
    "val_mae": [
        0.24870148301124573,
        0.19643712043762207,
        0.10170108079910278,
        0.16132144629955292,
        0.14746274054050446,
        0.1816822737455368,
        0.09710412472486496,
        0.09230691939592361,
        0.07894691079854965,
        0.13588616251945496
    ],
    "r2_metric": [
        -56.44525909423828,
        -62.395565032958984,
        -62.73915100097656,
        -62.86534118652344,
        -62.86005401611328,
        -62.84074401855469,
        -62.8781623840332,
        -62.841373443603516,
        -62.84998321533203,
        -62.85552215576172
    ],
    "val_r2_metric": [
        -61.832340240478516,
        -60.093910217285156,
        -61.20911407470703,
        -60.777809143066406,
        -60.19597244262695,
        -59.98890686035156,
        -60.68992614746094,
        -60.709434509277344,
        -61.098175048828125,
        -59.311832427978516
    ]
}