{
    "loss": [
        0.44593530893325806,
        0.06563978642225266,
        0.04210614040493965,
        0.030651070177555084,
        0.02283095195889473,
        0.017920544371008873,
        0.013988446444272995,
        0.011249816045165062,
        0.00894154328852892,
        0.007012799382209778
    ],
    "val_loss": [
        0.015843508765101433,
        0.01709253527224064,
        0.013109301216900349,
        0.0034093346912413836,
        0.009860852733254433,
        0.0029102747794240713,
        0.003002745332196355,
        0.006559028290212154,
        0.00286080245859921,
        0.0026805405505001545
    ],
    "mae": [
        0.3750689625740051,
        0.17925074696540833,
        0.14199106395244598,
        0.1207781434059143,
        0.10175970941781998,
        0.0889076441526413,
        0.07829306274652481,
        0.0689682587981224,
        0.060324061661958694,
        0.05190097913146019
    ],
    "val_mae": [
        0.08859148621559143,
        0.09135673940181732,
        0.08075933903455734,
        0.030810441821813583,
        0.06260142475366592,
        0.02896793931722641,
        0.03590887412428856,
        0.04688991978764534,
        0.0301345381885767,
        0.025711117312312126
    ],
    "r2_metric": [
        -61.761043548583984,
        -62.94428634643555,
        -62.87501525878906,
        -62.85447692871094,
        -62.87571334838867,
        -62.897945404052734,
        -62.90424728393555,
        -62.915016174316406,
        -62.91957473754883,
        -62.9334831237793
    ],
    "val_r2_metric": [
        -61.35109329223633,
        -60.86886978149414,
        -61.15324020385742,
        -63.032928466796875,
        -61.22100830078125,
        -62.40605926513672,
        -63.11629867553711,
        -61.433101654052734,
        -62.39224624633789,
        -62.20458984375
    ]
}