{
    "loss": [
        3.5630061626434326,
        0.39505982398986816,
        0.22273361682891846,
        0.17062950134277344,
        0.1531199812889099,
        0.136228546500206,
        0.12476301938295364,
        0.11810941249132156,
        0.10913809388875961,
        0.0985242947936058
    ],
    "val_loss": [
        0.42671099305152893,
        0.11107298731803894,
        0.07596488296985626,
        0.05072436481714249,
        0.04012993723154068,
        0.03326999023556709,
        0.031147228553891182,
        0.02889678068459034,
        0.05121075361967087,
        0.029899323359131813
    ],
    "mae": [
        1.4277316331863403,
        0.4784638285636902,
        0.353117972612381,
        0.3070295751094818,
        0.28599730134010315,
        0.2668977379798889,
        0.2536117434501648,
        0.2460336834192276,
        0.235642209649086,
        0.22376364469528198
    ],
    "val_mae": [
        0.510358989238739,
        0.23288576304912567,
        0.18829624354839325,
        0.13682261109352112,
        0.1173115000128746,
        0.10020414739847183,
        0.09648832678794861,
        0.08902321010828018,
        0.17358598113059998,
        0.10336185991764069
    ],
    "r2_metric": [
        -53.8516845703125,
        -61.266075134277344,
        -62.417633056640625,
        -62.6430778503418,
        -62.8521614074707,
        -62.807960510253906,
        -62.8007698059082,
        -62.88263702392578,
        -62.82809829711914,
        -62.88858413696289
    ],
    "val_r2_metric": [
        -59.38541793823242,
        -60.714256286621094,
        -62.23832321166992,
        -62.772281646728516,
        -61.297607421875,
        -62.2967414855957,
        -62.957332611083984,
        -62.23371505737305,
        -61.447914123535156,
        -61.68110656738281
    ]
}