{
    "loss": [
        5.354524612426758,
        1.042374610900879,
        0.5407129526138306,
        0.3554381728172302,
        0.2571171522140503,
        0.22557231783866882,
        0.19855396449565887,
        0.1784568578004837,
        0.16272574663162231,
        0.153734028339386
    ],
    "val_loss": [
        1.2405903339385986,
        0.4632980227470398,
        0.2449459731578827,
        0.12893860042095184,
        0.10320995002985,
        0.07334970682859421,
        0.06157819926738739,
        0.06540153920650482,
        0.059942640364170074,
        0.06127876788377762
    ],
    "mae": [
        1.879381775856018,
        0.8182893991470337,
        0.5742364525794983,
        0.4598196744918823,
        0.38448432087898254,
        0.35493138432502747,
        0.332054078578949,
        0.31253188848495483,
        0.29919448494911194,
        0.290300190448761
    ],
    "val_mae": [
        0.9005032777786255,
        0.5386446714401245,
        0.36772361397743225,
        0.25811266899108887,
        0.23142829537391663,
        0.18200449645519257,
        0.16116102039813995,
        0.17286793887615204,
        0.16828413307666779,
        0.1734335869550705
    ],
    "r2_metric": [
        -50.25917053222656,
        -56.42461013793945,
        -59.83211898803711,
        -61.05438995361328,
        -61.864112854003906,
        -62.17718505859375,
        -62.43186569213867,
        -62.43581008911133,
        -62.554073333740234,
        -62.669921875
    ],
    "val_r2_metric": [
        -54.1059684753418,
        -58.78776931762695,
        -61.68326187133789,
        -61.58132553100586,
        -61.77381896972656,
        -63.86860656738281,
        -62.35185241699219,
        -62.036800384521484,
        -61.141788482666016,
        -62.375301361083984
    ]
}