{
    "loss": [
        1.3925256729125977,
        0.14763163030147552,
        0.11268344521522522,
        0.093048095703125,
        0.08220738917589188,
        0.07322730123996735,
        0.0650630071759224,
        0.057373255491256714,
        0.05149085447192192,
        0.046640001237392426
    ],
    "val_loss": [
        0.05533468350768089,
        0.025251351296901703,
        0.03317229077219963,
        0.01602913998067379,
        0.031164294108748436,
        0.027242565527558327,
        0.01615266501903534,
        0.04900926351547241,
        0.014449724927544594,
        0.014924239367246628
    ],
    "mae": [
        0.7557256817817688,
        0.2804689407348633,
        0.24034830927848816,
        0.21725507080554962,
        0.20245200395584106,
        0.18902844190597534,
        0.17613297700881958,
        0.16475501656532288,
        0.1558426320552826,
        0.14846742153167725
    ],
    "val_mae": [
        0.17606446146965027,
        0.10865122079849243,
        0.13451562821865082,
        0.07552362978458405,
        0.13984258472919464,
        0.11812440305948257,
        0.08053957670927048,
        0.15654867887496948,
        0.07685348391532898,
        0.08034831285476685
    ],
    "r2_metric": [
        -59.103721618652344,
        -62.841644287109375,
        -63.001102447509766,
        -62.97805404663086,
        -62.9665641784668,
        -62.97590637207031,
        -62.927284240722656,
        -62.92232894897461,
        -62.87434768676758,
        -62.820396423339844
    ],
    "val_r2_metric": [
        -61.81984329223633,
        -62.13798904418945,
        -60.64554214477539,
        -61.4944953918457,
        -61.7060661315918,
        -60.617488861083984,
        -61.159324645996094,
        -59.05718994140625,
        -60.9030647277832,
        -60.691810607910156
    ]
}