{
    "loss": [
        0.827183723449707,
        0.10299179702997208,
        0.07583656907081604,
        0.06174845993518829,
        0.0511922650039196,
        0.04256700724363327,
        0.03664989024400711,
        0.031796157360076904,
        0.02789532020688057,
        0.023980967700481415
    ],
    "val_loss": [
        0.022449947893619537,
        0.02340863272547722,
        0.02054194174706936,
        0.015922173857688904,
        0.0063739363104105,
        0.016343355178833008,
        0.012469165958464146,
        0.015299293212592602,
        0.009260710328817368,
        0.0037450266536325216
    ],
    "mae": [
        0.5475100874900818,
        0.22906111180782318,
        0.19398874044418335,
        0.17243897914886475,
        0.15543383359909058,
        0.14096251130104065,
        0.13042820990085602,
        0.12172996252775192,
        0.1132035180926323,
        0.10419608652591705
    ],
    "val_mae": [
        0.10298911482095718,
        0.10583283007144928,
        0.1029968410730362,
        0.08818713575601578,
        0.041641056537628174,
        0.09043046087026596,
        0.07580706477165222,
        0.09105289727449417,
        0.06534869968891144,
        0.029623428359627724
    ],
    "r2_metric": [
        -60.39219284057617,
        -62.920005798339844,
        -62.92375946044922,
        -62.90660858154297,
        -62.869224548339844,
        -62.84803009033203,
        -62.81513977050781,
        -62.838050842285156,
        -62.84563064575195,
        -62.846187591552734
    ],
    "val_r2_metric": [
        -62.72187423706055,
        -60.806434631347656,
        -61.05610656738281,
        -61.19053268432617,
        -62.55168151855469,
        -60.728904724121094,
        -60.81656265258789,
        -61.23011016845703,
        -61.687801361083984,
        -62.68626403808594
    ]
}