{
    "loss": [
        0.5914234519004822,
        0.08296963572502136,
        0.058394432067871094,
        0.043245505541563034,
        0.034361582249403,
        0.027818066999316216,
        0.022850731387734413,
        0.018934352323412895,
        0.016448358073830605,
        0.014117300510406494
    ],
    "val_loss": [
        0.03930487111210823,
        0.016705090180039406,
        0.007230066694319248,
        0.011769725009799004,
        0.019614944234490395,
        0.005484987050294876,
        0.004445150028914213,
        0.005313225090503693,
        0.003763733198866248,
        0.004352082498371601
    ],
    "mae": [
        0.44066083431243896,
        0.2022402286529541,
        0.16558606922626495,
        0.14027591049671173,
        0.12505872547626495,
        0.11148405075073242,
        0.10014732927083969,
        0.09083688259124756,
        0.0839233249425888,
        0.07712168991565704
    ],
    "val_mae": [
        0.16638991236686707,
        0.0856822207570076,
        0.049918416887521744,
        0.07585535198450089,
        0.10002397000789642,
        0.04482029005885124,
        0.03875407576560974,
        0.04250079020857811,
        0.03386453166604042,
        0.03813358396291733
    ],
    "r2_metric": [
        -61.43830871582031,
        -62.98078536987305,
        -62.91767883300781,
        -62.853145599365234,
        -62.83100128173828,
        -62.8486442565918,
        -62.87206268310547,
        -62.880767822265625,
        -62.8850212097168,
        -62.893585205078125
    ],
    "val_r2_metric": [
        -61.377403259277344,
        -60.91388702392578,
        -62.93168258666992,
        -60.88319778442383,
        -60.294403076171875,
        -61.8985595703125,
        -62.37298583984375,
        -61.90155029296875,
        -62.86008071899414,
        -62.396759033203125
    ]
}