{
    "loss": [
        1.1948821544647217,
        0.12906542420387268,
        0.09871884435415268,
        0.08195226639509201,
        0.06796801090240479,
        0.05893364176154137,
        0.05040095001459122,
        0.04379067197442055,
        0.03949561342597008,
        0.035083480179309845
    ],
    "val_loss": [
        0.028476016595959663,
        0.049358200281858444,
        0.016104478389024734,
        0.043039560317993164,
        0.018013332039117813,
        0.013801045715808868,
        0.02455485239624977,
        0.02163388580083847,
        0.02143486589193344,
        0.016651690006256104
    ],
    "mae": [
        0.6697301864624023,
        0.2601518929004669,
        0.22290478646755219,
        0.2011050581932068,
        0.18295904994010925,
        0.1674913913011551,
        0.15406738221645355,
        0.1436392217874527,
        0.13661880791187286,
        0.12934158742427826
    ],
    "val_mae": [
        0.11235999315977097,
        0.18881218135356903,
        0.08747974038124084,
        0.15805117785930634,
        0.08993864804506302,
        0.08026036620140076,
        0.11400351673364639,
        0.09805212914943695,
        0.10093162208795547,
        0.08926140516996384
    ],
    "r2_metric": [
        -60.26648712158203,
        -62.894187927246094,
        -62.936851501464844,
        -62.94792175292969,
        -62.917808532714844,
        -62.913352966308594,
        -62.881893157958984,
        -62.816776275634766,
        -62.811607360839844,
        -62.81695556640625
    ],
    "val_r2_metric": [
        -63.03179931640625,
        -61.709659576416016,
        -61.21073913574219,
        -59.46308898925781,
        -60.62051773071289,
        -61.71226501464844,
        -60.49650573730469,
        -60.1024284362793,
        -60.19251251220703,
        -60.298912048339844
    ]
}