{
    "loss": [
        0.5332133173942566,
        0.07409811019897461,
        0.05128416419029236,
        0.03790992125868797,
        0.02916542813181877,
        0.022614357993006706,
        0.017763104289770126,
        0.014566403813660145,
        0.012239565141499043,
        0.010377058759331703
    ],
    "val_loss": [
        0.04792856052517891,
        0.05031953006982803,
        0.02531948871910572,
        0.012974667362868786,
        0.014674285426735878,
        0.011003844439983368,
        0.01330492738634348,
        0.009017134085297585,
        0.003463941626250744,
        0.002361912513151765
    ],
    "mae": [
        0.4087757468223572,
        0.18961171805858612,
        0.15494166314601898,
        0.1316806972026825,
        0.1146140992641449,
        0.09968678653240204,
        0.0872902199625969,
        0.07858514785766602,
        0.07233990728855133,
        0.0653647631406784
    ],
    "val_mae": [
        0.17290295660495758,
        0.16591331362724304,
        0.1146652102470398,
        0.08371010422706604,
        0.07797114551067352,
        0.06812340021133423,
        0.06894579529762268,
        0.04984879493713379,
        0.038298554718494415,
        0.02803358994424343
    ],
    "r2_metric": [
        -61.5860710144043,
        -62.99003982543945,
        -62.91860580444336,
        -62.87496566772461,
        -62.88928985595703,
        -62.89670181274414,
        -62.90604019165039,
        -62.912174224853516,
        -62.915687561035156,
        -62.91929244995117
    ],
    "val_r2_metric": [
        -59.880271911621094,
        -58.760459899902344,
        -59.57312774658203,
        -60.79221725463867,
        -60.72703170776367,
        -61.27776336669922,
        -60.73338317871094,
        -61.41872787475586,
        -62.98686981201172,
        -62.58992385864258
    ]
}