{
    "loss": [
        0.631637692451477,
        0.08177082240581512,
        0.06115499883890152,
        0.04920818656682968,
        0.03983858972787857,
        0.032397471368312836,
        0.027648048475384712,
        0.022945044562220573,
        0.019212404265999794,
        0.01619868353009224
    ],
    "val_loss": [
        0.04321422800421715,
        0.05061449110507965,
        0.029504816979169846,
        0.039983879774808884,
        0.01843087188899517,
        0.019207945093512535,
        0.0355890654027462,
        0.012820128351449966,
        0.016240190714597702,
        0.007827626541256905
    ],
    "mae": [
        0.448711633682251,
        0.20205654203891754,
        0.17215965688228607,
        0.15185555815696716,
        0.13624823093414307,
        0.12263136357069016,
        0.11256344616413116,
        0.10189816355705261,
        0.09252487868070602,
        0.0848025307059288
    ],
    "val_mae": [
        0.16308778524398804,
        0.17897023260593414,
        0.1349163055419922,
        0.14281609654426575,
        0.09191547334194183,
        0.08792917430400848,
        0.11708888411521912,
        0.0692673772573471,
        0.07476216554641724,
        0.04915209859609604
    ],
    "r2_metric": [
        -61.19693374633789,
        -62.983455657958984,
        -62.95471954345703,
        -62.922508239746094,
        -62.88018035888672,
        -62.876434326171875,
        -62.86948776245117,
        -62.880149841308594,
        -62.891632080078125,
        -62.89215850830078
    ],
    "val_r2_metric": [
        -60.30430221557617,
        -59.61668395996094,
        -60.739200592041016,
        -58.88595199584961,
        -60.46300506591797,
        -60.35355758666992,
        -59.37501907348633,
        -60.85234069824219,
        -60.64241027832031,
        -61.45612716674805
    ]
}