{
    "loss": [
        1.0822694301605225,
        0.12931129336357117,
        0.09948436915874481,
        0.08189642429351807,
        0.06977440416812897,
        0.06060261279344559,
        0.051949333399534225,
        0.0456070676445961,
        0.04177185148000717,
        0.037454038858413696
    ],
    "val_loss": [
        0.04706139490008354,
        0.020095892250537872,
        0.020340681076049805,
        0.02604341134428978,
        0.027007203549146652,
        0.012341420166194439,
        0.026790518313646317,
        0.02576545998454094,
        0.012128328904509544,
        0.020730020478367805
    ],
    "mae": [
        0.6585714817047119,
        0.25882500410079956,
        0.22292694449424744,
        0.20121212303638458,
        0.18470238149166107,
        0.17131242156028748,
        0.1577949970960617,
        0.14725583791732788,
        0.14117427170276642,
        0.1339949071407318
    ],
    "val_mae": [
        0.15618586540222168,
        0.08686485141515732,
        0.0948655754327774,
        0.11828296631574631,
        0.10576879978179932,
        0.06307057291269302,
        0.11285999417304993,
        0.10817010700702667,
        0.06529639661312103,
        0.09809337556362152
    ],
    "r2_metric": [
        -59.245201110839844,
        -62.86811065673828,
        -62.902530670166016,
        -62.887813568115234,
        -62.85615539550781,
        -62.8375358581543,
        -62.83125686645508,
        -62.79412078857422,
        -62.77300262451172,
        -62.77487564086914
    ],
    "val_r2_metric": [
        -61.44200134277344,
        -63.52854537963867,
        -62.84760284423828,
        -60.83562469482422,
        -60.44683837890625,
        -62.148746490478516,
        -60.25412368774414,
        -60.355430603027344,
        -61.31269073486328,
        -60.807926177978516
    ]
}