{
    "loss": [
        0.8290880918502808,
        0.10068722814321518,
        0.07778140902519226,
        0.0623750165104866,
        0.05197574943304062,
        0.042835261672735214,
        0.03599337115883827,
        0.031180107966065407,
        0.027098722755908966,
        0.02317933179438114
    ],
    "val_loss": [
        0.014866801910102367,
        0.009610519744455814,
        0.007741936016827822,
        0.010771994479000568,
        0.01370676327496767,
        0.009277788922190666,
        0.00946864951401949,
        0.007542022038251162,
        0.007333077490329742,
        0.007386134006083012
    ],
    "mae": [
        0.5336456298828125,
        0.2247559279203415,
        0.19488030672073364,
        0.17217150330543518,
        0.15552900731563568,
        0.14036457240581512,
        0.12870939075946808,
        0.1194377914071083,
        0.11126529425382614,
        0.10221125930547714
    ],
    "val_mae": [
        0.07967612892389297,
        0.057385627180337906,
        0.052086617797613144,
        0.06752797216176987,
        0.07393234223127365,
        0.062459882348775864,
        0.06263331323862076,
        0.05718003958463669,
        0.051541347056627274,
        0.04617777839303017
    ],
    "r2_metric": [
        -60.60171127319336,
        -62.9869270324707,
        -62.95183181762695,
        -62.94258117675781,
        -62.891357421875,
        -62.84937286376953,
        -62.82883071899414,
        -62.84446716308594,
        -62.86150360107422,
        -62.85375213623047
    ],
    "val_r2_metric": [
        -63.07715606689453,
        -62.479366302490234,
        -62.49982452392578,
        -61.327152252197266,
        -61.068058013916016,
        -61.285736083984375,
        -61.369911193847656,
        -61.748653411865234,
        -61.74559020996094,
        -61.94677734375
    ]
}