{
    "loss": [
        1.2144429683685303,
        0.13040602207183838,
        0.09916620701551437,
        0.08342071622610092,
        0.07279332727193832,
        0.06445387005805969,
        0.05830959975719452,
        0.05156548321247101,
        0.0463063083589077,
        0.042258329689502716
    ],
    "val_loss": [
        0.05826728045940399,
        0.06061204895377159,
        0.06884341686964035,
        0.04078694432973862,
        0.030967984348535538,
        0.03217365965247154,
        0.029708825051784515,
        0.01622476428747177,
        0.05105026066303253,
        0.019992126151919365
    ],
    "mae": [
        0.6987294554710388,
        0.2630031108856201,
        0.22503091394901276,
        0.20439039170742035,
        0.18964649736881256,
        0.1789955347776413,
        0.16916033625602722,
        0.15847928822040558,
        0.14978055655956268,
        0.14261740446090698
    ],
    "val_mae": [
        0.1808663159608841,
        0.20387862622737885,
        0.22669531404972076,
        0.15028353035449982,
        0.12632465362548828,
        0.1280333399772644,
        0.1345432847738266,
        0.08700969070196152,
        0.16187052428722382,
        0.09256650507450104
    ],
    "r2_metric": [
        -58.54830551147461,
        -62.79467010498047,
        -62.89198303222656,
        -62.890872955322266,
        -62.857872009277344,
        -62.862300872802734,
        -62.858829498291016,
        -62.85933303833008,
        -62.85913848876953,
        -62.81863784790039
    ],
    "val_r2_metric": [
        -62.5888786315918,
        -61.31008529663086,
        -60.83512878417969,
        -60.11501693725586,
        -59.81084060668945,
        -59.635684967041016,
        -61.19056701660156,
        -61.659461975097656,
        -58.855995178222656,
        -60.671974182128906
    ]
}