{
    "loss": [
        8.646100044250488,
        4.435864448547363,
        1.9361929893493652,
        1.2494608163833618,
        0.9413700103759766,
        0.6951351761817932,
        0.5481809377670288,
        0.45418617129325867,
        0.3781125843524933,
        0.33489537239074707
    ],
    "val_loss": [
        5.363205432891846,
        2.525683641433716,
        1.315570592880249,
        0.8850809335708618,
        0.6200535893440247,
        0.493891179561615,
        0.38790884613990784,
        0.2908567488193512,
        0.24201032519340515,
        0.21087920665740967
    ],
    "mae": [
        2.474834680557251,
        1.8291462659835815,
        1.1416534185409546,
        0.9043347239494324,
        0.7735492587089539,
        0.6708543300628662,
        0.5845898389816284,
        0.5212509036064148,
        0.47951316833496094,
        0.4432014226913452
    ],
    "val_mae": [
        2.021540880203247,
        1.3567535877227783,
        0.9169607758522034,
        0.7501336336135864,
        0.6211932301521301,
        0.5285871028900146,
        0.45848602056503296,
        0.3884454667568207,
        0.35051092505455017,
        0.33094727993011475
    ],
    "r2_metric": [
        -63.9495849609375,
        -37.170997619628906,
        -48.617156982421875,
        -54.33485412597656,
        -56.70692443847656,
        -58.49091720581055,
        -59.81806564331055,
        -60.377166748046875,
        -60.775753021240234,
        -61.219085693359375
    ],
    "val_r2_metric": [
        -36.058902740478516,
        -37.718994140625,
        -53.157684326171875,
        -55.42959976196289,
        -56.879852294921875,
        -59.45760726928711,
        -60.13430404663086,
        -60.102779388427734,
        -60.700069427490234,
        -59.453548431396484
    ]
}