{
    "loss": [
        0.5316933989524841,
        0.08061441779136658,
        0.05727057158946991,
        0.0416291169822216,
        0.032540902495384216,
        0.024816786870360374,
        0.019720643758773804,
        0.016143271699547768,
        0.01372477039694786,
        0.011607551015913486
    ],
    "val_loss": [
        0.007974982261657715,
        0.017792031168937683,
        0.02421800047159195,
        0.013727261684834957,
        0.012716000899672508,
        0.004478045739233494,
        0.007009280379861593,
        0.010320545174181461,
        0.005472267512232065,
        0.011700218543410301
    ],
    "mae": [
        0.41234782338142395,
        0.19898845255374908,
        0.163752943277359,
        0.13746331632137299,
        0.12098905444145203,
        0.1048998013138771,
        0.09365370869636536,
        0.0840248242020607,
        0.07710448652505875,
        0.06963776051998138
    ],
    "val_mae": [
        0.055070195347070694,
        0.08883722126483917,
        0.11086956411600113,
        0.08027254045009613,
        0.07740190625190735,
        0.04101948067545891,
        0.052785489708185196,
        0.06393534690141678,
        0.04338058829307556,
        0.06537284702062607
    ],
    "r2_metric": [
        -61.7133674621582,
        -62.97563171386719,
        -62.94780731201172,
        -62.86566162109375,
        -62.862083435058594,
        -62.86933135986328,
        -62.8780403137207,
        -62.88680648803711,
        -62.88325119018555,
        -62.908416748046875
    ],
    "val_r2_metric": [
        -190.54290771484375,
        -181.79522705078125,
        -146.6961212158203,
        -131.304443359375,
        -334.1730651855469,
        -85.33616638183594,
        -75.7842025756836,
        -78.47412872314453,
        -76.31637573242188,
        -76.29197692871094
    ]
}