{
    "loss": [
        0.5442270040512085,
        0.07540032267570496,
        0.05367133766412735,
        0.041108787059783936,
        0.03195442259311676,
        0.02528022602200508,
        0.020107470452785492,
        0.01570458896458149,
        0.012132162228226662,
        0.00992476288229227
    ],
    "val_loss": [
        0.01950938254594803,
        0.03657035529613495,
        0.02085774391889572,
        0.007379094138741493,
        0.005212439224123955,
        0.009215723723173141,
        0.0050872694700956345,
        0.0024765641428530216,
        0.010101960971951485,
        0.0032973692286759615
    ],
    "mae": [
        0.41364166140556335,
        0.19116459786891937,
        0.15811695158481598,
        0.13680215179920197,
        0.12076813727617264,
        0.1059592142701149,
        0.09318552911281586,
        0.08078081160783768,
        0.07007276266813278,
        0.06275911629199982
    ],
    "val_mae": [
        0.09977373480796814,
        0.15855813026428223,
        0.10335054993629456,
        0.05368615314364433,
        0.04470732435584068,
        0.06390655785799026,
        0.03781869262456894,
        0.024065056815743446,
        0.061810240149497986,
        0.028375700116157532
    ],
    "r2_metric": [
        -61.72346878051758,
        -62.97817611694336,
        -62.929969787597656,
        -62.86626052856445,
        -62.87192153930664,
        -62.876495361328125,
        -62.88529586791992,
        -62.890926361083984,
        -62.9091796875,
        -62.90513610839844
    ],
    "val_r2_metric": [
        -61.15836715698242,
        -60.85235595703125,
        -60.09580612182617,
        -61.70370101928711,
        -62.46784973144531,
        -61.510414123535156,
        -62.23971939086914,
        -62.69932556152344,
        -61.215232849121094,
        -62.21589660644531
    ]
}