{
    "loss": [
        1.707258939743042,
        0.15740936994552612,
        0.11594807356595993,
        0.09896118938922882,
        0.08894722908735275,
        0.08163099735975266,
        0.07452776283025742,
        0.06637314707040787,
        0.06106313318014145,
        0.055654898285865784
    ],
    "val_loss": [
        0.08745002746582031,
        0.035009391605854034,
        0.02177092432975769,
        0.019947461783885956,
        0.028139203786849976,
        0.026517590507864952,
        0.015470662154257298,
        0.0179622583091259,
        0.027789300307631493,
        0.012142408639192581
    ],
    "mae": [
        0.8519089221954346,
        0.29228293895721436,
        0.24307434260845184,
        0.22151795029640198,
        0.2088097333908081,
        0.19877561926841736,
        0.1887316256761551,
        0.17772844433784485,
        0.1693362295627594,
        0.16168616712093353
    ],
    "val_mae": [
        0.21854861080646515,
        0.12868376076221466,
        0.08721349388360977,
        0.08332471549510956,
        0.1152402013540268,
        0.10987157374620438,
        0.07234033942222595,
        0.08570210635662079,
        0.1218576580286026,
        0.06523770838975906
    ],
    "r2_metric": [
        -58.14698791503906,
        -62.78301239013672,
        -62.958003997802734,
        -63.008277893066406,
        -62.93119812011719,
        -62.943336486816406,
        -62.91229248046875,
        -62.90328598022461,
        -62.908206939697266,
        -62.9047966003418
    ],
    "val_r2_metric": [
        -62.040916442871094,
        -62.19932174682617,
        -63.00474166870117,
        -61.51784133911133,
        -60.41762924194336,
        -60.29229736328125,
        -61.5501594543457,
        -61.32392120361328,
        -60.465023040771484,
        -61.93400192260742
    ]
}