{
    "loss": [
        7.0201497077941895,
        2.1868889331817627,
        1.0844768285751343,
        0.6312355399131775,
        0.4538097381591797,
        0.33837369084358215,
        0.26335009932518005,
        0.24724413454532623,
        0.22186492383480072,
        0.2032654732465744
    ],
    "val_loss": [
        3.5209882259368896,
        1.1815111637115479,
        0.6350268721580505,
        0.40078669786453247,
        0.25891557335853577,
        0.2052667737007141,
        0.18654261529445648,
        0.19327299296855927,
        0.13759849965572357,
        0.13132503628730774
    ],
    "mae": [
        2.21081280708313,
        1.203999638557434,
        0.8316103219985962,
        0.6264169812202454,
        0.5265070199966431,
        0.45012205839157104,
        0.39592188596725464,
        0.3794494867324829,
        0.3582390546798706,
        0.3419745862483978
    ],
    "val_mae": [
        1.6496143341064453,
        0.8717847466468811,
        0.6302866339683533,
        0.4805460572242737,
        0.3734138607978821,
        0.33076778054237366,
        0.323621541261673,
        0.3390585482120514,
        0.26826411485671997,
        0.2642679512500763
    ],
    "r2_metric": [
        -52.48955535888672,
        -47.62731170654297,
        -56.159332275390625,
        -58.86619567871094,
        -60.2811279296875,
        -61.235862731933594,
        -61.6293830871582,
        -62.045936584472656,
        -62.11619186401367,
        -62.19795608520508
    ],
    "val_r2_metric": [
        -35.09785461425781,
        -55.47374725341797,
        -59.25520706176758,
        -60.91197204589844,
        -61.62653350830078,
        -61.35359573364258,
        -60.45661544799805,
        -60.38809585571289,
        -60.386871337890625,
        -60.74805450439453
    ]
}