{
    "loss": [
        0.5200557112693787,
        0.0768609344959259,
        0.05204549804329872,
        0.037228163331747055,
        0.028012951835989952,
        0.021664181724190712,
        0.017391599714756012,
        0.014522796496748924,
        0.01195878442376852,
        0.009920194745063782
    ],
    "val_loss": [
        0.028128961101174355,
        0.009477352723479271,
        0.005637393333017826,
        0.005809150170534849,
        0.0062721227295696735,
        0.0049813720397651196,
        0.005935375578701496,
        0.0034392396919429302,
        0.0034198928624391556,
        0.004293818026781082
    ],
    "mae": [
        0.4109663665294647,
        0.19394269585609436,
        0.15657676756381989,
        0.13191364705562592,
        0.1135166734457016,
        0.0981215089559555,
        0.08802121132612228,
        0.08007010817527771,
        0.07119829207658768,
        0.06307628005743027
    ],
    "val_mae": [
        0.1253894865512848,
        0.06104348972439766,
        0.04461296647787094,
        0.05034276098012924,
        0.048204969614744186,
        0.0438094288110733,
        0.04507116228342056,
        0.03375357389450073,
        0.03473702073097229,
        0.0402870699763298
    ],
    "r2_metric": [
        -61.67518997192383,
        -62.96382522583008,
        -62.90829849243164,
        -62.84857940673828,
        -62.85017776489258,
        -62.87290573120117,
        -62.89459228515625,
        -62.90316390991211,
        -62.90840530395508,
        -62.918121337890625
    ],
    "val_r2_metric": [
        -60.516788482666016,
        -61.7873420715332,
        -62.08116912841797,
        -62.551876068115234,
        -62.52408981323242,
        -61.95263671875,
        -61.734500885009766,
        -62.33726119995117,
        -61.97416687011719,
        -61.94951248168945
    ]
}