{
    "loss": [
        0.5281657576560974,
        0.0760655477643013,
        0.05323135480284691,
        0.03885804861783981,
        0.028854284435510635,
        0.021815206855535507,
        0.016819167882204056,
        0.013355636037886143,
        0.010731530375778675,
        0.008717426098883152
    ],
    "val_loss": [
        0.023130200803279877,
        0.029795624315738678,
        0.043315961956977844,
        0.023277532309293747,
        0.025112351402640343,
        0.019411450251936913,
        0.014363041147589684,
        0.021944213658571243,
        0.014112883247435093,
        0.028484787791967392
    ],
    "mae": [
        0.41409599781036377,
        0.19294099509716034,
        0.15866023302078247,
        0.13533033430576324,
        0.11621672660112381,
        0.09972440451383591,
        0.08583752065896988,
        0.07525668293237686,
        0.06626293063163757,
        0.0584794357419014
    ],
    "val_mae": [
        0.11534945666790009,
        0.12507382035255432,
        0.15497641265392303,
        0.10469890385866165,
        0.11528577655553818,
        0.09751158207654953,
        0.06925106793642044,
        0.08505145460367203,
        0.0662837028503418,
        0.09414990991353989
    ],
    "r2_metric": [
        -61.461673736572266,
        -62.95668411254883,
        -62.87826919555664,
        -62.85028839111328,
        -62.863216400146484,
        -62.882205963134766,
        -62.894935607910156,
        -62.9148063659668,
        -62.92426681518555,
        -62.9346923828125
    ],
    "val_r2_metric": [
        -61.642032623291016,
        -60.18672180175781,
        -59.37984085083008,
        -59.98582077026367,
        -59.9583854675293,
        -60.4288330078125,
        -60.78477096557617,
        -60.14655303955078,
        -60.709041595458984,
        -59.82710647583008
    ]
}