{
    "loss": [
        0.4539290964603424,
        0.0674481987953186,
        0.04457391798496246,
        0.03202877193689346,
        0.02307615801692009,
        0.01775510050356388,
        0.013979882933199406,
        0.010904177092015743,
        0.008345506154000759,
        0.0065228380262851715
    ],
    "val_loss": [
        0.01004622783511877,
        0.005752758588641882,
        0.006999927572906017,
        0.005206879694014788,
        0.002807682380080223,
        0.002934499178081751,
        0.002670250367373228,
        0.0020724995993077755,
        0.004042358603328466,
        0.0014891839819028974
    ],
    "mae": [
        0.3721688687801361,
        0.17967766523361206,
        0.14261792600154877,
        0.12057683616876602,
        0.10154121369123459,
        0.08771131187677383,
        0.07607701420783997,
        0.06463640183210373,
        0.054678775370121,
        0.04677687957882881
    ],
    "val_mae": [
        0.06780003011226654,
        0.04469284042716026,
        0.05905384570360184,
        0.04750280827283859,
        0.028477270156145096,
        0.03034694492816925,
        0.026416243985295296,
        0.02149851992726326,
        0.03344235569238663,
        0.014399724081158638
    ],
    "r2_metric": [
        -61.99293518066406,
        -62.96992874145508,
        -62.88836669921875,
        -62.876651763916016,
        -62.8949089050293,
        -62.91128921508789,
        -62.917449951171875,
        -62.93074035644531,
        -62.9344596862793,
        -62.95045471191406
    ],
    "val_r2_metric": [
        -62.58300018310547,
        -63.048057556152344,
        -62.21538162231445,
        -62.05110549926758,
        -62.80462646484375,
        -62.492950439453125,
        -62.41215133666992,
        -62.82793045043945,
        -62.01033020019531,
        -62.775146484375
    ]
}