{
    "loss": [
        2.2551727294921875,
        0.21824169158935547,
        0.1508074849843979,
        0.1256508231163025,
        0.10711100697517395,
        0.09804138541221619,
        0.0883309543132782,
        0.08450429886579514,
        0.0771721825003624,
        0.07162243127822876
    ],
    "val_loss": [
        0.1257741004228592,
        0.050881996750831604,
        0.04685628414154053,
        0.038252465426921844,
        0.028353950008749962,
        0.040953997522592545,
        0.024123752489686012,
        0.029635785147547722,
        0.030613945797085762,
        0.0207524336874485
    ],
    "mae": [
        1.0417406558990479,
        0.3518386483192444,
        0.2861234247684479,
        0.2549428939819336,
        0.2330312281847,
        0.22212718427181244,
        0.21023209393024445,
        0.204856738448143,
        0.19643568992614746,
        0.18737566471099854
    ],
    "val_mae": [
        0.253360778093338,
        0.155284121632576,
        0.15416322648525238,
        0.14393307268619537,
        0.10706470906734467,
        0.1505667120218277,
        0.09811418503522873,
        0.12408936768770218,
        0.11523593962192535,
        0.09253620356321335
    ],
    "r2_metric": [
        -56.70713424682617,
        -62.50210952758789,
        -62.80769348144531,
        -62.82965850830078,
        -62.8818473815918,
        -62.88652801513672,
        -62.896934509277344,
        -62.85468673706055,
        -62.888973236083984,
        -62.8980712890625
    ],
    "val_r2_metric": [
        -63.063690185546875,
        -62.535675048828125,
        -60.533504486083984,
        -61.224605560302734,
        -60.43791961669922,
        -60.125511169433594,
        -60.50027084350586,
        -60.97298812866211,
        -59.82206344604492,
        -60.615116119384766
    ]
}