{
    "loss": [
        0.49339374899864197,
        0.06953781098127365,
        0.048412635922431946,
        0.03623519837856293,
        0.02856874279677868,
        0.0227341428399086,
        0.018479684367775917,
        0.01505796704441309,
        0.012617363594472408,
        0.010111294686794281
    ],
    "val_loss": [
        0.019714606925845146,
        0.024101972579956055,
        0.006650577299296856,
        0.008561434224247932,
        0.014939502812922001,
        0.009514113888144493,
        0.003811471862718463,
        0.003246034262701869,
        0.008532768115401268,
        0.00341866840608418
    ],
    "mae": [
        0.39944079518318176,
        0.18417884409427643,
        0.1518150120973587,
        0.13054588437080383,
        0.11516532301902771,
        0.1011279970407486,
        0.09005066007375717,
        0.0810060054063797,
        0.07345496863126755,
        0.06506412476301193
    ],
    "val_mae": [
        0.10227786004543304,
        0.1118163913488388,
        0.05374462530016899,
        0.05878780037164688,
        0.07362820208072662,
        0.05882292613387108,
        0.036444030702114105,
        0.031278688460588455,
        0.05877327919006348,
        0.02834099531173706
    ],
    "r2_metric": [
        -61.60105514526367,
        -62.94820022583008,
        -62.89506149291992,
        -62.84272384643555,
        -62.86089324951172,
        -62.8802604675293,
        -62.890655517578125,
        -62.90285873413086,
        -62.90852737426758,
        -62.92781066894531
    ],
    "val_r2_metric": [
        -62.16181945800781,
        -60.66647720336914,
        -62.23476028442383,
        -61.54948425292969,
        -60.81312942504883,
        -61.32801055908203,
        -62.171043395996094,
        -62.599246978759766,
        -61.409820556640625,
        -62.31724548339844
    ]
}