{
    "loss": [
        0.42657893896102905,
        0.06273011863231659,
        0.04269098490476608,
        0.030192436650395393,
        0.022922975942492485,
        0.017557984218001366,
        0.014310188591480255,
        0.011720651760697365,
        0.009605270810425282,
        0.007929620333015919
    ],
    "val_loss": [
        0.023229151964187622,
        0.041405290365219116,
        0.05803938955068588,
        0.024835409596562386,
        0.02456456609070301,
        0.014146707952022552,
        0.029117301106452942,
        0.011135433800518513,
        0.02146821841597557,
        0.018394652754068375
    ],
    "mae": [
        0.3636370003223419,
        0.17394420504570007,
        0.14007940888404846,
        0.11710985749959946,
        0.10158585757017136,
        0.08909375965595245,
        0.08016543835401535,
        0.07164651900529861,
        0.06332225352525711,
        0.05480649694800377
    ],
    "val_mae": [
        0.1256670504808426,
        0.14471936225891113,
        0.16129469871520996,
        0.09966431558132172,
        0.09367029368877411,
        0.07148586213588715,
        0.10008936375379562,
        0.05754723399877548,
        0.07604357600212097,
        0.07354045659303665
    ],
    "r2_metric": [
        -61.90223693847656,
        -62.95948028564453,
        -62.87226486206055,
        -62.876033782958984,
        -62.880008697509766,
        -62.89201736450195,
        -62.90678405761719,
        -62.92208480834961,
        -62.92317199707031,
        -62.9334716796875
    ],
    "val_r2_metric": [
        -61.7733154296875,
        -58.93887710571289,
        -58.10248565673828,
        -59.88157653808594,
        -59.91810989379883,
        -60.64425277709961,
        -59.59322738647461,
        -61.0838623046875,
        -60.23603439331055,
        -60.34363555908203
    ]
}