{
    "loss": [
        0.681788980960846,
        0.08692891895771027,
        0.061870891600847244,
        0.04672930762171745,
        0.036493510007858276,
        0.029162656515836716,
        0.02385721728205681,
        0.01974375918507576,
        0.01641247048974037,
        0.013296308927237988
    ],
    "val_loss": [
        0.06330618262290955,
        0.03370789438486099,
        0.03054157830774784,
        0.008924680761992931,
        0.01783270202577114,
        0.019991926848888397,
        0.016854051500558853,
        0.015265787951648235,
        0.015837186947464943,
        0.01061840821057558
    ],
    "mae": [
        0.47484323382377625,
        0.20776726305484772,
        0.1723281443119049,
        0.14818769693374634,
        0.13032220304012299,
        0.11628416925668716,
        0.10355646908283234,
        0.09335222095251083,
        0.0838455855846405,
        0.07419625669717789
    ],
    "val_mae": [
        0.21162310242652893,
        0.13736698031425476,
        0.1272931694984436,
        0.05706626549363136,
        0.08925041556358337,
        0.09508053958415985,
        0.08421214669942856,
        0.0748409852385521,
        0.0736369788646698,
        0.0581432543694973
    ],
    "r2_metric": [
        -61.327796936035156,
        -62.97078323364258,
        -62.91990280151367,
        -62.85894775390625,
        -62.827754974365234,
        -62.85470962524414,
        -62.87550735473633,
        -62.88715744018555,
        -62.89230728149414,
        -62.906707763671875
    ],
    "val_r2_metric": [
        -60.39816665649414,
        -60.287208557128906,
        -60.17709732055664,
        -61.547943115234375,
        -60.323001861572266,
        -60.277076721191406,
        -60.59595489501953,
        -60.6793212890625,
        -60.557411193847656,
        -61.08234405517578
    ]
}