{
    "loss": [
        2.168917179107666,
        0.19880621135234833,
        0.1457596868276596,
        0.11716507375240326,
        0.1029922217130661,
        0.09516390413045883,
        0.0883084312081337,
        0.08097466826438904,
        0.07406670600175858,
        0.06880974024534225
    ],
    "val_loss": [
        0.15213221311569214,
        0.05591878294944763,
        0.04015412926673889,
        0.022736160084605217,
        0.037841763347387314,
        0.01953192986547947,
        0.031511977314949036,
        0.03399457037448883,
        0.03797540068626404,
        0.0329369381070137
    ],
    "mae": [
        1.0082108974456787,
        0.33398377895355225,
        0.28003379702568054,
        0.2439902126789093,
        0.22866970300674438,
        0.2184915840625763,
        0.20885403454303741,
        0.19881382584571838,
        0.19018013775348663,
        0.18271392583847046
    ],
    "val_mae": [
        0.2953627407550812,
        0.17058797180652618,
        0.1427702009677887,
        0.08710655570030212,
        0.14038394391536713,
        0.07842227816581726,
        0.12305692583322525,
        0.1296442151069641,
        0.14249445497989655,
        0.13564206659793854
    ],
    "r2_metric": [
        -56.26997375488281,
        -62.41802978515625,
        -62.79449462890625,
        -62.82566452026367,
        -62.88190460205078,
        -62.9013557434082,
        -62.87784957885742,
        -62.87047576904297,
        -62.87698745727539,
        -62.852169036865234
    ],
    "val_r2_metric": [
        -60.90767288208008,
        -61.60127639770508,
        -61.366851806640625,
        -61.96036148071289,
        -60.67876052856445,
        -61.66991424560547,
        -60.5653076171875,
        -59.6777229309082,
        -59.98183822631836,
        -60.693790435791016
    ]
}