{
    "loss": [
        0.4481850862503052,
        0.0662456750869751,
        0.04434172064065933,
        0.030959725379943848,
        0.022663360461592674,
        0.017427606508135796,
        0.01385034155100584,
        0.011502284556627274,
        0.009285816922783852,
        0.007478339597582817
    ],
    "val_loss": [
        0.012363653630018234,
        0.010307556949555874,
        0.012139568105340004,
        0.005907053127884865,
        0.004607141949236393,
        0.01844571903347969,
        0.006632031407207251,
        0.0017940641846507788,
        0.004372366238385439,
        0.0038127857260406017
    ],
    "mae": [
        0.36714595556259155,
        0.17772674560546875,
        0.1425487995147705,
        0.11908949911594391,
        0.10140672326087952,
        0.08796074241399765,
        0.07754114270210266,
        0.06953170895576477,
        0.06204448267817497,
        0.05454849451780319
    ],
    "val_mae": [
        0.07459081709384918,
        0.07122091948986053,
        0.07795944064855576,
        0.0517200343310833,
        0.046845875680446625,
        0.08810807019472122,
        0.04897055774927139,
        0.01922590844333172,
        0.03827386349439621,
        0.03397699445486069
    ],
    "r2_metric": [
        -62.133880615234375,
        -62.93988800048828,
        -62.866939544677734,
        -62.850521087646484,
        -62.87211608886719,
        -62.89069747924805,
        -62.89897537231445,
        -62.907588958740234,
        -62.91453552246094,
        -62.926326751708984
    ],
    "val_r2_metric": [
        -60.98988342285156,
        -60.99927520751953,
        -60.630062103271484,
        -61.54912185668945,
        -62.51667022705078,
        -60.17713165283203,
        -61.505680084228516,
        -63.106266021728516,
        -61.83629608154297,
        -62.07212448120117
    ]
}