{
    "loss": [
        0.46910908818244934,
        0.06840118765830994,
        0.045077309012413025,
        0.03242546692490578,
        0.02425018511712551,
        0.018734503537416458,
        0.01539550255984068,
        0.013029172085225582,
        0.011186269111931324,
        0.009083516895771027
    ],
    "val_loss": [
        0.024105696007609367,
        0.01310756430029869,
        0.013077730312943459,
        0.006470424123108387,
        0.008368765003979206,
        0.007448343560099602,
        0.010460044257342815,
        0.007006192114204168,
        0.015597566030919552,
        0.011941421777009964
    ],
    "mae": [
        0.3881252706050873,
        0.18350641429424286,
        0.14612875878810883,
        0.12246549129486084,
        0.10498344898223877,
        0.09129698574542999,
        0.08217833191156387,
        0.07442580908536911,
        0.06743647158145905,
        0.05929351970553398
    ],
    "val_mae": [
        0.12230440974235535,
        0.07276636362075806,
        0.07814829051494598,
        0.05472181364893913,
        0.05642462521791458,
        0.05471664294600487,
        0.05996985733509064,
        0.0458572618663311,
        0.07654554396867752,
        0.057863786816596985
    ],
    "r2_metric": [
        -61.698734283447266,
        -62.92746353149414,
        -62.864383697509766,
        -62.84890365600586,
        -62.87193298339844,
        -62.879432678222656,
        -62.892555236816406,
        -62.907875061035156,
        -62.91873550415039,
        -62.921810150146484
    ],
    "val_r2_metric": [
        -61.389347076416016,
        -61.09447479248047,
        -61.12986373901367,
        -61.93205642700195,
        -61.24385452270508,
        -61.31454849243164,
        -61.09453201293945,
        -61.62137985229492,
        -60.62047576904297,
        -60.94123458862305
    ]
}