{
    "loss": [
        0.46283939480781555,
        0.06882914155721664,
        0.046198081225156784,
        0.032735083252191544,
        0.024374792352318764,
        0.01809903234243393,
        0.013661536388099194,
        0.011879384517669678,
        0.010290526784956455,
        0.009116899222135544
    ],
    "val_loss": [
        0.010878784582018852,
        0.018694870173931122,
        0.03615424036979675,
        0.011461257934570312,
        0.0251010712236166,
        0.012236641719937325,
        0.009193736128509045,
        0.007761107292026281,
        0.0039713578298687935,
        0.003213785123080015
    ],
    "mae": [
        0.3830733895301819,
        0.1841612011194229,
        0.14872752130031586,
        0.12444616109132767,
        0.10612933337688446,
        0.09005756676197052,
        0.07682516425848007,
        0.07143497467041016,
        0.06625157594680786,
        0.061884794384241104
    ],
    "val_mae": [
        0.07003790140151978,
        0.09159521758556366,
        0.14590030908584595,
        0.06981770694255829,
        0.10692998021841049,
        0.06941443681716919,
        0.05924838036298752,
        0.05391934514045715,
        0.036467794328927994,
        0.02977011539041996
    ],
    "r2_metric": [
        -61.656707763671875,
        -62.92903518676758,
        -62.87548065185547,
        -62.85329055786133,
        -62.87005615234375,
        -62.88235092163086,
        -62.905521392822266,
        -62.913185119628906,
        -62.9259147644043,
        -62.929351806640625
    ],
    "val_r2_metric": [
        -62.0624885559082,
        -60.65291976928711,
        -59.821372985839844,
        -61.27448272705078,
        -59.7748908996582,
        -60.853023529052734,
        -61.212921142578125,
        -61.377685546875,
        -61.89134979248047,
        -62.173194885253906
    ]
}