{
    "loss": [
        0.925247073173523,
        0.11195103824138641,
        0.0867796465754509,
        0.07058116048574448,
        0.0605790838599205,
        0.05122403800487518,
        0.0434667132794857,
        0.037989649921655655,
        0.033190567046403885,
        0.030277226120233536
    ],
    "val_loss": [
        0.02730526402592659,
        0.016607582569122314,
        0.01591271162033081,
        0.036560434848070145,
        0.0177057646214962,
        0.019302887842059135,
        0.013327390886843204,
        0.008076529949903488,
        0.011088588275015354,
        0.012908605858683586
    ],
    "mae": [
        0.594165563583374,
        0.2398185282945633,
        0.2084227055311203,
        0.1858101636171341,
        0.17128220200538635,
        0.15601785480976105,
        0.14364293217658997,
        0.13463236391544342,
        0.12621727585792542,
        0.11976958066225052
    ],
    "val_mae": [
        0.11331651359796524,
        0.08188774436712265,
        0.08128370344638824,
        0.1360650360584259,
        0.08368118107318878,
        0.09531975537538528,
        0.07561170309782028,
        0.0530707873404026,
        0.06681413948535919,
        0.07729410380125046
    ],
    "r2_metric": [
        -59.762725830078125,
        -62.901939392089844,
        -62.91905975341797,
        -62.88969039916992,
        -62.84741973876953,
        -62.81639099121094,
        -62.79104232788086,
        -62.77220153808594,
        -62.80281448364258,
        -62.8087158203125
    ],
    "val_r2_metric": [
        -62.635406494140625,
        -62.033870697021484,
        -61.35147476196289,
        -59.68502426147461,
        -60.77902603149414,
        -60.28569412231445,
        -61.05377960205078,
        -62.05767822265625,
        -61.313011169433594,
        -60.88056182861328
    ]
}