{
    "loss": [
        1.2758983373641968,
        0.13943660259246826,
        0.10534734278917313,
        0.08844287693500519,
        0.07525243610143661,
        0.06592173129320145,
        0.05910518020391464,
        0.0525510236620903,
        0.04533340036869049,
        0.04391533136367798
    ],
    "val_loss": [
        0.0349145233631134,
        0.04651287943124771,
        0.02175295166671276,
        0.07045194506645203,
        0.030481819063425064,
        0.03905433416366577,
        0.03132160007953644,
        0.02522343024611473,
        0.019096331670880318,
        0.013413602486252785
    ],
    "mae": [
        0.7265220880508423,
        0.27106520533561707,
        0.23115882277488708,
        0.20982514321804047,
        0.1917201429605484,
        0.17904803156852722,
        0.16865411400794983,
        0.15733934938907623,
        0.14408302307128906,
        0.14225609600543976
    ],
    "val_mae": [
        0.12771356105804443,
        0.16992618143558502,
        0.09381163865327835,
        0.21603049337863922,
        0.1283913552761078,
        0.15502333641052246,
        0.11468342691659927,
        0.11173033714294434,
        0.09775425493717194,
        0.0712815672159195
    ],
    "r2_metric": [
        -58.64661407470703,
        -62.855594635009766,
        -62.96961212158203,
        -62.96138000488281,
        -62.93267822265625,
        -62.886497497558594,
        -62.89127731323242,
        -62.876258850097656,
        -62.88444519042969,
        -62.8580207824707
    ],
    "val_r2_metric": [
        -62.475929260253906,
        -60.77717590332031,
        -60.91251754760742,
        -59.28080368041992,
        -60.547698974609375,
        -60.34940719604492,
        -59.569374084472656,
        -59.672691345214844,
        -60.013526916503906,
        -60.9500617980957
    ]
}