{
    "loss": [
        0.6422407031059265,
        0.08879917860031128,
        0.06379431486129761,
        0.046665892004966736,
        0.03704608604311943,
        0.02961060404777527,
        0.0242757648229599,
        0.02000116929411888,
        0.016924722120165825,
        0.014224818907678127
    ],
    "val_loss": [
        0.019310088828206062,
        0.011502053588628769,
        0.012384489178657532,
        0.009063107892870903,
        0.005933626089245081,
        0.014267714694142342,
        0.0035618108231574297,
        0.005602866876870394,
        0.004655155353248119,
        0.0062269177287817
    ],
    "mae": [
        0.4588962495326996,
        0.20949427783489227,
        0.17434315383434296,
        0.1480746567249298,
        0.13246913254261017,
        0.11853709071874619,
        0.10617620497941971,
        0.09485386312007904,
        0.0867951437830925,
        0.07943990081548691
    ],
    "val_mae": [
        0.09578510373830795,
        0.07224616408348083,
        0.07133743911981583,
        0.06656312197446823,
        0.04948708415031433,
        0.08574922382831573,
        0.0317847765982151,
        0.044925738126039505,
        0.03690581023693085,
        0.038161542266607285
    ],
    "r2_metric": [
        -61.34552001953125,
        -62.976192474365234,
        -62.92604064941406,
        -62.87630844116211,
        -62.84177017211914,
        -62.850486755371094,
        -62.87527847290039,
        -62.889129638671875,
        -62.90837860107422,
        -62.92047882080078
    ],
    "val_r2_metric": [
        -60.990501403808594,
        -63.48163604736328,
        -61.519859313964844,
        -62.081031799316406,
        -61.830894470214844,
        -60.5351676940918,
        -62.570335388183594,
        -61.840938568115234,
        -62.075592041015625,
        -61.909507751464844
    ]
}