{
    "loss": [
        1.5364407300949097,
        0.13929936289787292,
        0.10844259709119797,
        0.09164635837078094,
        0.08264946192502975,
        0.07359634339809418,
        0.06497417390346527,
        0.05769703909754753,
        0.04979794844985008,
        0.04522774741053581
    ],
    "val_loss": [
        0.05176502466201782,
        0.03434239700436592,
        0.030036330223083496,
        0.05040735751390457,
        0.016981953755021095,
        0.021465463563799858,
        0.023201338946819305,
        0.024606827646493912,
        0.02518484927713871,
        0.023642484098672867
    ],
    "mae": [
        0.7746907472610474,
        0.2699849009513855,
        0.23526449501514435,
        0.21446552872657776,
        0.20180808007717133,
        0.1886070966720581,
        0.17743761837482452,
        0.16556911170482635,
        0.15327563881874084,
        0.1458633989095688
    ],
    "val_mae": [
        0.1600056141614914,
        0.13137058913707733,
        0.12038720399141312,
        0.18244484066963196,
        0.08110839873552322,
        0.09768389910459518,
        0.10333792120218277,
        0.11132508516311646,
        0.10984935611486435,
        0.10329858958721161
    ],
    "r2_metric": [
        -59.897621154785156,
        -62.891082763671875,
        -62.98384475708008,
        -62.95347213745117,
        -62.943851470947266,
        -62.91050720214844,
        -62.90863800048828,
        -62.887577056884766,
        -62.88228988647461,
        -62.83967208862305
    ],
    "val_r2_metric": [
        -60.93314743041992,
        -62.47072982788086,
        -62.8131217956543,
        -60.639434814453125,
        -61.32072448730469,
        -61.775306701660156,
        -60.32279586791992,
        -60.51003646850586,
        -60.269466400146484,
        -60.441200256347656
    ]
}