{
    "loss": [
        1.4008207321166992,
        0.1565631926059723,
        0.11595577001571655,
        0.09947354346513748,
        0.08702228963375092,
        0.07692962139844894,
        0.06841457635164261,
        0.05972808972001076,
        0.05484994500875473,
        0.0474819652736187
    ],
    "val_loss": [
        0.08160478621721268,
        0.038030799478292465,
        0.02601609192788601,
        0.01795577071607113,
        0.021034756675362587,
        0.027136845514178276,
        0.021950500085949898,
        0.019311407580971718,
        0.018316801637411118,
        0.03645649924874306
    ],
    "mae": [
        0.7734613418579102,
        0.29056674242019653,
        0.24556800723075867,
        0.2261326014995575,
        0.20932777225971222,
        0.19691431522369385,
        0.18496952950954437,
        0.1724405586719513,
        0.16460083425045013,
        0.15115287899971008
    ],
    "val_mae": [
        0.20275135338306427,
        0.13299688696861267,
        0.1013902872800827,
        0.07659640908241272,
        0.09402995556592941,
        0.11898454278707504,
        0.09419889748096466,
        0.08964064717292786,
        0.08324011415243149,
        0.14392149448394775
    ],
    "r2_metric": [
        -57.5203742980957,
        -62.697242736816406,
        -62.888877868652344,
        -62.88749694824219,
        -62.853431701660156,
        -62.90439224243164,
        -62.900447845458984,
        -62.88896560668945,
        -62.87827682495117,
        -62.8685302734375
    ],
    "val_r2_metric": [
        -64.49853515625,
        -61.61702346801758,
        -62.17033767700195,
        -62.19044494628906,
        -61.88957595825195,
        -61.303810119628906,
        -60.842620849609375,
        -61.78179168701172,
        -61.13624572753906,
        -60.09804916381836
    ]
}