{
    "loss": [
        0.4437936544418335,
        0.07176162302494049,
        0.04894309118390083,
        0.03490343689918518,
        0.025805149227380753,
        0.02044711820781231,
        0.016600433737039566,
        0.013626787811517715,
        0.01065531000494957,
        0.008164787665009499
    ],
    "val_loss": [
        0.012446293607354164,
        0.0072683063335716724,
        0.007774588651955128,
        0.0091239083558321,
        0.0034075235016644,
        0.002808201592415571,
        0.0030329490546137094,
        0.0035236121620982885,
        0.002827486488968134,
        0.0019881711341440678
    ],
    "mae": [
        0.3753119111061096,
        0.18601593375205994,
        0.15052221715450287,
        0.12637098133563995,
        0.10736366361379623,
        0.09471965581178665,
        0.08515790849924088,
        0.0758974477648735,
        0.06532661616802216,
        0.055093131959438324
    ],
    "val_mae": [
        0.07630524784326553,
        0.05600225180387497,
        0.06183523312211037,
        0.06534353643655777,
        0.03418213874101639,
        0.03287675604224205,
        0.03486814722418785,
        0.03773735463619232,
        0.02856331318616867,
        0.027316460385918617
    ],
    "r2_metric": [
        -61.83695983886719,
        -62.970863342285156,
        -62.887359619140625,
        -62.867496490478516,
        -62.88787078857422,
        -62.895782470703125,
        -62.905731201171875,
        -62.911354064941406,
        -62.9176025390625,
        -62.926475524902344
    ],
    "val_r2_metric": [
        -61.65435028076172,
        -61.85756301879883,
        -61.36567306518555,
        -61.17566680908203,
        -63.14982223510742,
        -62.61311721801758,
        -62.221126556396484,
        -62.32321548461914,
        -62.24229049682617,
        -63.002681732177734
    ]
}