{
    "loss": [
        0.4787353575229645,
        0.0724264457821846,
        0.04953039810061455,
        0.0353473462164402,
        0.026695042848587036,
        0.020825045183300972,
        0.0171652864664793,
        0.014166099019348621,
        0.011540498584508896,
        0.009288659319281578
    ],
    "val_loss": [
        0.008460599929094315,
        0.01762906089425087,
        0.010248183272778988,
        0.010075230151414871,
        0.006721798330545425,
        0.0038127077277749777,
        0.008476141840219498,
        0.005714001599699259,
        0.0031662066467106342,
        0.003953844308853149
    ],
    "mae": [
        0.3835258185863495,
        0.18725517392158508,
        0.15276405215263367,
        0.12785190343856812,
        0.10987590253353119,
        0.09616345167160034,
        0.0869831070303917,
        0.07810091227293015,
        0.06876331567764282,
        0.06044282019138336
    ],
    "val_mae": [
        0.05954763665795326,
        0.09676076471805573,
        0.0689002275466919,
        0.06408046185970306,
        0.052301980555057526,
        0.03675717115402222,
        0.053387220948934555,
        0.04373219609260559,
        0.031391341239213943,
        0.0340861901640892
    ],
    "r2_metric": [
        -61.82611083984375,
        -62.967655181884766,
        -62.89631652832031,
        -62.86559295654297,
        -62.891563415527344,
        -62.89124298095703,
        -62.89521026611328,
        -62.906463623046875,
        -62.916805267333984,
        -62.92209243774414
    ],
    "val_r2_metric": [
        -62.11695861816406,
        -61.00490188598633,
        -61.11994552612305,
        -61.3381462097168,
        -61.516971588134766,
        -62.936344146728516,
        -61.27045440673828,
        -61.674373626708984,
        -62.08821105957031,
        -61.875831604003906
    ]
}