{
    "loss": [
        0.5068737268447876,
        0.07509606331586838,
        0.05070709064602852,
        0.03701913729310036,
        0.027452683076262474,
        0.02112019807100296,
        0.01720886118710041,
        0.014549417421221733,
        0.01247822679579258,
        0.01010977104306221
    ],
    "val_loss": [
        0.01995249278843403,
        0.009735784493386745,
        0.008918344043195248,
        0.0064844656735658646,
        0.005116508807986975,
        0.004970351234078407,
        0.01276372279971838,
        0.012382805347442627,
        0.006103217601776123,
        0.0032626863103359938
    ],
    "mae": [
        0.39782196283340454,
        0.19045448303222656,
        0.15377412736415863,
        0.1311587542295456,
        0.11084098368883133,
        0.09559421241283417,
        0.08566617220640182,
        0.07879965007305145,
        0.0728786364197731,
        0.06438767910003662
    ],
    "val_mae": [
        0.11028764396905899,
        0.0643673688173294,
        0.06827445328235626,
        0.05233609303832054,
        0.046612609177827835,
        0.040241505950689316,
        0.07224427908658981,
        0.06748509407043457,
        0.0501101091504097,
        0.034269750118255615
    ],
    "r2_metric": [
        -61.7770881652832,
        -62.98300552368164,
        -62.9141845703125,
        -62.85777282714844,
        -62.876216888427734,
        -62.895721435546875,
        -62.9023323059082,
        -62.90381622314453,
        -62.91129684448242,
        -62.92680740356445
    ],
    "val_r2_metric": [
        -61.887840270996094,
        -61.17362976074219,
        -62.361061096191406,
        -62.561180114746094,
        -62.11642837524414,
        -61.89976501464844,
        -60.840538024902344,
        -60.961761474609375,
        -61.546695709228516,
        -62.33428955078125
    ]
}