{
    "loss": [
        0.608475387096405,
        0.08908744156360626,
        0.06550657749176025,
        0.050619594752788544,
        0.03902575373649597,
        0.03166944533586502,
        0.02613099105656147,
        0.021370209753513336,
        0.018009906634688377,
        0.015635520219802856
    ],
    "val_loss": [
        0.009287400171160698,
        0.008811174891889095,
        0.00814604852348566,
        0.006250063888728619,
        0.022349756211042404,
        0.0044242884032428265,
        0.004495530389249325,
        0.006643256172537804,
        0.0034139775671064854,
        0.002414975082501769
    ],
    "mae": [
        0.4480013847351074,
        0.20952671766281128,
        0.17632092535495758,
        0.15330013632774353,
        0.13439932465553284,
        0.12142987549304962,
        0.10959327965974808,
        0.09820839017629623,
        0.0897817611694336,
        0.0833657756447792
    ],
    "val_mae": [
        0.057607460767030716,
        0.05878125876188278,
        0.05484461411833763,
        0.0452459491789341,
        0.11382471024990082,
        0.040811389684677124,
        0.041957881301641464,
        0.05340264365077019,
        0.03359892964363098,
        0.022485999390482903
    ],
    "r2_metric": [
        -61.6913948059082,
        -63.02341842651367,
        -62.96303176879883,
        -62.90989685058594,
        -62.87082290649414,
        -62.86041259765625,
        -62.87250900268555,
        -62.8936767578125,
        -62.903934478759766,
        -62.8928108215332
    ],
    "val_r2_metric": [
        -62.921051025390625,
        -62.921974182128906,
        -62.44874954223633,
        -62.67970657348633,
        -60.54874801635742,
        -62.18488311767578,
        -62.12954330444336,
        -61.61415100097656,
        -61.997249603271484,
        -62.560157775878906
    ]
}