{
    "loss": [
        0.7217076420783997,
        0.09641918540000916,
        0.07267782837152481,
        0.05711633339524269,
        0.04720781743526459,
        0.03945948928594589,
        0.03269830346107483,
        0.02774222195148468,
        0.024245725944638252,
        0.020969687029719353
    ],
    "val_loss": [
        0.0231959018856287,
        0.035173021256923676,
        0.025462262332439423,
        0.014567744918167591,
        0.018475789576768875,
        0.029972385615110397,
        0.01209864392876625,
        0.01037017535418272,
        0.01476878672838211,
        0.009242566302418709
    ],
    "mae": [
        0.5026355981826782,
        0.21999846398830414,
        0.1888621598482132,
        0.16552616655826569,
        0.149788036942482,
        0.13620205223560333,
        0.12355054169893265,
        0.11203691363334656,
        0.10298916697502136,
        0.09571757167577744
    ],
    "val_mae": [
        0.10261634737253189,
        0.14030328392982483,
        0.11444401741027832,
        0.08164633810520172,
        0.09478133171796799,
        0.12933044135570526,
        0.06817776709794998,
        0.0650654286146164,
        0.07564452290534973,
        0.0555846206843853
    ],
    "r2_metric": [
        -60.57221603393555,
        -62.941253662109375,
        -62.9203987121582,
        -62.87558364868164,
        -62.83000183105469,
        -62.80171585083008,
        -62.830406188964844,
        -62.854305267333984,
        -62.870452880859375,
        -62.8735237121582
    ],
    "val_r2_metric": [
        -61.476173400878906,
        -60.04084777832031,
        -60.44154739379883,
        -60.927589416503906,
        -60.15131759643555,
        -59.835811614990234,
        -61.078163146972656,
        -61.15532302856445,
        -60.7940788269043,
        -61.33055114746094
    ]
}