{
    "loss": [
        1.3310818672180176,
        0.12739285826683044,
        0.09761682897806168,
        0.083051897585392,
        0.07325082272291183,
        0.06406067311763763,
        0.057106178253889084,
        0.05059444159269333,
        0.046170637011528015,
        0.04150717332959175
    ],
    "val_loss": [
        0.053664423525333405,
        0.026874534785747528,
        0.035996098071336746,
        0.025076773017644882,
        0.022178804501891136,
        0.021036187186837196,
        0.019820520654320717,
        0.02163884975016117,
        0.04113908112049103,
        0.020846402272582054
    ],
    "mae": [
        0.7051946520805359,
        0.2560141980648041,
        0.22060877084732056,
        0.20201410353183746,
        0.18864257633686066,
        0.17527858912944794,
        0.16451947391033173,
        0.15442509949207306,
        0.14562834799289703,
        0.13813182711601257
    ],
    "val_mae": [
        0.17522813379764557,
        0.10990890115499496,
        0.13421231508255005,
        0.1090821847319603,
        0.10163953900337219,
        0.09419288486242294,
        0.09681450575590134,
        0.09817041456699371,
        0.14211802184581757,
        0.09822224825620651
    ],
    "r2_metric": [
        -60.150634765625,
        -62.85575485229492,
        -62.962249755859375,
        -62.94374084472656,
        -62.923362731933594,
        -62.926185607910156,
        -62.90446853637695,
        -62.86305236816406,
        -62.85076141357422,
        -62.808353424072266
    ],
    "val_r2_metric": [
        -60.96847915649414,
        -60.83461380004883,
        -60.11595153808594,
        -60.638370513916016,
        -60.24460983276367,
        -60.362308502197266,
        -60.25018310546875,
        -60.19453811645508,
        -59.21415710449219,
        -60.1931037902832
    ]
}