{
    "loss": [
        0.7144355177879333,
        0.09396536648273468,
        0.07054871320724487,
        0.057934049516916275,
        0.04710840433835983,
        0.03934763744473457,
        0.033396534621715546,
        0.028246333822607994,
        0.023879365995526314,
        0.020540552213788033
    ],
    "val_loss": [
        0.011687060818076134,
        0.01210460253059864,
        0.016170034185051918,
        0.009619440883398056,
        0.027413716539740562,
        0.011408219113945961,
        0.005803272593766451,
        0.00708939740434289,
        0.008386459201574326,
        0.005027619656175375
    ],
    "mae": [
        0.4875270128250122,
        0.21595272421836853,
        0.1839270442724228,
        0.16453516483306885,
        0.14639972150325775,
        0.13318823277950287,
        0.12337296456098557,
        0.11316491663455963,
        0.1037440374493599,
        0.09588193893432617
    ],
    "val_mae": [
        0.06838399916887283,
        0.07037448137998581,
        0.09170352667570114,
        0.062035832554101944,
        0.12162987887859344,
        0.06653464585542679,
        0.043010108172893524,
        0.04951609671115875,
        0.05655501037836075,
        0.037553634494543076
    ],
    "r2_metric": [
        -61.3115119934082,
        -62.99519729614258,
        -62.97283935546875,
        -62.93038558959961,
        -62.90888214111328,
        -62.88977813720703,
        -62.863956451416016,
        -62.87440490722656,
        -62.88136672973633,
        -62.87811279296875
    ],
    "val_r2_metric": [
        -63.20025634765625,
        -61.964637756347656,
        -61.57035827636719,
        -61.59596252441406,
        -60.00601577758789,
        -61.2822380065918,
        -62.526947021484375,
        -61.59943771362305,
        -61.51921081542969,
        -62.19668960571289
    ]
}