{
    "loss": [
        1.074514389038086,
        0.1176048219203949,
        0.08920606970787048,
        0.07689662277698517,
        0.06385212391614914,
        0.054979681968688965,
        0.04808333143591881,
        0.04018029198050499,
        0.03810675069689751,
        0.03557991608977318
    ],
    "val_loss": [
        0.02732503041625023,
        0.013864602893590927,
        0.015955913811922073,
        0.032377470284700394,
        0.02376163750886917,
        0.02427091635763645,
        0.038193270564079285,
        0.0506284274160862,
        0.035781342536211014,
        0.02371636964380741
    ],
    "mae": [
        0.645159125328064,
        0.24541303515434265,
        0.2107384204864502,
        0.19356438517570496,
        0.17461836338043213,
        0.15969353914260864,
        0.14908269047737122,
        0.13556192815303802,
        0.13241387903690338,
        0.12809549272060394
    ],
    "val_mae": [
        0.11100353300571442,
        0.07013795524835587,
        0.08646485954523087,
        0.1262199878692627,
        0.10800415277481079,
        0.10909568518400192,
        0.13596361875534058,
        0.1649695485830307,
        0.12722082436084747,
        0.10745039582252502
    ],
    "r2_metric": [
        -59.38108444213867,
        -62.89529037475586,
        -62.95258331298828,
        -62.911441802978516,
        -62.916725158691406,
        -62.874393463134766,
        -62.85630798339844,
        -62.873687744140625,
        -62.861839294433594,
        -62.85564422607422
    ],
    "val_r2_metric": [
        -63.292724609375,
        -62.82257843017578,
        -61.13219451904297,
        -59.908287048339844,
        -60.130001068115234,
        -60.072696685791016,
        -59.3626708984375,
        -58.835479736328125,
        -59.052642822265625,
        -59.71302795410156
    ]
}