{
    "loss": [
        1.4702364206314087,
        0.1441657990217209,
        0.10531087964773178,
        0.08957409113645554,
        0.07771719247102737,
        0.0656406357884407,
        0.05928521975874901,
        0.051799897104501724,
        0.045524924993515015,
        0.041681159287691116
    ],
    "val_loss": [
        0.07613956928253174,
        0.05432713404297829,
        0.024787867441773415,
        0.045033253729343414,
        0.01887580379843712,
        0.03072398155927658,
        0.03996787592768669,
        0.04546722024679184,
        0.018656868487596512,
        0.010888137854635715
    ],
    "mae": [
        0.7726202607154846,
        0.27486303448677063,
        0.23189926147460938,
        0.21220311522483826,
        0.19645380973815918,
        0.1802176982164383,
        0.16981589794158936,
        0.15818309783935547,
        0.14737039804458618,
        0.14083151519298553
    ],
    "val_mae": [
        0.21811722218990326,
        0.18807238340377808,
        0.11506117135286331,
        0.17096227407455444,
        0.09122731536626816,
        0.12684012949466705,
        0.14685410261154175,
        0.16672129929065704,
        0.09333612769842148,
        0.0673951655626297
    ],
    "r2_metric": [
        -58.88072204589844,
        -62.841487884521484,
        -62.927940368652344,
        -62.91541290283203,
        -62.92240905761719,
        -62.87960433959961,
        -62.833126068115234,
        -62.866886138916016,
        -62.83989334106445,
        -62.808311462402344
    ],
    "val_r2_metric": [
        -60.69752502441406,
        -60.82893753051758,
        -62.181270599365234,
        -60.64218521118164,
        -61.43916320800781,
        -60.14004135131836,
        -59.12976837158203,
        -59.65034484863281,
        -60.334041595458984,
        -61.976226806640625
    ]
}