{
    "loss": [
        0.9350865483283997,
        0.12199635058641434,
        0.09222191572189331,
        0.07455158978700638,
        0.061777424067258835,
        0.053528085350990295,
        0.04586247354745865,
        0.040188174694776535,
        0.03560193255543709,
        0.031397342681884766
    ],
    "val_loss": [
        0.036151010543107986,
        0.04506732150912285,
        0.05575638636946678,
        0.034535858780145645,
        0.06206667423248291,
        0.041987281292676926,
        0.029053734615445137,
        0.04545634984970093,
        0.027680395171046257,
        0.02439211681485176
    ],
    "mae": [
        0.6068423986434937,
        0.2516717314720154,
        0.21555177867412567,
        0.19309575855731964,
        0.1745663583278656,
        0.16078773140907288,
        0.14691875874996185,
        0.13716061413288116,
        0.12912924587726593,
        0.12050235271453857
    ],
    "val_mae": [
        0.13201069831848145,
        0.1679440438747406,
        0.19798167049884796,
        0.13757406175136566,
        0.20456552505493164,
        0.15526221692562103,
        0.11825679987668991,
        0.15376780927181244,
        0.11368607729673386,
        0.10787510871887207
    ],
    "r2_metric": [
        -59.75040817260742,
        -62.861846923828125,
        -62.90142822265625,
        -62.89806365966797,
        -62.892730712890625,
        -62.8565788269043,
        -62.83417892456055,
        -62.829078674316406,
        -62.812705993652344,
        -62.85023880004883
    ],
    "val_r2_metric": [
        -780.4228515625,
        -748.125732421875,
        -1266.7584228515625,
        -273.56866455078125,
        -774.8106689453125,
        -161.14964294433594,
        -134.88662719726562,
        -69.59626007080078,
        -288.765380859375,
        -115.83226776123047
    ]
}