{
    "loss": [
        0.6259425282478333,
        0.08797881007194519,
        0.06407828629016876,
        0.04866776615381241,
        0.03657599166035652,
        0.029588989913463593,
        0.023248959332704544,
        0.020740311592817307,
        0.018733803182840347,
        0.01687769964337349
    ],
    "val_loss": [
        0.021508172154426575,
        0.04829360172152519,
        0.04317358881235123,
        0.04297635704278946,
        0.05805002525448799,
        0.03884866088628769,
        0.06488783657550812,
        0.06610889732837677,
        0.07348248362541199,
        0.061754774302244186
    ],
    "mae": [
        0.46114853024482727,
        0.2100139856338501,
        0.17563462257385254,
        0.15141864120960236,
        0.1303183138370514,
        0.11675215512514114,
        0.10215491056442261,
        0.09671386331319809,
        0.09151419997215271,
        0.08686648309230804
    ],
    "val_mae": [
        0.10469172894954681,
        0.17118841409683228,
        0.1554834246635437,
        0.14737676084041595,
        0.16976943612098694,
        0.1323515623807907,
        0.1676442176103592,
        0.1654597967863083,
        0.16766752302646637,
        0.15233047306537628
    ],
    "r2_metric": [
        -61.1656379699707,
        -62.96584701538086,
        -62.909603118896484,
        -62.846519470214844,
        -62.849021911621094,
        -62.83815383911133,
        -62.86993408203125,
        -62.87155532836914,
        -62.86978530883789,
        -62.881675720214844
    ],
    "val_r2_metric": [
        -60.92825698852539,
        -59.618045806884766,
        -59.416290283203125,
        -58.56262969970703,
        -57.77116012573242,
        -58.848365783691406,
        -58.09284210205078,
        -57.95710372924805,
        -57.82062911987305,
        -58.10336685180664
    ]
}