{
    "loss": [
        0.6075930595397949,
        0.08438396453857422,
        0.06331978738307953,
        0.04885457083582878,
        0.03843449801206589,
        0.031005069613456726,
        0.024533940479159355,
        0.02201581932604313,
        0.019872866570949554,
        0.018030639737844467
    ],
    "val_loss": [
        0.01464176271110773,
        0.01607595756649971,
        0.020492566749453545,
        0.01870712824165821,
        0.01933944784104824,
        0.022821681573987007,
        0.0069556147791445255,
        0.005093282088637352,
        0.004677450750023127,
        0.006672380026429892
    ],
    "mae": [
        0.4480490982532501,
        0.20532089471817017,
        0.17467007040977478,
        0.15103596448898315,
        0.1330452412366867,
        0.11913836747407913,
        0.1047406941652298,
        0.09929017722606659,
        0.09388907998800278,
        0.08914700150489807
    ],
    "val_mae": [
        0.08378312736749649,
        0.08898806571960449,
        0.10180267691612244,
        0.09806744009256363,
        0.0952407494187355,
        0.10567547380924225,
        0.05148511007428169,
        0.04172130301594734,
        0.040943365544080734,
        0.04828430712223053
    ],
    "r2_metric": [
        -61.28738021850586,
        -62.97745132446289,
        -62.945701599121094,
        -62.898536682128906,
        -62.85662078857422,
        -62.857295989990234,
        -62.871273040771484,
        -62.89360427856445,
        -62.89408493041992,
        -62.8905143737793
    ],
    "val_r2_metric": [
        -62.354801177978516,
        -60.93986129760742,
        -60.520870208740234,
        -60.486873626708984,
        -60.540565490722656,
        -59.833370208740234,
        -61.532718658447266,
        -61.99092483520508,
        -62.14345169067383,
        -61.641395568847656
    ]
}