{
    "loss": [
        0.8150557279586792,
        0.10529355704784393,
        0.0817883238196373,
        0.06787051260471344,
        0.05601969361305237,
        0.04746721312403679,
        0.03986986353993416,
        0.03456917405128479,
        0.029689788818359375,
        0.025554219260811806
    ],
    "val_loss": [
        0.045142192393541336,
        0.019154980778694153,
        0.010359092615544796,
        0.015220928005874157,
        0.009625826962292194,
        0.014493540860712528,
        0.013809739612042904,
        0.008618180640041828,
        0.010999482125043869,
        0.01987207494676113
    ],
    "mae": [
        0.5338475704193115,
        0.23001380264759064,
        0.19950130581855774,
        0.1801242083311081,
        0.1621774137020111,
        0.14854077994823456,
        0.13612359762191772,
        0.12646795809268951,
        0.11682315170764923,
        0.10752358287572861
    ],
    "val_mae": [
        0.16306014358997345,
        0.09601730108261108,
        0.059752147644758224,
        0.08042115718126297,
        0.06077316403388977,
        0.07979851216077805,
        0.08214219659566879,
        0.05929192155599594,
        0.06645907461643219,
        0.08954112976789474
    ],
    "r2_metric": [
        -60.693153381347656,
        -62.96408462524414,
        -62.971778869628906,
        -62.943946838378906,
        -62.920387268066406,
        -62.88397979736328,
        -62.84154510498047,
        -62.845611572265625,
        -62.86001205444336,
        -62.863624572753906
    ],
    "val_r2_metric": [
        -61.382545471191406,
        -62.40266799926758,
        -61.90835189819336,
        -61.1037483215332,
        -61.47639465332031,
        -60.72224807739258,
        -60.733543395996094,
        -61.659969329833984,
        -61.13492202758789,
        -60.13908386230469
    ]
}