{
    "loss": [
        3.5349552631378174,
        0.5100800395011902,
        0.2461879551410675,
        0.1827791929244995,
        0.1565604954957962,
        0.1388426125049591,
        0.1280648112297058,
        0.11493287980556488,
        0.10871607810258865,
        0.10393497347831726
    ],
    "val_loss": [
        0.6663029193878174,
        0.15430814027786255,
        0.08027853816747665,
        0.07346009463071823,
        0.06095779314637184,
        0.03610384091734886,
        0.03792043402791023,
        0.05071127787232399,
        0.032491009682416916,
        0.030627643689513206
    ],
    "mae": [
        1.4342973232269287,
        0.5514844059944153,
        0.36976760625839233,
        0.3158528506755829,
        0.2847146689891815,
        0.26844269037246704,
        0.2589600682258606,
        0.24340344965457916,
        0.23715738952159882,
        0.23106656968593597
    ],
    "val_mae": [
        0.6289538741111755,
        0.2784694731235504,
        0.18221844732761383,
        0.18868914246559143,
        0.170183002948761,
        0.10360690951347351,
        0.11921164393424988,
        0.15697920322418213,
        0.10868844389915466,
        0.10230009257793427
    ],
    "r2_metric": [
        -52.04079055786133,
        -59.66129684448242,
        -61.82059860229492,
        -62.3239631652832,
        -62.52594757080078,
        -62.59494400024414,
        -62.70232009887695,
        -62.770111083984375,
        -62.699337005615234,
        -62.765499114990234
    ],
    "val_r2_metric": [
        -58.68992614746094,
        -61.47675704956055,
        -63.066558837890625,
        -61.07225036621094,
        -61.79304504394531,
        -63.13523483276367,
        -62.83404541015625,
        -62.98441696166992,
        -61.49287796020508,
        -62.52162551879883
    ]
}