{
    "loss": [
        0.5354763865470886,
        0.08029010146856308,
        0.05733027309179306,
        0.04246078431606293,
        0.03303954005241394,
        0.02570457197725773,
        0.02110639400780201,
        0.01809248887002468,
        0.015474377200007439,
        0.013296508230268955
    ],
    "val_loss": [
        0.013213478960096836,
        0.01707175374031067,
        0.008297394029796124,
        0.007340566720813513,
        0.012956607155501842,
        0.006080689374357462,
        0.004193410277366638,
        0.0035310613457113504,
        0.004493515007197857,
        0.002693516667932272
    ],
    "mae": [
        0.42147549986839294,
        0.19989396631717682,
        0.16625644266605377,
        0.1423540860414505,
        0.12473490834236145,
        0.10800690203905106,
        0.09617101401090622,
        0.08901447802782059,
        0.08226080238819122,
        0.07566031068563461
    ],
    "val_mae": [
        0.07933083176612854,
        0.100861094892025,
        0.06014318764209747,
        0.05977150797843933,
        0.08284187316894531,
        0.05141984298825264,
        0.036957982927560806,
        0.03477427735924721,
        0.04028252512216568,
        0.02897634357213974
    ],
    "r2_metric": [
        -61.669376373291016,
        -62.98249053955078,
        -62.89039611816406,
        -62.863216400146484,
        -62.8549690246582,
        -62.86899948120117,
        -62.884605407714844,
        -62.8968505859375,
        -62.90178298950195,
        -62.902889251708984
    ],
    "val_r2_metric": [
        -61.350486755371094,
        -62.34333419799805,
        -61.93551254272461,
        -61.553924560546875,
        -61.22602844238281,
        -61.68437576293945,
        -62.02542495727539,
        -62.32510757446289,
        -61.90110778808594,
        -62.68190002441406
    ]
}