{
    "loss": [
        0.48497411608695984,
        0.06987792998552322,
        0.04808758944272995,
        0.035456303507089615,
        0.027144022285938263,
        0.020873231813311577,
        0.016469640657305717,
        0.013031678274273872,
        0.010555407963693142,
        0.008762083947658539
    ],
    "val_loss": [
        0.010823743417859077,
        0.022464944049715996,
        0.009141551330685616,
        0.022666865959763527,
        0.007801078259944916,
        0.0064596268348395824,
        0.010364561341702938,
        0.009213718585669994,
        0.007363707758486271,
        0.009021741338074207
    ],
    "mae": [
        0.38770127296447754,
        0.1833539605140686,
        0.1500975489616394,
        0.1281071901321411,
        0.11198405176401138,
        0.09722305089235306,
        0.08538345247507095,
        0.07544439285993576,
        0.0672655925154686,
        0.0601276196539402
    ],
    "val_mae": [
        0.06936638802289963,
        0.11458433419466019,
        0.06148884445428848,
        0.10591869801282883,
        0.05636509507894516,
        0.0473191924393177,
        0.057361915707588196,
        0.053711626678705215,
        0.05242621526122093,
        0.05180608108639717
    ],
    "r2_metric": [
        -61.676700592041016,
        -62.944862365722656,
        -62.88105010986328,
        -62.85411071777344,
        -62.86679458618164,
        -62.89408493041992,
        -62.89067840576172,
        -62.904544830322266,
        -62.91650390625,
        -62.92047119140625
    ],
    "val_r2_metric": [
        -62.319332122802734,
        -61.02616882324219,
        -61.59992980957031,
        -60.27680206298828,
        -61.584686279296875,
        -61.650550842285156,
        -61.180389404296875,
        -61.194175720214844,
        -61.533267974853516,
        -61.36992263793945
    ]
}