{
    "loss": [
        0.6125810146331787,
        0.08215541392564774,
        0.057798393070697784,
        0.04302630573511124,
        0.03311878815293312,
        0.02488241158425808,
        0.020201725885272026,
        0.01643412932753563,
        0.013660040684044361,
        0.011428632773458958
    ],
    "val_loss": [
        0.009595653042197227,
        0.013276099227368832,
        0.018285570666193962,
        0.016632216051220894,
        0.00931362621486187,
        0.009876401163637638,
        0.006193958222866058,
        0.00928807258605957,
        0.006626726593822241,
        0.006432765629142523
    ],
    "mae": [
        0.44700726866722107,
        0.20091189444065094,
        0.16496829688549042,
        0.1405133157968521,
        0.12314123660326004,
        0.10586149245500565,
        0.09433556348085403,
        0.08490817993879318,
        0.07606568187475204,
        0.06760043650865555
    ],
    "val_mae": [
        0.060157660394907,
        0.08286664634943008,
        0.09224728494882584,
        0.09477077424526215,
        0.057758331298828125,
        0.059393420815467834,
        0.04503820091485977,
        0.05536353588104248,
        0.04577276110649109,
        0.04330088943243027
    ],
    "r2_metric": [
        -61.60933303833008,
        -62.970375061035156,
        -62.89408493041992,
        -62.853633880615234,
        -62.84534454345703,
        -62.875732421875,
        -62.880470275878906,
        -62.889610290527344,
        -62.89076614379883,
        -62.896636962890625
    ],
    "val_r2_metric": [
        -62.62215805053711,
        -61.1634407043457,
        -60.416961669921875,
        -60.207210540771484,
        -61.28634262084961,
        -61.300960540771484,
        -61.821197509765625,
        -61.29470443725586,
        -61.65210723876953,
        -61.76695251464844
    ]
}