{
    "loss": [
        4.540435314178467,
        0.6553894877433777,
        0.3086015284061432,
        0.22210922837257385,
        0.18310262262821198,
        0.16296592354774475,
        0.15181218087673187,
        0.1392069160938263,
        0.1324118673801422,
        0.12341750413179398
    ],
    "val_loss": [
        0.8921738266944885,
        0.2181822955608368,
        0.10448000580072403,
        0.14529737830162048,
        0.055256541818380356,
        0.04988456517457962,
        0.05391545966267586,
        0.060185156762599945,
        0.036048777401447296,
        0.06341203302145004
    ],
    "mae": [
        1.6874860525131226,
        0.6378152370452881,
        0.42480939626693726,
        0.3548441231250763,
        0.3198027014732361,
        0.2970973253250122,
        0.28598400950431824,
        0.27289918065071106,
        0.264692097902298,
        0.254002183675766
    ],
    "val_mae": [
        0.7416138052940369,
        0.3543199598789215,
        0.22274087369441986,
        0.2945747673511505,
        0.1498505175113678,
        0.1406584531068802,
        0.1550489366054535,
        0.17713521420955658,
        0.11279642581939697,
        0.19231940805912018
    ],
    "r2_metric": [
        -51.368412017822266,
        -58.81790542602539,
        -61.33797836303711,
        -62.11732482910156,
        -62.26258850097656,
        -62.47629165649414,
        -62.536293029785156,
        -62.59682083129883,
        -62.61143112182617,
        -62.651634216308594
    ],
    "val_r2_metric": [
        -55.19027328491211,
        -58.74479293823242,
        -60.747344970703125,
        -58.198516845703125,
        -62.26616287231445,
        -61.58073806762695,
        -60.725433349609375,
        -60.82380294799805,
        -62.059906005859375,
        -60.243377685546875
    ]
}