{
    "loss": [
        1.425119400024414,
        0.13947437703609467,
        0.10589037835597992,
        0.09013081341981888,
        0.07734895497560501,
        0.0701446458697319,
        0.06195458024740219,
        0.05520807206630707,
        0.04987142235040665,
        0.0444999523460865
    ],
    "val_loss": [
        0.05382373183965683,
        0.04216260462999344,
        0.040442921221256256,
        0.026873191818594933,
        0.02802753634750843,
        0.027230022475123405,
        0.02429700829088688,
        0.009282643906772137,
        0.025652436539530754,
        0.011335550807416439
    ],
    "mae": [
        0.7537547945976257,
        0.2713112235069275,
        0.23133070766925812,
        0.21146182715892792,
        0.19443829357624054,
        0.18460513651371002,
        0.1727348268032074,
        0.16249220073223114,
        0.15379463136196136,
        0.14482930302619934
    ],
    "val_mae": [
        0.16725410521030426,
        0.15885931253433228,
        0.1456035077571869,
        0.11482996493577957,
        0.12152678519487381,
        0.11480413377285004,
        0.09933853149414062,
        0.05043824389576912,
        0.11045074462890625,
        0.07289834320545197
    ],
    "r2_metric": [
        -59.43498229980469,
        -62.8782844543457,
        -62.97628402709961,
        -62.960289001464844,
        -62.92634963989258,
        -62.90456771850586,
        -62.90067672729492,
        -62.8505744934082,
        -62.859745025634766,
        -62.81019592285156
    ],
    "val_r2_metric": [
        -62.39224624633789,
        -61.9594841003418,
        -60.012691497802734,
        -60.406917572021484,
        -60.7352294921875,
        -59.989654541015625,
        -60.1337776184082,
        -62.75758743286133,
        -59.809791564941406,
        -61.27946472167969
    ]
}