{
    "loss": [
        0.7012972235679626,
        0.09091257303953171,
        0.06813941150903702,
        0.05132712796330452,
        0.04060075059533119,
        0.03322655335068703,
        0.02695506438612938,
        0.022659150883555412,
        0.019645962864160538,
        0.017205318436026573
    ],
    "val_loss": [
        0.011494418606162071,
        0.014026369899511337,
        0.011221055872738361,
        0.006578019820153713,
        0.008043156005442142,
        0.006800246890634298,
        0.005306413397192955,
        0.0034593679010868073,
        0.004297215491533279,
        0.0028538082260638475
    ],
    "mae": [
        0.48160025477409363,
        0.2130758911371231,
        0.1815381497144699,
        0.15554797649383545,
        0.13728810846805573,
        0.1246093139052391,
        0.11118687689304352,
        0.10106724500656128,
        0.0937027707695961,
        0.08747466653585434
    ],
    "val_mae": [
        0.06585027277469635,
        0.07757588475942612,
        0.0664699524641037,
        0.04790009558200836,
        0.05528445914387703,
        0.05128798261284828,
        0.04488326236605644,
        0.029746467247605324,
        0.038642093539237976,
        0.025550590828061104
    ],
    "r2_metric": [
        -61.31501007080078,
        -62.97718811035156,
        -62.929378509521484,
        -62.89502716064453,
        -62.8444709777832,
        -62.85476303100586,
        -62.85901641845703,
        -62.87268829345703,
        -62.88510513305664,
        -62.88787841796875
    ],
    "val_r2_metric": [
        -62.557430267333984,
        -61.45430374145508,
        -61.282875061035156,
        -62.645816802978516,
        -61.852352142333984,
        -61.803977966308594,
        -62.106292724609375,
        -62.853309631347656,
        -62.561100006103516,
        -63.103515625
    ]
}