{
    "loss": [
        2.0736873149871826,
        0.1900562196969986,
        0.1358584761619568,
        0.11405551433563232,
        0.1007690578699112,
        0.09140465408563614,
        0.08449006080627441,
        0.07549512386322021,
        0.0712643414735794,
        0.06382215023040771
    ],
    "val_loss": [
        0.12852679193019867,
        0.03711879253387451,
        0.02958587370812893,
        0.031520944088697433,
        0.02473648078739643,
        0.03509090468287468,
        0.027384918183088303,
        0.040040627121925354,
        0.028555775061249733,
        0.02860027365386486
    ],
    "mae": [
        0.9691713452339172,
        0.3214294910430908,
        0.2658710479736328,
        0.24103786051273346,
        0.22630278766155243,
        0.21352702379226685,
        0.20543783903121948,
        0.1929253786802292,
        0.18646496534347534,
        0.17643484473228455
    ],
    "val_mae": [
        0.25349271297454834,
        0.11247320473194122,
        0.10678648948669434,
        0.11940848082304001,
        0.09915418177843094,
        0.12916386127471924,
        0.11420178413391113,
        0.15734905004501343,
        0.11887481063604355,
        0.11652354151010513
    ],
    "r2_metric": [
        -57.686790466308594,
        -62.498226165771484,
        -62.799461364746094,
        -62.91688919067383,
        -62.90789031982422,
        -62.91404724121094,
        -62.89115524291992,
        -62.88579559326172,
        -62.89946365356445,
        -62.90122985839844
    ],
    "val_r2_metric": [
        -61.96074295043945,
        -62.83213424682617,
        -61.501155853271484,
        -61.127994537353516,
        -61.073883056640625,
        -60.15589141845703,
        -62.18488311767578,
        -60.83088684082031,
        -60.62157440185547,
        -60.261680603027344
    ]
}