{
    "loss": [
        0.6808960437774658,
        0.08579156547784805,
        0.06313081830739975,
        0.048845212906599045,
        0.038899701088666916,
        0.03176479414105415,
        0.026922479271888733,
        0.02240045554935932,
        0.019377095624804497,
        0.017012247815728188
    ],
    "val_loss": [
        0.017389290034770966,
        0.023805327713489532,
        0.02257186733186245,
        0.016238676384091377,
        0.009588758461177349,
        0.007348720449954271,
        0.00578248780220747,
        0.014995565637946129,
        0.008454769849777222,
        0.006891645025461912
    ],
    "mae": [
        0.4682905972003937,
        0.2047298550605774,
        0.1731327772140503,
        0.15007536113262177,
        0.132429838180542,
        0.11948146671056747,
        0.10831523686647415,
        0.09850111603736877,
        0.090898297727108,
        0.08441771566867828
    ],
    "val_mae": [
        0.09364905208349228,
        0.11660871654748917,
        0.10912130028009415,
        0.08582311868667603,
        0.05962592363357544,
        0.048343475908041,
        0.04596487805247307,
        0.07672584056854248,
        0.05635441467165947,
        0.05059866979718208
    ],
    "r2_metric": [
        -61.460941314697266,
        -62.9793701171875,
        -62.958248138427734,
        -62.88774490356445,
        -62.852699279785156,
        -62.86386489868164,
        -62.88579559326172,
        -62.885074615478516,
        -62.88914489746094,
        -62.8951530456543
    ],
    "val_r2_metric": [
        -1015.9777221679688,
        -547.5313720703125,
        -1734.011474609375,
        -1958.8289794921875,
        -384.6242370605469,
        -83.01162719726562,
        -368.37677001953125,
        -298.39324951171875,
        -507.8139953613281,
        -419.9179382324219
    ]
}