{
    "loss": [
        0.7010990381240845,
        0.08516182005405426,
        0.06291333585977554,
        0.04898368939757347,
        0.03810833394527435,
        0.03155868127942085,
        0.02582963928580284,
        0.021168651059269905,
        0.018043672665953636,
        0.01580028422176838
    ],
    "val_loss": [
        0.03903435543179512,
        0.029210031032562256,
        0.03680918365716934,
        0.02964894101023674,
        0.02082826942205429,
        0.019243115559220314,
        0.011533201672136784,
        0.011764769442379475,
        0.020786669105291367,
        0.03572927787899971
    ],
    "mae": [
        0.48133429884910583,
        0.20742002129554749,
        0.17508062720298767,
        0.15251605212688446,
        0.13474637269973755,
        0.12244073301553726,
        0.10963394492864609,
        0.09836915880441666,
        0.09060276299715042,
        0.08455658704042435
    ],
    "val_mae": [
        0.16185012459754944,
        0.12717007100582123,
        0.14246352016925812,
        0.11418810486793518,
        0.09551574289798737,
        0.0947139784693718,
        0.07319146394729614,
        0.07469674199819565,
        0.08909780532121658,
        0.12068244069814682
    ],
    "r2_metric": [
        -60.956451416015625,
        -62.95594787597656,
        -62.92094421386719,
        -62.86837387084961,
        -62.81470489501953,
        -62.83191680908203,
        -62.84807586669922,
        -62.86162185668945,
        -62.877193450927734,
        -62.884578704833984
    ],
    "val_r2_metric": [
        -61.849849700927734,
        -60.589813232421875,
        -59.76026916503906,
        -59.729496002197266,
        -60.377296447753906,
        -60.589595794677734,
        -60.98192596435547,
        -61.13985824584961,
        -60.351593017578125,
        -59.43965148925781
    ]
}