{
    "loss": [
        1.6713428497314453,
        0.15976539254188538,
        0.11923975497484207,
        0.10096123814582825,
        0.09114669263362885,
        0.08184190094470978,
        0.07428909838199615,
        0.06700203567743301,
        0.061613619327545166,
        0.05591866746544838
    ],
    "val_loss": [
        0.058007776737213135,
        0.02820318005979061,
        0.033999938517808914,
        0.018967675045132637,
        0.0371166430413723,
        0.015223043970763683,
        0.01555758435279131,
        0.011716077104210854,
        0.025206787511706352,
        0.01664559170603752
    ],
    "mae": [
        0.8383361101150513,
        0.29337969422340393,
        0.24799518287181854,
        0.22488634288311005,
        0.2127985954284668,
        0.19948352873325348,
        0.18927259743213654,
        0.1793053150177002,
        0.17093828320503235,
        0.16266584396362305
    ],
    "val_mae": [
        0.16618947684764862,
        0.10804770886898041,
        0.1408492624759674,
        0.0807570070028305,
        0.14647184312343597,
        0.06842833757400513,
        0.07670658826828003,
        0.055265311151742935,
        0.11777786165475845,
        0.08678188920021057
    ],
    "r2_metric": [
        -59.20690155029297,
        -62.75852966308594,
        -62.94055938720703,
        -62.94638442993164,
        -62.9817008972168,
        -62.918758392333984,
        -62.92896270751953,
        -62.8825798034668,
        -62.878231048583984,
        -62.8577766418457
    ],
    "val_r2_metric": [
        -63.31550598144531,
        -62.66090393066406,
        -61.55087661743164,
        -62.416316986083984,
        -60.69304656982422,
        -62.4923210144043,
        -62.10957336425781,
        -62.56914520263672,
        -61.44557571411133,
        -60.58590316772461
    ]
}