{
    "loss": [
        1.3975942134857178,
        0.14558292925357819,
        0.10957761108875275,
        0.09139205515384674,
        0.0794016644358635,
        0.0698757991194725,
        0.06275016814470291,
        0.05656474828720093,
        0.05050835758447647,
        0.046252235770225525
    ],
    "val_loss": [
        0.04447567090392113,
        0.023709923028945923,
        0.01981394737958908,
        0.01843976229429245,
        0.04223793372511864,
        0.04251162335276604,
        0.03768187016248703,
        0.023695679381489754,
        0.014846562407910824,
        0.017083289101719856
    ],
    "mae": [
        0.7564793825149536,
        0.27858832478523254,
        0.2364722490310669,
        0.2127217948436737,
        0.1974143534898758,
        0.18400734663009644,
        0.17378973960876465,
        0.1636178195476532,
        0.15407884120941162,
        0.14707568287849426
    ],
    "val_mae": [
        0.1484951674938202,
        0.09931879490613937,
        0.08982788771390915,
        0.08470730483531952,
        0.16499626636505127,
        0.16218990087509155,
        0.1409829556941986,
        0.10625062137842178,
        0.07766759395599365,
        0.08808145672082901
    ],
    "r2_metric": [
        -58.66643524169922,
        -62.86482620239258,
        -62.97798538208008,
        -62.963138580322266,
        -62.93093490600586,
        -62.89374542236328,
        -62.902278900146484,
        -62.888587951660156,
        -62.86071014404297,
        -62.83283615112305
    ],
    "val_r2_metric": [
        -62.78731155395508,
        -61.22035217285156,
        -62.71863555908203,
        -61.8021354675293,
        -60.630889892578125,
        -60.175899505615234,
        -59.65305709838867,
        -60.25947570800781,
        -60.97504425048828,
        -60.455081939697266
    ]
}