{
    "loss": [
        0.5895656943321228,
        0.0850311666727066,
        0.06021657586097717,
        0.04480457678437233,
        0.03416895493865013,
        0.027409976348280907,
        0.021963894367218018,
        0.017791511490941048,
        0.015062968246638775,
        0.012712026946246624
    ],
    "val_loss": [
        0.014781184494495392,
        0.01858258806169033,
        0.013249385170638561,
        0.010029983706772327,
        0.011672036722302437,
        0.011444208212196827,
        0.008344823494553566,
        0.003342330688610673,
        0.005080948118120432,
        0.006204833742231131
    ],
    "mae": [
        0.4456689655780792,
        0.20484989881515503,
        0.16933803260326385,
        0.14459507167339325,
        0.12673169374465942,
        0.11258012056350708,
        0.09951026737689972,
        0.0887988805770874,
        0.08138403296470642,
        0.07444126904010773
    ],
    "val_mae": [
        0.08099314570426941,
        0.09217682480812073,
        0.07396957278251648,
        0.06358233839273453,
        0.07245732098817825,
        0.06755483150482178,
        0.05522601678967476,
        0.027697723358869553,
        0.04176698252558708,
        0.04453672841191292
    ],
    "r2_metric": [
        -61.31415939331055,
        -62.96198654174805,
        -62.908016204833984,
        -62.84800338745117,
        -62.83417510986328,
        -62.84822463989258,
        -62.86442947387695,
        -62.87287902832031,
        -62.888092041015625,
        -62.903385162353516
    ],
    "val_r2_metric": [
        -61.85112762451172,
        -61.04939651489258,
        -61.446075439453125,
        -61.500762939453125,
        -60.8857536315918,
        -61.12263488769531,
        -61.61171340942383,
        -62.62992858886719,
        -62.04441452026367,
        -61.738243103027344
    ]
}