{
    "loss": [
        0.4802400469779968,
        0.07282208651304245,
        0.05159327760338783,
        0.037433162331581116,
        0.028934946283698082,
        0.022644171491265297,
        0.018946876749396324,
        0.016090625897049904,
        0.013486916199326515,
        0.011454015038907528
    ],
    "val_loss": [
        0.029250100255012512,
        0.013198616914451122,
        0.013831377029418945,
        0.010081815533339977,
        0.009344728663563728,
        0.0036655208095908165,
        0.004435722716152668,
        0.004297150298953056,
        0.004543514456599951,
        0.0025950525887310505
    ],
    "mae": [
        0.3908587694168091,
        0.18806327879428864,
        0.156918004155159,
        0.1326872855424881,
        0.11625286191701889,
        0.10120368748903275,
        0.09143131971359253,
        0.08394186943769455,
        0.07636111229658127,
        0.06940421462059021
    ],
    "val_mae": [
        0.14119134843349457,
        0.07706256210803986,
        0.08864065259695053,
        0.07449185848236084,
        0.06356190890073776,
        0.03229915723204613,
        0.04080875962972641,
        0.03579242527484894,
        0.035156939178705215,
        0.02510443702340126
    ],
    "r2_metric": [
        -61.684906005859375,
        -62.970863342285156,
        -62.91510009765625,
        -62.84693145751953,
        -62.859100341796875,
        -62.877742767333984,
        -62.89277648925781,
        -62.90312576293945,
        -62.91023254394531,
        -62.911170959472656
    ],
    "val_r2_metric": [
        -62.74843978881836,
        -61.35887908935547,
        -61.80034255981445,
        -61.78428649902344,
        -61.47456359863281,
        -62.262962341308594,
        -61.96356201171875,
        -61.924888610839844,
        -61.87886428833008,
        -62.22141647338867
    ]
}