{
    "loss": [
        1.1118427515029907,
        0.133887380361557,
        0.10160735249519348,
        0.08214793354272842,
        0.0701882466673851,
        0.062130045145750046,
        0.053297147154808044,
        0.04727169871330261,
        0.04182816669344902,
        0.036548372358083725
    ],
    "val_loss": [
        0.029258206486701965,
        0.029419302940368652,
        0.046949777752161026,
        0.026827052235603333,
        0.026541398838162422,
        0.022738302126526833,
        0.020245032384991646,
        0.016769424080848694,
        0.019992107525467873,
        0.011284147389233112
    ],
    "mae": [
        0.6657437682151794,
        0.26301345229148865,
        0.22592636942863464,
        0.20131593942642212,
        0.18528607487678528,
        0.17348097264766693,
        0.15986940264701843,
        0.15086236596107483,
        0.1426127403974533,
        0.13335752487182617
    ],
    "val_mae": [
        0.1126534566283226,
        0.12081649899482727,
        0.16751691699028015,
        0.1169537678360939,
        0.12247257679700851,
        0.10842238366603851,
        0.09860711544752121,
        0.09133651852607727,
        0.10653474181890488,
        0.07122467458248138
    ],
    "r2_metric": [
        -59.63239288330078,
        -62.8942756652832,
        -62.94356918334961,
        -62.93034362792969,
        -62.88639450073242,
        -62.8530387878418,
        -62.85126876831055,
        -62.82518005371094,
        -62.80098342895508,
        -62.79926681518555
    ],
    "val_r2_metric": [
        -62.710323333740234,
        -62.40171432495117,
        -59.940494537353516,
        -60.44851303100586,
        -60.974849700927734,
        -60.75336837768555,
        -60.70354461669922,
        -60.269290924072266,
        -60.22303771972656,
        -61.197479248046875
    ]
}