{
    "loss": [
        1.6812995672225952,
        0.1769118309020996,
        0.12875621020793915,
        0.1087735965847969,
        0.0967034101486206,
        0.08799315243959427,
        0.07950129359960556,
        0.07346086204051971,
        0.06623817980289459,
        0.0627724900841713
    ],
    "val_loss": [
        0.10232018679380417,
        0.027993218973279,
        0.02327118068933487,
        0.02513938397169113,
        0.02467392385005951,
        0.01981736719608307,
        0.018139472231268883,
        0.013034691102802753,
        0.02172083966434002,
        0.017980733886361122
    ],
    "mae": [
        0.877302348613739,
        0.31008490920066833,
        0.25734037160873413,
        0.2347611039876938,
        0.22009241580963135,
        0.20832891762256622,
        0.19795142114162445,
        0.19040600955486298,
        0.17964708805084229,
        0.17491620779037476
    ],
    "val_mae": [
        0.23445741832256317,
        0.09481498599052429,
        0.08901277929544449,
        0.1074250116944313,
        0.1033904030919075,
        0.0922609195113182,
        0.08386032283306122,
        0.059535007923841476,
        0.08922235667705536,
        0.08476704359054565
    ],
    "r2_metric": [
        -56.63045120239258,
        -62.409584045410156,
        -62.807498931884766,
        -62.901668548583984,
        -62.909400939941406,
        -62.89243698120117,
        -62.899986267089844,
        -62.8677864074707,
        -62.87244415283203,
        -62.87602233886719
    ],
    "val_r2_metric": [
        -62.1867561340332,
        -62.93904113769531,
        -64.2457046508789,
        -61.72802734375,
        -61.427635192871094,
        -61.8303108215332,
        -61.91667175292969,
        -62.31431579589844,
        -60.63820266723633,
        -60.9691047668457
    ]
}