{
    "loss": [
        1.8836991786956787,
        0.18739944696426392,
        0.13619600236415863,
        0.110805943608284,
        0.09933141618967056,
        0.08636880666017532,
        0.08052275329828262,
        0.07409650832414627,
        0.06665957719087601,
        0.06269750744104385
    ],
    "val_loss": [
        0.09669725596904755,
        0.029399480670690536,
        0.028809985145926476,
        0.020480060949921608,
        0.02181793935596943,
        0.019160840660333633,
        0.019840870052576065,
        0.019001824781298637,
        0.019173691049218178,
        0.02400783821940422
    ],
    "mae": [
        0.941597580909729,
        0.31982579827308655,
        0.2656368017196655,
        0.23761549592018127,
        0.22250989079475403,
        0.2078201323747635,
        0.19859755039215088,
        0.18979664146900177,
        0.1788989007472992,
        0.17253439128398895
    ],
    "val_mae": [
        0.22541625797748566,
        0.1008562445640564,
        0.1050005778670311,
        0.07694034278392792,
        0.08673448115587234,
        0.07735134661197662,
        0.07814458012580872,
        0.08262172341346741,
        0.08193471282720566,
        0.10469059646129608
    ],
    "r2_metric": [
        -56.710269927978516,
        -62.6230583190918,
        -62.901119232177734,
        -62.92192840576172,
        -62.95058822631836,
        -62.9793701171875,
        -62.933712005615234,
        -62.91748809814453,
        -62.9250602722168,
        -62.90668487548828
    ],
    "val_r2_metric": [
        -61.24032211303711,
        -62.68730926513672,
        -61.7911491394043,
        -61.87883758544922,
        -61.830169677734375,
        -62.58321762084961,
        -61.86177062988281,
        -61.552268981933594,
        -61.12399673461914,
        -60.45829772949219
    ]
}