{
    "loss": [
        1.0028654336929321,
        0.11817482113838196,
        0.09132802486419678,
        0.0743664875626564,
        0.06172291561961174,
        0.05226005241274834,
        0.04508151859045029,
        0.038892731070518494,
        0.03521183133125305,
        0.030045898631215096
    ],
    "val_loss": [
        0.03112027607858181,
        0.032890208065509796,
        0.019021151587367058,
        0.01396120060235262,
        0.013687705621123314,
        0.015123107470571995,
        0.03326936438679695,
        0.021938364952802658,
        0.03622085973620415,
        0.009709399193525314
    ],
    "mae": [
        0.613455057144165,
        0.24580301344394684,
        0.21336999535560608,
        0.19034942984580994,
        0.17325031757354736,
        0.15709319710731506,
        0.14479704201221466,
        0.13538143038749695,
        0.12866105139255524,
        0.11834664642810822
    ],
    "val_mae": [
        0.12811806797981262,
        0.14214277267456055,
        0.09262897819280624,
        0.07715160399675369,
        0.07493996620178223,
        0.08345787227153778,
        0.12942874431610107,
        0.1008182242512703,
        0.14496223628520966,
        0.07019752264022827
    ],
    "r2_metric": [
        -59.970558166503906,
        -62.91810607910156,
        -62.94884490966797,
        -62.94246292114258,
        -62.911865234375,
        -62.877342224121094,
        -62.84202575683594,
        -62.814186096191406,
        -62.835105895996094,
        -62.83042907714844
    ],
    "val_r2_metric": [
        -62.07668685913086,
        -61.06333923339844,
        -61.775665283203125,
        -61.11284637451172,
        -61.00881576538086,
        -60.68097686767578,
        -59.38106918334961,
        -60.11476135253906,
        -59.43361282348633,
        -61.30708694458008
    ]
}