{
    "loss": [
        0.5950359106063843,
        0.08561313897371292,
        0.061542730778455734,
        0.04539873078465462,
        0.03513674437999725,
        0.02779751643538475,
        0.022964337840676308,
        0.019040273502469063,
        0.01641983538866043,
        0.01454851496964693
    ],
    "val_loss": [
        0.04294377937912941,
        0.03246980905532837,
        0.008539199829101562,
        0.007017252501100302,
        0.008803212083876133,
        0.005083750933408737,
        0.00515540549531579,
        0.00479105906561017,
        0.004908496979624033,
        0.0038167948368936777
    ],
    "mae": [
        0.4468599259853363,
        0.2062101513147354,
        0.17236416041851044,
        0.14586086571216583,
        0.1276535838842392,
        0.11337699741125107,
        0.10207489132881165,
        0.09297843277454376,
        0.08640548586845398,
        0.08063600212335587
    ],
    "val_mae": [
        0.1672801524400711,
        0.1399739682674408,
        0.056103695183992386,
        0.053165774792432785,
        0.06012002378702164,
        0.042063724249601364,
        0.042489778250455856,
        0.04206881672143936,
        0.039675213396549225,
        0.0344872884452343
    ],
    "r2_metric": [
        -61.36414337158203,
        -62.972286224365234,
        -62.89531326293945,
        -62.85227584838867,
        -62.823570251464844,
        -62.84535598754883,
        -62.86347579956055,
        -62.88267135620117,
        -62.88593673706055,
        -62.88459777832031
    ],
    "val_r2_metric": [
        -60.55706024169922,
        -60.73246765136719,
        -61.60803985595703,
        -63.160274505615234,
        -61.30937576293945,
        -62.11830139160156,
        -61.97126007080078,
        -62.165775299072266,
        -61.9947395324707,
        -62.32381057739258
    ]
}