{
    "loss": [
        0.7738085389137268,
        0.09786375612020493,
        0.07527031749486923,
        0.060316912829875946,
        0.04794260114431381,
        0.04053175449371338,
        0.03472192957997322,
        0.028903324156999588,
        0.024642517790198326,
        0.021758684888482094
    ],
    "val_loss": [
        0.02109658718109131,
        0.01794585771858692,
        0.017436059191823006,
        0.04335245117545128,
        0.014752284623682499,
        0.012324397452175617,
        0.014733235351741314,
        0.0209960974752903,
        0.01976214535534382,
        0.00749739957973361
    ],
    "mae": [
        0.5129258632659912,
        0.22186093032360077,
        0.19132356345653534,
        0.16951024532318115,
        0.14944486320018768,
        0.13650080561637878,
        0.1263773888349533,
        0.11461363732814789,
        0.10509248822927475,
        0.09858422726392746
    ],
    "val_mae": [
        0.10187094658613205,
        0.09332715719938278,
        0.09326678514480591,
        0.15503673255443573,
        0.08520804345607758,
        0.0771440789103508,
        0.08567344397306442,
        0.10064846277236938,
        0.0949087142944336,
        0.0544215589761734
    ],
    "r2_metric": [
        -60.801727294921875,
        -62.9991455078125,
        -62.9658088684082,
        -62.927433013916016,
        -62.88827133178711,
        -62.842681884765625,
        -62.84199523925781,
        -62.855873107910156,
        -62.87397766113281,
        -62.87659454345703
    ],
    "val_r2_metric": [
        -62.338375091552734,
        -60.85347366333008,
        -60.47397232055664,
        -59.106361389160156,
        -60.846614837646484,
        -60.95933532714844,
        -60.762264251708984,
        -60.17327117919922,
        -60.17554473876953,
        -61.5568733215332
    ]
}