{
    "loss": [
        0.8315947651863098,
        0.09694461524486542,
        0.0743015706539154,
        0.0595586821436882,
        0.04995948076248169,
        0.041733235120773315,
        0.035725727677345276,
        0.03168036788702011,
        0.02686256356537342,
        0.023947853595018387
    ],
    "val_loss": [
        0.01995767094194889,
        0.042308177798986435,
        0.02475592866539955,
        0.02011980675160885,
        0.019235653802752495,
        0.016109853982925415,
        0.009005367755889893,
        0.006015553139150143,
        0.009895704686641693,
        0.0037952340207993984
    ],
    "mae": [
        0.5271974802017212,
        0.221909299492836,
        0.19198952615261078,
        0.16984350979328156,
        0.1541600227355957,
        0.14004333317279816,
        0.128762885928154,
        0.119491346180439,
        0.10869784653186798,
        0.10189573466777802
    ],
    "val_mae": [
        0.09652587026357651,
        0.16507215797901154,
        0.12060175091028214,
        0.1016295850276947,
        0.10639447718858719,
        0.08890165388584137,
        0.05910893902182579,
        0.04413002356886864,
        0.06580755859613419,
        0.030033724382519722
    ],
    "r2_metric": [
        -61.19346237182617,
        -62.96037673950195,
        -62.95981979370117,
        -62.9115104675293,
        -62.87508773803711,
        -62.870262145996094,
        -62.866432189941406,
        -62.868141174316406,
        -62.892765045166016,
        -62.87997817993164
    ],
    "val_r2_metric": [
        -61.910221099853516,
        -60.66963195800781,
        -60.66358947753906,
        -60.808502197265625,
        -60.90908432006836,
        -60.59048843383789,
        -61.51545715332031,
        -61.93497085571289,
        -61.680084228515625,
        -62.79572677612305
    ]
}