{
    "loss": [
        0.9188578128814697,
        0.1053188294172287,
        0.08275271207094193,
        0.06865517050027847,
        0.05734237655997276,
        0.048166267573833466,
        0.04124227166175842,
        0.03471549600362778,
        0.030510548502206802,
        0.026090022176504135
    ],
    "val_loss": [
        0.016327301040291786,
        0.03307601809501648,
        0.014576312154531479,
        0.023012280464172363,
        0.009444105438888073,
        0.021501408889889717,
        0.02123129367828369,
        0.0071338871493935585,
        0.013654975220561028,
        0.010661525651812553
    ],
    "mae": [
        0.5660595893859863,
        0.23185917735099792,
        0.20058505237102509,
        0.18081404268741608,
        0.1653887778520584,
        0.15020234882831573,
        0.13834050297737122,
        0.12730036675930023,
        0.11808578670024872,
        0.10879825800657272
    ],
    "val_mae": [
        0.08432552963495255,
        0.1459077149629593,
        0.08309159427881241,
        0.10818270593881607,
        0.05904807522892952,
        0.09941844642162323,
        0.10571010410785675,
        0.053419385105371475,
        0.07980047166347504,
        0.06465242803096771
    ],
    "r2_metric": [
        -60.56764221191406,
        -62.959739685058594,
        -62.959964752197266,
        -62.92413330078125,
        -62.852569580078125,
        -62.847591400146484,
        -62.81006622314453,
        -62.81062698364258,
        -62.83378982543945,
        -62.84402084350586
    ],
    "val_r2_metric": [
        -62.238338470458984,
        -60.995513916015625,
        -61.7059440612793,
        -60.52759552001953,
        -62.11578369140625,
        -60.26709747314453,
        -59.780025482177734,
        -61.88147735595703,
        -60.93254470825195,
        -61.06476593017578
    ]
}