{
    "loss": [
        0.6166651844978333,
        0.08285346627235413,
        0.06124290078878403,
        0.045976851135492325,
        0.03645630180835724,
        0.030189331620931625,
        0.024957824498414993,
        0.020812705159187317,
        0.017584016546607018,
        0.014537728391587734
    ],
    "val_loss": [
        0.02010415308177471,
        0.010518207214772701,
        0.011687006801366806,
        0.00669084582477808,
        0.006058814935386181,
        0.003560621989890933,
        0.0037735863588750362,
        0.0029269729275256395,
        0.0028894601855427027,
        0.002271071309223771
    ],
    "mae": [
        0.43680235743522644,
        0.19956368207931519,
        0.16920766234397888,
        0.14495934545993805,
        0.1290595829486847,
        0.11778120696544647,
        0.1062554195523262,
        0.09612199664115906,
        0.08762545138597488,
        0.07880164682865143
    ],
    "val_mae": [
        0.10515283048152924,
        0.0631212592124939,
        0.07431216537952423,
        0.05246400833129883,
        0.052669692784547806,
        0.03384459391236305,
        0.03670445457100868,
        0.029710158705711365,
        0.02644873782992363,
        0.021749259904026985
    ],
    "r2_metric": [
        -61.778221130371094,
        -63.011470794677734,
        -62.958927154541016,
        -62.8946533203125,
        -62.873844146728516,
        -62.88372802734375,
        -62.88637924194336,
        -62.8930549621582,
        -62.901275634765625,
        -62.902774810791016
    ],
    "val_r2_metric": [
        -61.76878356933594,
        -61.987701416015625,
        -61.12773895263672,
        -61.6993293762207,
        -61.75802993774414,
        -62.64040756225586,
        -62.2506217956543,
        -62.5897331237793,
        -62.401947021484375,
        -63.101261138916016
    ]
}