{
    "loss": [
        1.071371078491211,
        0.11705301702022552,
        0.08735226839780807,
        0.07551821321249008,
        0.06290531903505325,
        0.05624835193157196,
        0.04637923836708069,
        0.04279690980911255,
        0.04009256139397621,
        0.03728541359305382
    ],
    "val_loss": [
        0.030676575377583504,
        0.06390944123268127,
        0.04475852847099304,
        0.036510322242975235,
        0.031024379655718803,
        0.04350418224930763,
        0.0343707874417305,
        0.04295896366238594,
        0.02322620153427124,
        0.032811135053634644
    ],
    "mae": [
        0.6299261450767517,
        0.24505344033241272,
        0.20862555503845215,
        0.1929042786359787,
        0.17453201115131378,
        0.16376057267189026,
        0.14597336947917938,
        0.14000074565410614,
        0.13571764528751373,
        0.13115328550338745
    ],
    "val_mae": [
        0.11316096037626266,
        0.2129858434200287,
        0.159783735871315,
        0.1404590904712677,
        0.13501271605491638,
        0.16170701384544373,
        0.12921611964702606,
        0.1505163013935089,
        0.1011745035648346,
        0.12703143060207367
    ],
    "r2_metric": [
        -59.77408218383789,
        -62.92966842651367,
        -62.96027374267578,
        -62.92588424682617,
        -62.877132415771484,
        -62.8829460144043,
        -62.86323165893555,
        -62.8406867980957,
        -62.80949783325195,
        -62.8181266784668
    ],
    "val_r2_metric": [
        -61.5654182434082,
        -60.75997543334961,
        -60.128997802734375,
        -60.003421783447266,
        -60.408329010009766,
        -59.896324157714844,
        -59.324684143066406,
        -59.005367279052734,
        -59.972930908203125,
        -59.75750732421875
    ]
}