{
    "loss": [
        0.7848459482192993,
        0.0968572273850441,
        0.07276395708322525,
        0.05754892900586128,
        0.04773463308811188,
        0.03974224627017975,
        0.03281490132212639,
        0.028954291716217995,
        0.02459266036748886,
        0.021259795874357224
    ],
    "val_loss": [
        0.022424692288041115,
        0.06175222247838974,
        0.04490939527750015,
        0.031149135902523994,
        0.012282377108931541,
        0.02244209684431553,
        0.011615829542279243,
        0.018759356811642647,
        0.012070612981915474,
        0.011007316410541534
    ],
    "mae": [
        0.5139580368995667,
        0.21933577954769135,
        0.18755531311035156,
        0.16517263650894165,
        0.14916487038135529,
        0.13575436174869537,
        0.12351780384778976,
        0.11515651643276215,
        0.105820432305336,
        0.09815236926078796
    ],
    "val_mae": [
        0.11011973768472672,
        0.19347913563251495,
        0.16035886108875275,
        0.1287790834903717,
        0.08084006607532501,
        0.10084041208028793,
        0.07140723615884781,
        0.09923727065324783,
        0.06597847491502762,
        0.06576144695281982
    ],
    "r2_metric": [
        -60.993614196777344,
        -63.00428009033203,
        -62.95058059692383,
        -62.92901611328125,
        -62.87702178955078,
        -62.84830856323242,
        -62.84202575683594,
        -62.8616828918457,
        -62.86226272583008,
        -62.87919998168945
    ],
    "val_r2_metric": [
        -61.44429397583008,
        -58.997432708740234,
        -59.71005630493164,
        -59.83668518066406,
        -60.802581787109375,
        -59.86663055419922,
        -60.976768493652344,
        -60.383968353271484,
        -60.95090866088867,
        -61.05733871459961
    ]
}