{
    "loss": [
        0.24327623844146729,
        0.016853511333465576,
        0.010523390024900436,
        0.007877924479544163,
        0.006699607707560062,
        0.005611625965684652,
        0.0042697773315012455,
        0.0038053193129599094,
        0.003115531522780657,
        0.002860499080270529
    ],
    "val_loss": [
        0.014177587814629078,
        0.00944414734840393,
        0.01138127688318491,
        0.009855182841420174,
        0.007799380924552679,
        0.005799563135951757,
        0.005199003499001265,
        0.009169315919280052,
        0.00659439992159605,
        0.005898165050894022
    ],
    "accuracy": [
        0.9188136458396912,
        0.9967010617256165,
        0.9977662563323975,
        0.9981955289840698,
        0.9984816908836365,
        0.9986406564712524,
        0.9988552927970886,
        0.9990142583847046,
        0.9991335272789001,
        0.999284565448761
    ],
    "val_accuracy": [
        0.9970508813858032,
        0.9977742433547974,
        0.9976629614830017,
        0.9979782700538635,
        0.9981266260147095,
        0.9986274242401123,
        0.9988685846328735,
        0.998071014881134,
        0.9984976053237915,
        0.9987016320228577
    ]
}