{
    "loss": [
        6.078495025634766,
        1.3179105520248413,
        0.6096801161766052,
        0.391824871301651,
        0.2948436141014099,
        0.23769570887088776,
        0.2141272872686386,
        0.1912284791469574,
        0.17555077373981476,
        0.16558386385440826
    ],
    "val_loss": [
        1.895106315612793,
        0.597710371017456,
        0.300343781709671,
        0.18701502680778503,
        0.12861254811286926,
        0.10436040163040161,
        0.08758299052715302,
        0.07755877077579498,
        0.07365871965885162,
        0.06409822404384613
    ],
    "mae": [
        2.0604326725006104,
        0.9322057962417603,
        0.6182072758674622,
        0.48448053002357483,
        0.4137533903121948,
        0.3693558871746063,
        0.34892532229423523,
        0.3267497718334198,
        0.3133673369884491,
        0.3043019473552704
    ],
    "val_mae": [
        1.1649476289749146,
        0.60601407289505,
        0.39372768998146057,
        0.30599653720855713,
        0.2465326488018036,
        0.21355754137039185,
        0.18106050789356232,
        0.17692579329013824,
        0.17152325809001923,
        0.15169183909893036
    ],
    "r2_metric": [
        -48.678096771240234,
        -53.295082092285156,
        -58.4758415222168,
        -60.812286376953125,
        -61.43438720703125,
        -62.13215255737305,
        -62.126564025878906,
        -62.23259735107422,
        -62.5089225769043,
        -62.5315055847168
    ],
    "val_r2_metric": [
        -41.6062126159668,
        -57.00914001464844,
        -62.13152313232422,
        -63.425392150878906,
        -61.917423248291016,
        -62.7469367980957,
        -63.03350830078125,
        -62.60691833496094,
        -63.02543258666992,
        -61.917049407958984
    ]
}