{
    "loss": [
        4.917332649230957,
        1.0493136644363403,
        0.49520546197891235,
        0.3426322340965271,
        0.27601444721221924,
        0.2293667197227478,
        0.20486895740032196,
        0.18236370384693146,
        0.16797514259815216,
        0.16153870522975922
    ],
    "val_loss": [
        1.2897223234176636,
        0.44768550992012024,
        0.2149461954832077,
        0.12951967120170593,
        0.12212352454662323,
        0.09899497032165527,
        0.06398213654756546,
        0.0712212324142456,
        0.06695307046175003,
        0.0639185830950737
    ],
    "mae": [
        1.8070940971374512,
        0.8171544671058655,
        0.5486803650856018,
        0.44517192244529724,
        0.39704471826553345,
        0.36026185750961304,
        0.33787670731544495,
        0.318788081407547,
        0.3028777837753296,
        0.29709604382514954
    ],
    "val_mae": [
        0.9137482643127441,
        0.5246828198432922,
        0.3386467397212982,
        0.26461052894592285,
        0.26167502999305725,
        0.2281801402568817,
        0.1603943258523941,
        0.181554913520813,
        0.17859353125095367,
        0.17275087535381317
    ],
    "r2_metric": [
        -47.641788482666016,
        -56.501319885253906,
        -59.63011932373047,
        -61.14938735961914,
        -61.815372467041016,
        -61.865108489990234,
        -62.057159423828125,
        -62.22031784057617,
        -62.356231689453125,
        -62.27619934082031
    ],
    "val_r2_metric": [
        -55.94513702392578,
        -58.769775390625,
        -62.80181884765625,
        -61.24684524536133,
        -60.5176887512207,
        -61.50421905517578,
        -62.96601486206055,
        -61.708984375,
        -60.570777893066406,
        -62.5304069519043
    ]
}