{
    "loss": [
        0.5382399559020996,
        0.07344301044940948,
        0.05262449383735657,
        0.038711752742528915,
        0.030436551198363304,
        0.023992307484149933,
        0.01933804340660572,
        0.015616875141859055,
        0.013030334375798702,
        0.010926094837486744
    ],
    "val_loss": [
        0.07143627107143402,
        0.026897408068180084,
        0.01765551045536995,
        0.01715971902012825,
        0.008539585396647453,
        0.012803060933947563,
        0.009937389753758907,
        0.007654288318008184,
        0.004519517999142408,
        0.0027056781109422445
    ],
    "mae": [
        0.4084870517253876,
        0.1892382800579071,
        0.15828125178813934,
        0.13447633385658264,
        0.11895080655813217,
        0.1042373776435852,
        0.09100814163684845,
        0.08098305016756058,
        0.07320798188447952,
        0.06595393270254135
    ],
    "val_mae": [
        0.22302865982055664,
        0.12041574716567993,
        0.09644684195518494,
        0.09701165556907654,
        0.06384098529815674,
        0.07261622697114944,
        0.06106867641210556,
        0.05006776377558708,
        0.037865348160266876,
        0.025075022131204605
    ],
    "r2_metric": [
        -61.49386978149414,
        -62.942596435546875,
        -62.912933349609375,
        -62.87950897216797,
        -62.872135162353516,
        -62.877464294433594,
        -62.89835739135742,
        -62.90501403808594,
        -62.90332794189453,
        -62.91078186035156
    ],
    "val_r2_metric": [
        -59.58821487426758,
        -60.695919036865234,
        -60.48166275024414,
        -60.72803497314453,
        -61.807289123535156,
        -61.056949615478516,
        -61.134891510009766,
        -61.35806655883789,
        -61.9931640625,
        -62.26850128173828
    ]
}