{
    "loss": [
        5.3361287117004395,
        0.8030676245689392,
        0.40008315443992615,
        0.2773299813270569,
        0.23378801345825195,
        0.20097337663173676,
        0.1778956651687622,
        0.16309233009815216,
        0.15027441084384918,
        0.14390255510807037
    ],
    "val_loss": [
        1.1365278959274292,
        0.30779778957366943,
        0.18478645384311676,
        0.10980486124753952,
        0.0850139781832695,
        0.0688512846827507,
        0.10173414647579193,
        0.058094415813684464,
        0.055222637951374054,
        0.05902479216456413
    ],
    "mae": [
        1.853456735610962,
        0.714117705821991,
        0.48704633116722107,
        0.4012737274169922,
        0.36670181155204773,
        0.3364846110343933,
        0.3121691048145294,
        0.29895615577697754,
        0.2840535640716553,
        0.27813029289245605
    ],
    "val_mae": [
        0.8695428371429443,
        0.43198418617248535,
        0.3266785740852356,
        0.23569253087043762,
        0.20231842994689941,
        0.17460323870182037,
        0.2507384419441223,
        0.15945301949977875,
        0.15874117612838745,
        0.17249411344528198
    ],
    "r2_metric": [
        -51.492637634277344,
        -57.484779357910156,
        -60.92809295654297,
        -61.75028991699219,
        -62.111732482910156,
        -62.279300689697266,
        -62.51548767089844,
        -62.47099304199219,
        -62.642940521240234,
        -62.663330078125
    ],
    "val_r2_metric": [
        -53.58094787597656,
        -59.329410552978516,
        -59.6623649597168,
        -60.30771255493164,
        -59.776554107666016,
        -60.96127700805664,
        -60.2424201965332,
        -60.0059814453125,
        -59.74728775024414,
        -59.783660888671875
    ]
}