{
    "loss": [
        0.8947628736495972,
        0.10465913265943527,
        0.08045391738414764,
        0.0637294203042984,
        0.05312931165099144,
        0.04389975965023041,
        0.037653736770153046,
        0.03211160749197006,
        0.02832694910466671,
        0.023275330662727356
    ],
    "val_loss": [
        0.019923584535717964,
        0.01667694002389908,
        0.009722225368022919,
        0.008215464651584625,
        0.01005516480654478,
        0.019070900976657867,
        0.010683202184736729,
        0.011848877184092999,
        0.01202446036040783,
        0.006343860179185867
    ],
    "mae": [
        0.5655233860015869,
        0.23122265934944153,
        0.19955974817276,
        0.17638584971427917,
        0.16021279990673065,
        0.145062655210495,
        0.13431860506534576,
        0.12447487562894821,
        0.11546710878610611,
        0.10371336340904236
    ],
    "val_mae": [
        0.09796871244907379,
        0.08741487562656403,
        0.06170961633324623,
        0.05618917942047119,
        0.0640321895480156,
        0.09908235818147659,
        0.06959753483533859,
        0.07112567126750946,
        0.07192784547805786,
        0.05452834069728851
    ],
    "r2_metric": [
        -60.04291534423828,
        -62.92851638793945,
        -62.92337417602539,
        -62.88548278808594,
        -62.85947036743164,
        -62.83695602416992,
        -62.80384826660156,
        -62.837440490722656,
        -62.83323669433594,
        -62.84783935546875
    ],
    "val_r2_metric": [
        -463.2383728027344,
        -100.27230072021484,
        -1004.0169067382812,
        -75.15255737304688,
        -182.30767822265625,
        -348.0303955078125,
        -126.5112075805664,
        -862.221435546875,
        -62.21514892578125,
        -760.6654663085938
    ]
}