{
    "loss": [
        0.8083186149597168,
        0.10508211702108383,
        0.0769006609916687,
        0.05996323376893997,
        0.047947902232408524,
        0.03990588337182999,
        0.03375482186675072,
        0.028819415718317032,
        0.02510984241962433,
        0.021864553913474083
    ],
    "val_loss": [
        0.019187483936548233,
        0.02399752102792263,
        0.024259159341454506,
        0.022299056872725487,
        0.008135639131069183,
        0.00553133012726903,
        0.013082284480333328,
        0.006451889406889677,
        0.004194875713437796,
        0.005640655290335417
    ],
    "mae": [
        0.5282192230224609,
        0.23025111854076385,
        0.19366636872291565,
        0.16984260082244873,
        0.151035875082016,
        0.13737744092941284,
        0.12541978061199188,
        0.11596781760454178,
        0.10699637234210968,
        0.0991244912147522
    ],
    "val_mae": [
        0.0977526307106018,
        0.1055103987455368,
        0.11680501699447632,
        0.10808655619621277,
        0.05706675723195076,
        0.04583355784416199,
        0.07193860411643982,
        0.04957960173487663,
        0.036576058715581894,
        0.044840604066848755
    ],
    "r2_metric": [
        -60.929080963134766,
        -62.9857063293457,
        -62.94683837890625,
        -62.91297149658203,
        -62.868247985839844,
        -62.83753204345703,
        -62.84210205078125,
        -62.8549690246582,
        -62.88298797607422,
        -62.88129425048828
    ],
    "val_r2_metric": [
        -61.611358642578125,
        -60.2904052734375,
        -60.94013214111328,
        -61.10995101928711,
        -61.708106994628906,
        -62.207550048828125,
        -60.95262908935547,
        -61.615013122558594,
        -62.248958587646484,
        -61.84798812866211
    ]
}