{
    "loss": [
        0.5794157385826111,
        0.08402610570192337,
        0.06185903400182724,
        0.04797255992889404,
        0.03777588531374931,
        0.029874786734580994,
        0.024082519114017487,
        0.019349895417690277,
        0.015568185597658157,
        0.012566066347062588
    ],
    "val_loss": [
        0.014751764945685863,
        0.010361866094172001,
        0.02222490683197975,
        0.02866840735077858,
        0.007538359612226486,
        0.022425824776291847,
        0.01814318262040615,
        0.011928318068385124,
        0.011889202520251274,
        0.005556817632168531
    ],
    "mae": [
        0.43859899044036865,
        0.20363017916679382,
        0.17150139808654785,
        0.14924956858158112,
        0.13232463598251343,
        0.1175353154540062,
        0.10433094203472137,
        0.09247078001499176,
        0.08209763467311859,
        0.07280367612838745
    ],
    "val_mae": [
        0.07922825962305069,
        0.06422022730112076,
        0.10286939144134521,
        0.11974246799945831,
        0.0540003664791584,
        0.09452834725379944,
        0.08232231438159943,
        0.058896154165267944,
        0.06822282075881958,
        0.044104691594839096
    ],
    "r2_metric": [
        -61.44780731201172,
        -63.00382995605469,
        -62.94880294799805,
        -62.8909912109375,
        -62.867271423339844,
        -62.87410354614258,
        -62.882747650146484,
        -62.886871337890625,
        -62.899288177490234,
        -62.90707778930664
    ],
    "val_r2_metric": [
        -61.58596420288086,
        -61.71802520751953,
        -60.50476837158203,
        -59.93818664550781,
        -61.676876068115234,
        -60.021053314208984,
        -60.52555847167969,
        -61.32261657714844,
        -60.89292907714844,
        -61.779911041259766
    ]
}