{
    "loss": [
        0.814249575138092,
        0.10392493009567261,
        0.08068995922803879,
        0.06672947108745575,
        0.05506257340312004,
        0.047175321727991104,
        0.04016846790909767,
        0.034979723393917084,
        0.030231472104787827,
        0.026086708530783653
    ],
    "val_loss": [
        0.025916706770658493,
        0.01021482702344656,
        0.023012381047010422,
        0.00990350916981697,
        0.02380654215812683,
        0.024940721690654755,
        0.011939923278987408,
        0.013212177902460098,
        0.0068594045005738735,
        0.006650988478213549
    ],
    "mae": [
        0.5378732085227966,
        0.23083189129829407,
        0.19979777932167053,
        0.1789872795343399,
        0.16211771965026855,
        0.1482764035463333,
        0.13585685193538666,
        0.1267082691192627,
        0.11730752885341644,
        0.1075797975063324
    ],
    "val_mae": [
        0.11935592442750931,
        0.06030520051717758,
        0.1168007031083107,
        0.06299208849668503,
        0.1029701977968216,
        0.11311764270067215,
        0.07345082610845566,
        0.07562700659036636,
        0.05059787631034851,
        0.04712721332907677
    ],
    "r2_metric": [
        -60.73626708984375,
        -62.963924407958984,
        -62.96161651611328,
        -62.94441223144531,
        -62.89727783203125,
        -62.85783767700195,
        -62.828887939453125,
        -62.84062576293945,
        -62.85007858276367,
        -62.85303497314453
    ],
    "val_r2_metric": [
        -62.49714660644531,
        -61.96503829956055,
        -61.3382453918457,
        -61.675086975097656,
        -60.35105895996094,
        -60.04082107543945,
        -60.7889518737793,
        -60.763160705566406,
        -61.595542907714844,
        -61.92676544189453
    ]
}