{
    "loss": [
        0.7585781216621399,
        0.10080219060182571,
        0.07581064850091934,
        0.05986064299941063,
        0.048748817294836044,
        0.03974764794111252,
        0.03367612883448601,
        0.028268201276659966,
        0.023015988990664482,
        0.020753206685185432
    ],
    "val_loss": [
        0.014664730057120323,
        0.010890675708651543,
        0.00884898193180561,
        0.013072146102786064,
        0.029192330315709114,
        0.011231353506445885,
        0.009420997463166714,
        0.008913937024772167,
        0.010719208046793938,
        0.006268331315368414
    ],
    "mae": [
        0.5095609426498413,
        0.22537684440612793,
        0.19109557569026947,
        0.16884809732437134,
        0.14990831911563873,
        0.13471269607543945,
        0.12413214892148972,
        0.11319471150636673,
        0.10110089182853699,
        0.09592863917350769
    ],
    "val_mae": [
        0.0827406570315361,
        0.0686267837882042,
        0.06089003011584282,
        0.07658465206623077,
        0.1173534020781517,
        0.07281274348497391,
        0.060640010982751846,
        0.0666884332895279,
        0.06487669795751572,
        0.05086498707532883
    ],
    "r2_metric": [
        -60.99519348144531,
        -63.032554626464844,
        -62.980735778808594,
        -62.92230224609375,
        -62.87186050415039,
        -62.85501480102539,
        -62.84813690185547,
        -62.871395111083984,
        -62.88970184326172,
        -62.89141845703125
    ],
    "val_r2_metric": [
        -62.49403762817383,
        -61.65843963623047,
        -62.2869758605957,
        -60.981807708740234,
        -59.70689392089844,
        -60.8890380859375,
        -61.51231384277344,
        -62.15006637573242,
        -61.14720153808594,
        -61.605987548828125
    ]
}