{
    "loss": [
        0.8904266953468323,
        0.10589554905891418,
        0.08186925947666168,
        0.06649073958396912,
        0.05477836728096008,
        0.04647843539714813,
        0.03920769318938255,
        0.03338223695755005,
        0.030055835843086243,
        0.027518434450030327
    ],
    "val_loss": [
        0.017286216840147972,
        0.01713290624320507,
        0.032461974769830704,
        0.05628852918744087,
        0.0429525300860405,
        0.03021783009171486,
        0.025496244430541992,
        0.02817463129758835,
        0.03493327647447586,
        0.038087815046310425
    ],
    "mae": [
        0.5495929718017578,
        0.22923369705677032,
        0.1992032527923584,
        0.17801378667354584,
        0.16097146272659302,
        0.14619943499565125,
        0.13357490301132202,
        0.12186747789382935,
        0.11613286286592484,
        0.11090560257434845
    ],
    "val_mae": [
        0.08776649087667465,
        0.09150300920009613,
        0.1343938112258911,
        0.18029046058654785,
        0.14715822041034698,
        0.1192091554403305,
        0.11795075237751007,
        0.11627288907766342,
        0.12418974936008453,
        0.12707604467868805
    ],
    "r2_metric": [
        -60.862606048583984,
        -63.0093879699707,
        -62.96689224243164,
        -62.948341369628906,
        -62.915557861328125,
        -62.895957946777344,
        -62.85520935058594,
        -62.86818313598633,
        -62.874534606933594,
        -62.88666915893555
    ],
    "val_r2_metric": [
        -63.00464630126953,
        -60.85972595214844,
        -60.14760208129883,
        -58.664859771728516,
        -58.692543029785156,
        -59.4302864074707,
        -59.69316482543945,
        -59.36503601074219,
        -59.14494323730469,
        -58.9970588684082
    ]
}