{
    "loss": [
        3.6655547618865967,
        0.5137532949447632,
        0.26204589009284973,
        0.1875830739736557,
        0.15636661648750305,
        0.1405700147151947,
        0.1276884227991104,
        0.11590729653835297,
        0.10775408893823624,
        0.10055598616600037
    ],
    "val_loss": [
        0.6441684365272522,
        0.18061833083629608,
        0.08152636140584946,
        0.06116321310400963,
        0.05207804962992668,
        0.03834671527147293,
        0.030177028849720955,
        0.02981436997652054,
        0.035177621990442276,
        0.026084700599312782
    ],
    "mae": [
        1.4754188060760498,
        0.5530882477760315,
        0.38693249225616455,
        0.3214307427406311,
        0.2884897291660309,
        0.27373233437538147,
        0.25868257880210876,
        0.24540066719055176,
        0.23588262498378754,
        0.2272772341966629
    ],
    "val_mae": [
        0.6265112161636353,
        0.3210490047931671,
        0.19090969860553741,
        0.17374159395694733,
        0.15966077148914337,
        0.12111140787601471,
        0.10150493681430817,
        0.10660528391599655,
        0.12456613779067993,
        0.09191042184829712
    ],
    "r2_metric": [
        -52.856815338134766,
        -59.828800201416016,
        -62.162086486816406,
        -62.476993560791016,
        -62.67042541503906,
        -62.785682678222656,
        -62.7368278503418,
        -62.88006591796875,
        -62.88863754272461,
        -62.83679962158203
    ],
    "val_r2_metric": [
        -58.45293426513672,
        -61.720375061035156,
        -64.4294662475586,
        -61.880733489990234,
        -60.69561004638672,
        -61.183040618896484,
        -63.3261833190918,
        -61.74683380126953,
        -62.20640563964844,
        -62.004638671875
    ]
}