{
    "loss": [
        0.4215564429759979,
        0.06535974144935608,
        0.04207945987582207,
        0.030310550704598427,
        0.022728094831109047,
        0.017786633223295212,
        0.014388523064553738,
        0.011511472053825855,
        0.009231507778167725,
        0.007407408207654953
    ],
    "val_loss": [
        0.0073202550411224365,
        0.015921292826533318,
        0.008333500474691391,
        0.005101835820823908,
        0.007910210639238358,
        0.0030615474097430706,
        0.001832951558753848,
        0.0020855457987636328,
        0.0016494033625349402,
        0.0017426846316084266
    ],
    "mae": [
        0.36443132162094116,
        0.17890046536922455,
        0.1421702355146408,
        0.12048100680112839,
        0.1024991050362587,
        0.0894601047039032,
        0.07915372401475906,
        0.06948227435350418,
        0.06071288138628006,
        0.05260641500353813
    ],
    "val_mae": [
        0.05245840176939964,
        0.09305661171674728,
        0.06119995936751366,
        0.0466056726872921,
        0.05361776426434517,
        0.031950656324625015,
        0.01964390091598034,
        0.02374802902340889,
        0.019759107381105423,
        0.017536839470267296
    ],
    "r2_metric": [
        -61.8035774230957,
        -62.931636810302734,
        -62.86211395263672,
        -62.85620880126953,
        -62.8864631652832,
        -62.89765930175781,
        -62.8979377746582,
        -62.91086196899414,
        -62.926151275634766,
        -62.934547424316406
    ],
    "val_r2_metric": [
        -62.415409088134766,
        -61.48304748535156,
        -61.597511291503906,
        -62.551605224609375,
        -61.53923416137695,
        -62.79824447631836,
        -62.879756927490234,
        -62.64971923828125,
        -62.67154312133789,
        -62.73240280151367
    ]
}