{
    "loss": [
        0.7019138932228088,
        0.09729206562042236,
        0.07242485135793686,
        0.05434883385896683,
        0.04314908757805824,
        0.03448217734694481,
        0.0283428356051445,
        0.02420613542199135,
        0.021025558933615685,
        0.018595382571220398
    ],
    "val_loss": [
        0.01601606421172619,
        0.02499777264893055,
        0.008893104270100594,
        0.00669474620372057,
        0.007375346031039953,
        0.005689856130629778,
        0.0069719641469419,
        0.005606748163700104,
        0.007256462238729,
        0.005479650571942329
    ],
    "mae": [
        0.49276071786880493,
        0.22112253308296204,
        0.18685759603977203,
        0.15967890620231628,
        0.14042095839977264,
        0.12473741918802261,
        0.11175426095724106,
        0.10325668007135391,
        0.0957384929060936,
        0.08897174149751663
    ],
    "val_mae": [
        0.08026355504989624,
        0.12030258774757385,
        0.05487310141324997,
        0.04657882824540138,
        0.05353176221251488,
        0.046244606375694275,
        0.052944786846637726,
        0.04188070073723793,
        0.053969770669937134,
        0.04217987507581711
    ],
    "r2_metric": [
        -60.80381774902344,
        -62.99250411987305,
        -62.91549301147461,
        -62.872314453125,
        -62.827701568603516,
        -62.84785461425781,
        -62.85858154296875,
        -62.867794036865234,
        -62.86540222167969,
        -62.877262115478516
    ],
    "val_r2_metric": [
        -62.6685905456543,
        -61.52645492553711,
        -62.26367950439453,
        -62.50691604614258,
        -61.803775787353516,
        -61.904640197753906,
        -61.70587921142578,
        -63.24076461791992,
        -61.62247085571289,
        -61.84481430053711
    ]
}