{
    "loss": [
        0.5644288659095764,
        0.08459644019603729,
        0.06345727294683456,
        0.04780205339193344,
        0.036864977329969406,
        0.029922330752015114,
        0.02381374128162861,
        0.020275190472602844,
        0.018069488927721977,
        0.015489999204874039
    ],
    "val_loss": [
        0.023644080385565758,
        0.02279183827340603,
        0.01814533770084381,
        0.007708000484853983,
        0.012351769022643566,
        0.004242198076099157,
        0.005214950535446405,
        0.006447704508900642,
        0.005864249542355537,
        0.0029642016161233187
    ],
    "mae": [
        0.4307045638561249,
        0.20424985885620117,
        0.17392462491989136,
        0.14920011162757874,
        0.13012653589248657,
        0.11694041639566422,
        0.10360536724328995,
        0.09479623287916183,
        0.08952861279249191,
        0.08305102586746216
    ],
    "val_mae": [
        0.11732671409845352,
        0.1070588231086731,
        0.09106092900037766,
        0.05804842710494995,
        0.07806825637817383,
        0.03372250124812126,
        0.04010830819606781,
        0.04766378551721573,
        0.04697101190686226,
        0.02546541765332222
    ],
    "r2_metric": [
        -61.348480224609375,
        -63.01199722290039,
        -62.9361457824707,
        -62.8994255065918,
        -62.88201904296875,
        -62.87367630004883,
        -62.890689849853516,
        -62.91053771972656,
        -62.893733978271484,
        -62.90212631225586
    ],
    "val_r2_metric": [
        -62.21912384033203,
        -60.77473831176758,
        -60.75171661376953,
        -61.76884841918945,
        -61.10025405883789,
        -62.59489440917969,
        -62.17490768432617,
        -61.76898193359375,
        -61.75288772583008,
        -62.918556213378906
    ]
}