{
    "loss": [
        0.6550056338310242,
        0.08757340162992477,
        0.06520320475101471,
        0.051284290850162506,
        0.04025358334183693,
        0.032878704369068146,
        0.027001630514860153,
        0.022501932457089424,
        0.01910490170121193,
        0.016818208619952202
    ],
    "val_loss": [
        0.013120335526764393,
        0.014350516721606255,
        0.03765231370925903,
        0.022058231756091118,
        0.013511300086975098,
        0.012942025437951088,
        0.01871124655008316,
        0.00512185413390398,
        0.006072124466300011,
        0.006631132215261459
    ],
    "mae": [
        0.46771538257598877,
        0.20933519303798676,
        0.1772533655166626,
        0.15444153547286987,
        0.13577112555503845,
        0.12219663709402084,
        0.11066410690546036,
        0.101119764149189,
        0.09250068664550781,
        0.08575726300477982
    ],
    "val_mae": [
        0.08134464174509048,
        0.08072385936975479,
        0.14639195799827576,
        0.0958721712231636,
        0.07351911067962646,
        0.07502258569002151,
        0.09384165704250336,
        0.04286620765924454,
        0.04738953337073326,
        0.04694252461194992
    ],
    "r2_metric": [
        -61.27470779418945,
        -62.9576416015625,
        -62.932979583740234,
        -62.88710021972656,
        -62.830223083496094,
        -62.84156799316406,
        -62.85689926147461,
        -62.869564056396484,
        -62.88008117675781,
        -62.886192321777344
    ],
    "val_r2_metric": [
        -62.372554779052734,
        -61.36865234375,
        -59.715240478515625,
        -60.088905334472656,
        -60.830352783203125,
        -60.856224060058594,
        -60.28996276855469,
        -62.205360412597656,
        -61.799461364746094,
        -61.64143371582031
    ]
}