{
    "loss": [
        0.9007036089897156,
        0.10568700730800629,
        0.07662329822778702,
        0.0615030936896801,
        0.05008786916732788,
        0.04154404252767563,
        0.03526702895760536,
        0.03049044869840145,
        0.025415917858481407,
        0.023269331082701683
    ],
    "val_loss": [
        0.03988541290163994,
        0.045824576169252396,
        0.03514324128627777,
        0.08438961207866669,
        0.08557803183794022,
        0.06559348851442337,
        0.09243332594633102,
        0.13391806185245514,
        0.10239026695489883,
        0.09872794896364212
    ],
    "mae": [
        0.5607488751411438,
        0.2314225137233734,
        0.1939798891544342,
        0.1729208379983902,
        0.15457594394683838,
        0.14094942808151245,
        0.13026870787143707,
        0.12061336636543274,
        0.10847239196300507,
        0.1031167060136795
    ],
    "val_mae": [
        0.15233609080314636,
        0.17521977424621582,
        0.13857150077819824,
        0.20930081605911255,
        0.2053741067647934,
        0.18138016760349274,
        0.21185153722763062,
        0.2611168920993805,
        0.20883339643478394,
        0.19987879693508148
    ],
    "r2_metric": [
        -60.65760803222656,
        -62.94173812866211,
        -62.93406677246094,
        -62.903568267822266,
        -62.84272003173828,
        -62.83305740356445,
        -62.83695602416992,
        -62.86011505126953,
        -62.874427795410156,
        -62.879398345947266
    ],
    "val_r2_metric": [
        -60.98668670654297,
        -60.83331298828125,
        -59.22773361206055,
        -57.81498718261719,
        -57.31928634643555,
        -57.67560958862305,
        -56.79524612426758,
        -56.53304672241211,
        -56.605712890625,
        -56.85059356689453
    ]
}