{
    "loss": [
        0.8791846632957458,
        0.10595207661390305,
        0.08020346611738205,
        0.06511542201042175,
        0.05330946668982506,
        0.045176975429058075,
        0.03902439773082733,
        0.03370637446641922,
        0.029148006811738014,
        0.025074874982237816
    ],
    "val_loss": [
        0.014448873698711395,
        0.009387054480612278,
        0.01901913434267044,
        0.008279697969555855,
        0.0092625692486763,
        0.016476735472679138,
        0.00876078475266695,
        0.008465423248708248,
        0.007786148227751255,
        0.008815190754830837
    ],
    "mae": [
        0.5527152419090271,
        0.2295108288526535,
        0.19748274981975555,
        0.176534041762352,
        0.15911222994327545,
        0.14507034420967102,
        0.13499195873737335,
        0.12498370558023453,
        0.11509628593921661,
        0.10616561025381088
    ],
    "val_mae": [
        0.0737919732928276,
        0.054053012281656265,
        0.10545583814382553,
        0.055991560220718384,
        0.06180236488580704,
        0.08940970152616501,
        0.062221724539995193,
        0.060668885707855225,
        0.05550016462802887,
        0.06012776121497154
    ],
    "r2_metric": [
        -60.5321044921875,
        -62.98151779174805,
        -62.98640060424805,
        -62.93729782104492,
        -62.89598083496094,
        -62.85740280151367,
        -62.85204315185547,
        -62.853641510009766,
        -62.8570671081543,
        -62.8805046081543
    ],
    "val_r2_metric": [
        -63.502349853515625,
        -62.32297134399414,
        -61.59670639038086,
        -62.01785659790039,
        -61.43281173706055,
        -60.40861129760742,
        -61.27836608886719,
        -61.44971466064453,
        -61.61622619628906,
        -61.84724807739258
    ]
}