{
    "loss": [
        0.49382543563842773,
        0.07012822479009628,
        0.04826560243964195,
        0.03527083247900009,
        0.026415154337882996,
        0.02097415179014206,
        0.017419375479221344,
        0.015033802948892117,
        0.012586087919771671,
        0.010708224959671497
    ],
    "val_loss": [
        0.1606961488723755,
        0.05715930089354515,
        0.03985393047332764,
        0.06517433375120163,
        0.05958031117916107,
        0.0572352297604084,
        0.030583947896957397,
        0.03568585216999054,
        0.03721029311418533,
        0.04116309434175491
    ],
    "mae": [
        0.39341938495635986,
        0.1845497488975525,
        0.149034783244133,
        0.12467984110116959,
        0.10595335066318512,
        0.09409046918153763,
        0.08451609313488007,
        0.07721195369958878,
        0.06934209167957306,
        0.06258932501077652
    ],
    "val_mae": [
        0.34740468859672546,
        0.17603148519992828,
        0.14027345180511475,
        0.17590641975402832,
        0.16704116761684418,
        0.15236687660217285,
        0.09726624190807343,
        0.115317702293396,
        0.10920610278844833,
        0.1100764200091362
    ],
    "r2_metric": [
        -61.74660873413086,
        -62.961063385009766,
        -62.894771575927734,
        -62.89412307739258,
        -62.89279556274414,
        -62.90521240234375,
        -62.896278381347656,
        -62.91162109375,
        -62.929237365722656,
        -62.935882568359375
    ],
    "val_r2_metric": [
        -58.66191482543945,
        -58.45022964477539,
        -59.10111999511719,
        -57.88263702392578,
        -58.28466033935547,
        -58.29051971435547,
        -59.65406799316406,
        -59.41326904296875,
        -59.33022689819336,
        -59.19517135620117
    ]
}