{
    "loss": [
        0.5313502550125122,
        0.07972434163093567,
        0.0551917739212513,
        0.04056219011545181,
        0.03136281669139862,
        0.024307845160365105,
        0.019283844158053398,
        0.01622265949845314,
        0.013440537266433239,
        0.010841772891581059
    ],
    "val_loss": [
        0.03898569568991661,
        0.0377473384141922,
        0.027032140642404556,
        0.022809067741036415,
        0.006776375230401754,
        0.01280909776687622,
        0.009610501118004322,
        0.01670973375439644,
        0.017229873687028885,
        0.024454496800899506
    ],
    "mae": [
        0.41448378562927246,
        0.19776195287704468,
        0.16132931411266327,
        0.13720986247062683,
        0.12071067094802856,
        0.10610660910606384,
        0.09400802105665207,
        0.08542068302631378,
        0.07772312313318253,
        0.06946354359388351
    ],
    "val_mae": [
        0.1552601307630539,
        0.15263903141021729,
        0.11353056877851486,
        0.10639555752277374,
        0.0558263324201107,
        0.07459373027086258,
        0.05749144405126572,
        0.07541422545909882,
        0.0772581472992897,
        0.09102822095155716
    ],
    "r2_metric": [
        -61.65198516845703,
        -62.9771614074707,
        -62.92896270751953,
        -62.85617446899414,
        -62.845157623291016,
        -62.85614013671875,
        -62.880653381347656,
        -62.89099884033203,
        -62.8997688293457,
        -62.91117477416992
    ],
    "val_r2_metric": [
        -60.297950744628906,
        -60.16250228881836,
        -59.803043365478516,
        -59.97312927246094,
        -61.61959457397461,
        -60.81425094604492,
        -61.22871780395508,
        -60.50870132446289,
        -60.42796325683594,
        -59.940330505371094
    ]
}