{
    "loss": [
        0.5657515525817871,
        0.07845102995634079,
        0.052072957158088684,
        0.0375310443341732,
        0.0288029033690691,
        0.02239685319364071,
        0.018270354717969894,
        0.014708774164319038,
        0.013439884409308434,
        0.012092742137610912
    ],
    "val_loss": [
        0.06408077478408813,
        0.007990884594619274,
        0.0228451918810606,
        0.01391870528459549,
        0.025071460753679276,
        0.018452739343047142,
        0.017380114644765854,
        0.00889604538679123,
        0.008715305477380753,
        0.007050636690109968
    ],
    "mae": [
        0.4341253638267517,
        0.1968606561422348,
        0.1577756255865097,
        0.1333114504814148,
        0.11619003862142563,
        0.10071280598640442,
        0.09092205762863159,
        0.08033594489097595,
        0.07644976675510406,
        0.07204911857843399
    ],
    "val_mae": [
        0.22352688014507294,
        0.05187726020812988,
        0.106352299451828,
        0.07876818627119064,
        0.1173892542719841,
        0.09312920272350311,
        0.07824927568435669,
        0.05245199427008629,
        0.05003189295530319,
        0.04731466993689537
    ],
    "r2_metric": [
        -61.54231643676758,
        -62.93967056274414,
        -62.88226318359375,
        -62.83942413330078,
        -62.85947036743164,
        -62.86016082763672,
        -62.88977813720703,
        -62.89984130859375,
        -62.90434646606445,
        -62.90899658203125
    ],
    "val_r2_metric": [
        -1889.868896484375,
        -113.07184600830078,
        -855.7206420898438,
        -705.005615234375,
        -601.902099609375,
        -947.1904296875,
        -392.05633544921875,
        -176.79408264160156,
        -138.75514221191406,
        -146.93199157714844
    ]
}