{
    "loss": [
        0.5738399624824524,
        0.07917085289955139,
        0.05529109761118889,
        0.040651656687259674,
        0.0307365320622921,
        0.024119768291711807,
        0.019879858940839767,
        0.016596795991063118,
        0.014287669211626053,
        0.012257630936801434
    ],
    "val_loss": [
        0.011184636503458023,
        0.020960351452231407,
        0.008697044104337692,
        0.007594388443976641,
        0.0055177160538733006,
        0.008588448166847229,
        0.004728089552372694,
        0.002994353184476495,
        0.0056363726034760475,
        0.0032546198926866055
    ],
    "mae": [
        0.43369343876838684,
        0.19806824624538422,
        0.16267016530036926,
        0.13882623612880707,
        0.11981234699487686,
        0.10458441078662872,
        0.09401190280914307,
        0.08592261373996735,
        0.07982584834098816,
        0.07362000644207001
    ],
    "val_mae": [
        0.06926488876342773,
        0.10070282220840454,
        0.06078023836016655,
        0.060035280883312225,
        0.04214836657047272,
        0.05890068784356117,
        0.04146203398704529,
        0.02719290368258953,
        0.04370919242501259,
        0.03116111271083355
    ],
    "r2_metric": [
        -61.464664459228516,
        -62.97236251831055,
        -62.89751052856445,
        -62.84565353393555,
        -62.852779388427734,
        -62.871551513671875,
        -62.89730453491211,
        -62.905242919921875,
        -62.90746307373047,
        -62.9110107421875
    ],
    "val_r2_metric": [
        -62.41761016845703,
        -60.97071075439453,
        -61.55165100097656,
        -62.020626068115234,
        -62.07959747314453,
        -61.283538818359375,
        -61.97626495361328,
        -62.42818832397461,
        -61.74193572998047,
        -62.534889221191406
    ]
}