{
    "loss": [
        0.4503745138645172,
        0.06502515822649002,
        0.043411754071712494,
        0.03107254020869732,
        0.022898290306329727,
        0.016815252602100372,
        0.012126358225941658,
        0.010235638357698917,
        0.009052448906004429,
        0.008256201632320881
    ],
    "val_loss": [
        0.011548798531293869,
        0.07241647690534592,
        0.04755657911300659,
        0.03798552602529526,
        0.06660874933004379,
        0.06880810856819153,
        0.07859562337398529,
        0.07151761651039124,
        0.0763387382030487,
        0.0934479609131813
    ],
    "mae": [
        0.3780459761619568,
        0.17781278491020203,
        0.1418866664171219,
        0.11964789032936096,
        0.10115569829940796,
        0.08527027815580368,
        0.07082176208496094,
        0.06416940689086914,
        0.05947312340140343,
        0.056234121322631836
    ],
    "val_mae": [
        0.07526139169931412,
        0.21251331269741058,
        0.15520122647285461,
        0.12963034212589264,
        0.16264452040195465,
        0.1667018085718155,
        0.1697748899459839,
        0.1594047248363495,
        0.16081921756267548,
        0.18133984506130219
    ],
    "r2_metric": [
        -61.78923034667969,
        -62.95850372314453,
        -62.897117614746094,
        -62.87256622314453,
        -62.89577102661133,
        -62.909793853759766,
        -62.92501449584961,
        -62.93205261230469,
        -62.94061279296875,
        -62.944210052490234
    ],
    "val_r2_metric": [
        -61.69252395629883,
        -58.822227478027344,
        -58.65214538574219,
        -59.03672409057617,
        -57.93812561035156,
        -57.96967315673828,
        -57.743961334228516,
        -57.790809631347656,
        -57.71640396118164,
        -57.24634552001953
    ]
}