{
    "loss": [
        0.6425390839576721,
        0.08589596301317215,
        0.06256022304296494,
        0.04864731431007385,
        0.03935283422470093,
        0.03289724513888359,
        0.02730298414826393,
        0.024701036512851715,
        0.022716043516993523,
        0.02085289917886257
    ],
    "val_loss": [
        0.0261647030711174,
        0.04801557585597038,
        0.053235795348882675,
        0.03928697109222412,
        0.03186952322721481,
        0.03831350803375244,
        0.023867283016443253,
        0.012871150858700275,
        0.016209455206990242,
        0.018235299736261368
    ],
    "mae": [
        0.4647912085056305,
        0.20762601494789124,
        0.17502829432487488,
        0.15265603363513947,
        0.13663913309574127,
        0.12459925562143326,
        0.11191447824239731,
        0.1065455824136734,
        0.10202088952064514,
        0.09713005274534225
    ],
    "val_mae": [
        0.1185457706451416,
        0.1764347106218338,
        0.17335958778858185,
        0.14041827619075775,
        0.13695821166038513,
        0.13959674537181854,
        0.0983489379286766,
        0.07279405742883682,
        0.07573883980512619,
        0.08367818593978882
    ],
    "r2_metric": [
        -61.052650451660156,
        -62.934722900390625,
        -62.90733337402344,
        -62.88188552856445,
        -62.843997955322266,
        -62.854408264160156,
        -62.87406539916992,
        -62.86421585083008,
        -62.86853790283203,
        -62.88412094116211
    ],
    "val_r2_metric": [
        -60.86094284057617,
        -59.80990982055664,
        -59.157657623291016,
        -59.3322639465332,
        -60.293670654296875,
        -59.47787857055664,
        -59.769771575927734,
        -60.778316497802734,
        -60.57851791381836,
        -60.35212326049805
    ]
}