{
    "loss": [
        2.0187389850616455,
        0.17552374303340912,
        0.13443419337272644,
        0.11105246841907501,
        0.09767809510231018,
        0.08780515938997269,
        0.07814837247133255,
        0.07316775619983673,
        0.06802450865507126,
        0.06200281158089638
    ],
    "val_loss": [
        0.07796785980463028,
        0.03312858194112778,
        0.02574242278933525,
        0.022664520889520645,
        0.018079448491334915,
        0.018437545746564865,
        0.037104152143001556,
        0.04626571759581566,
        0.01821330189704895,
        0.014486717991530895
    ],
    "mae": [
        0.9346621036529541,
        0.3111248016357422,
        0.26559802889823914,
        0.23832519352436066,
        0.22296951711177826,
        0.20976044237613678,
        0.19706228375434875,
        0.18932734429836273,
        0.18194618821144104,
        0.17339713871479034
    ],
    "val_mae": [
        0.19936078786849976,
        0.11552475392818451,
        0.09488774836063385,
        0.08952021598815918,
        0.0712205097079277,
        0.07957535237073898,
        0.1371232271194458,
        0.16203847527503967,
        0.08048385381698608,
        0.06662318110466003
    ],
    "r2_metric": [
        -58.832176208496094,
        -62.56902313232422,
        -62.78790283203125,
        -62.842750549316406,
        -62.86886978149414,
        -62.8989372253418,
        -62.87709426879883,
        -62.864898681640625,
        -62.80296325683594,
        -62.8332633972168
    ],
    "val_r2_metric": [
        -62.4370231628418,
        -61.8985481262207,
        -61.51436996459961,
        -62.524803161621094,
        -62.23444366455078,
        -62.20840835571289,
        -60.24877166748047,
        -59.79801940917969,
        -61.068511962890625,
        -61.59672927856445
    ]
}