{
    "loss": [
        0.4306061267852783,
        0.06827127933502197,
        0.04542236402630806,
        0.03264699503779411,
        0.02408067137002945,
        0.018575994297862053,
        0.014896762557327747,
        0.012226657941937447,
        0.010201550088822842,
        0.00842240545898676
    ],
    "val_loss": [
        0.014406085014343262,
        0.03109642304480076,
        0.025373244658112526,
        0.009648283943533897,
        0.013824029825627804,
        0.007958153262734413,
        0.008164037019014359,
        0.011857154779136181,
        0.0076851192861795425,
        0.009573280811309814
    ],
    "mae": [
        0.37050411105155945,
        0.1832883059978485,
        0.14672183990478516,
        0.12430118024349213,
        0.10577074438333511,
        0.09164387732744217,
        0.08130709081888199,
        0.07304073870182037,
        0.06541681289672852,
        0.05790237337350845
    ],
    "val_mae": [
        0.08463510125875473,
        0.12535113096237183,
        0.11207282543182373,
        0.06667988747358322,
        0.0738346204161644,
        0.05143745616078377,
        0.0541512630879879,
        0.06049433723092079,
        0.045485083013772964,
        0.051963694393634796
    ],
    "r2_metric": [
        -61.79358673095703,
        -62.94738006591797,
        -62.87960433959961,
        -62.85758590698242,
        -62.868309020996094,
        -62.90116500854492,
        -62.90165328979492,
        -62.912437438964844,
        -62.92970275878906,
        -62.93899917602539
    ],
    "val_r2_metric": [
        -61.21272659301758,
        -59.97393798828125,
        -59.56891632080078,
        -61.099098205566406,
        -60.74274826049805,
        -61.56736373901367,
        -61.49357223510742,
        -60.941741943359375,
        -61.523681640625,
        -61.15461730957031
    ]
}