{
    "loss": [
        0.5924897193908691,
        0.08461569994688034,
        0.060524214059114456,
        0.04446926712989807,
        0.034020017832517624,
        0.026954684406518936,
        0.02150532230734825,
        0.017392566427588463,
        0.014714283868670464,
        0.01219111680984497
    ],
    "val_loss": [
        0.02285860665142536,
        0.02414010278880596,
        0.041285429149866104,
        0.013318195939064026,
        0.027408847585320473,
        0.01129421778023243,
        0.013897937722504139,
        0.013471467420458794,
        0.012356052175164223,
        0.008751852437853813
    ],
    "mae": [
        0.4443952739238739,
        0.20371776819229126,
        0.16909924149513245,
        0.14416790008544922,
        0.12640656530857086,
        0.112367644906044,
        0.09886492043733597,
        0.08899058401584625,
        0.08130672574043274,
        0.0734892189502716
    ],
    "val_mae": [
        0.11046230792999268,
        0.10888669639825821,
        0.14895546436309814,
        0.07706887274980545,
        0.11534370481967926,
        0.06819621473550797,
        0.07475191354751587,
        0.07078422605991364,
        0.06580871343612671,
        0.052311621606349945
    ],
    "r2_metric": [
        -61.146766662597656,
        -62.96965408325195,
        -62.90963363647461,
        -62.86177444458008,
        -62.85212326049805,
        -62.856685638427734,
        -62.87183380126953,
        -62.88584518432617,
        -62.89915466308594,
        -62.90538787841797
    ],
    "val_r2_metric": [
        -61.6214714050293,
        -60.34431076049805,
        -59.43165588378906,
        -60.77531051635742,
        -59.67393493652344,
        -60.963417053222656,
        -60.60515594482422,
        -60.86555862426758,
        -60.79103088378906,
        -61.29874801635742
    ]
}