{
    "loss": [
        2.9259510040283203,
        0.2775748670101166,
        0.17354683578014374,
        0.14505524933338165,
        0.1308923065662384,
        0.11393707990646362,
        0.10183234512805939,
        0.09646706283092499,
        0.0884433388710022,
        0.08644092828035355
    ],
    "val_loss": [
        0.2816571295261383,
        0.07871165871620178,
        0.07174328714609146,
        0.10700728744268417,
        0.05556676164269447,
        0.06962597370147705,
        0.08370302617549896,
        0.038541030138731,
        0.07717035710811615,
        0.021663621068000793
    ],
    "mae": [
        1.2576266527175903,
        0.3984953463077545,
        0.30893635749816895,
        0.2785644233226776,
        0.2616080045700073,
        0.24259766936302185,
        0.2285558581352234,
        0.22153964638710022,
        0.21278329193592072,
        0.20926454663276672
    ],
    "val_mae": [
        0.39376360177993774,
        0.19839410483837128,
        0.20581868290901184,
        0.2691238224506378,
        0.18372146785259247,
        0.21253693103790283,
        0.23765303194522858,
        0.14432783424854279,
        0.22868171334266663,
        0.08022405207157135
    ],
    "r2_metric": [
        -54.524391174316406,
        -61.71355438232422,
        -62.52751159667969,
        -62.74364471435547,
        -62.75727844238281,
        -62.853755950927734,
        -62.90031433105469,
        -62.850955963134766,
        -62.80451202392578,
        -62.80168533325195
    ],
    "val_r2_metric": [
        -29258.146484375,
        -41126.06640625,
        -34344.453125,
        -25224.08203125,
        -21183.828125,
        -31773.392578125,
        -37331.1640625,
        -8945.4228515625,
        -40097.80859375,
        -724.0049438476562
    ]
}