{
    "loss": [
        0.7886643409729004,
        0.10247903317213058,
        0.07727741450071335,
        0.062019892036914825,
        0.05182266980409622,
        0.043782398104667664,
        0.03688399866223335,
        0.03156382218003273,
        0.029083801433444023,
        0.02708599530160427
    ],
    "val_loss": [
        0.03738616779446602,
        0.03534277528524399,
        0.044910576194524765,
        0.06889689713716507,
        0.07369477301836014,
        0.09512747079133987,
        0.047476936131715775,
        0.07682477682828903,
        0.1101580485701561,
        0.11880843341350555
    ],
    "mae": [
        0.5354520082473755,
        0.22889678180217743,
        0.19617578387260437,
        0.17471086978912354,
        0.1574193388223648,
        0.14417074620723724,
        0.13249243795871735,
        0.12178730964660645,
        0.11724524945020676,
        0.11333861947059631
    ],
    "val_mae": [
        0.15367192029953003,
        0.14357881247997284,
        0.16571027040481567,
        0.2023451328277588,
        0.19382956624031067,
        0.2258298099040985,
        0.1513795405626297,
        0.19523893296718597,
        0.22178032994270325,
        0.23166349530220032
    ],
    "r2_metric": [
        -60.06937789916992,
        -62.93195343017578,
        -62.92733383178711,
        -62.91941833496094,
        -62.85294723510742,
        -62.84217071533203,
        -62.848907470703125,
        -62.853797912597656,
        -62.85421371459961,
        -62.86688232421875
    ],
    "val_r2_metric": [
        -61.94807052612305,
        -60.23720932006836,
        -60.02949142456055,
        -58.707054138183594,
        -57.67295455932617,
        -57.59156799316406,
        -58.60005187988281,
        -57.7631950378418,
        -56.37228012084961,
        -56.43104934692383
    ]
}