{
    "loss": [
        9.321324348449707,
        3.7509851455688477,
        1.6285570859909058,
        1.0311248302459717,
        0.7778118848800659,
        0.6247345209121704,
        0.4875001907348633,
        0.41149356961250305,
        0.3644236922264099,
        0.3406795263290405
    ],
    "val_loss": [
        4.839999675750732,
        1.7869020700454712,
        1.1002836227416992,
        0.7303083539009094,
        0.5075567960739136,
        0.3808591663837433,
        0.29485175013542175,
        0.24308297038078308,
        0.20297785103321075,
        0.18249079585075378
    ],
    "mae": [
        2.5350983142852783,
        1.6540565490722656,
        1.0486664772033691,
        0.8209185004234314,
        0.6977373361587524,
        0.6275189518928528,
        0.5453855991363525,
        0.49683722853660583,
        0.4695688486099243,
        0.45057055354118347
    ],
    "val_mae": [
        1.9165805578231812,
        1.1095994710922241,
        0.8408243656158447,
        0.6660575270652771,
        0.533935010433197,
        0.4526730179786682,
        0.39264318346977234,
        0.34885579347610474,
        0.31427666544914246,
        0.2930569350719452
    ],
    "r2_metric": [
        -70.23395538330078,
        -39.203956604003906,
        -52.09613037109375,
        -55.63813018798828,
        -57.62311935424805,
        -58.84996032714844,
        -59.73719787597656,
        -60.10590362548828,
        -60.58346176147461,
        -60.92450714111328
    ],
    "val_r2_metric": [
        -36.42720031738281,
        -48.78169250488281,
        -56.03438186645508,
        -58.2188606262207,
        -60.34737014770508,
        -61.19464874267578,
        -60.21968460083008,
        -62.40940856933594,
        -61.32719039916992,
        -61.709129333496094
    ]
}