{
    "loss": [
        0.565697431564331,
        0.07688065618276596,
        0.054010506719350815,
        0.0392947643995285,
        0.030604170635342598,
        0.02421731688082218,
        0.02002961002290249,
        0.015901226550340652,
        0.014491724781692028,
        0.013637560419738293
    ],
    "val_loss": [
        0.03641197457909584,
        0.012861266732215881,
        0.041474804282188416,
        0.04775364324450493,
        0.030926281586289406,
        0.019907211884856224,
        0.018258072435855865,
        0.020245308056473732,
        0.02626298926770687,
        0.024328002706170082
    ],
    "mae": [
        0.42783164978027344,
        0.1938488781452179,
        0.15914811193943024,
        0.13369858264923096,
        0.11765222996473312,
        0.10397077351808548,
        0.0945701077580452,
        0.08424215763807297,
        0.0804683044552803,
        0.07789440453052521
    ],
    "val_mae": [
        0.15550976991653442,
        0.0743987187743187,
        0.1427813023328781,
        0.1481631100177765,
        0.11565544456243515,
        0.08478187024593353,
        0.07996535301208496,
        0.08211636543273926,
        0.09976598620414734,
        0.09646940231323242
    ],
    "r2_metric": [
        -61.685401916503906,
        -62.97265625,
        -62.9241943359375,
        -62.858585357666016,
        -62.86854934692383,
        -62.876312255859375,
        -62.88560104370117,
        -62.902862548828125,
        -62.8980827331543,
        -62.89873123168945
    ],
    "val_r2_metric": [
        -61.39744186401367,
        -61.15975570678711,
        -58.97259521484375,
        -58.47074890136719,
        -59.355995178222656,
        -60.314666748046875,
        -60.44853591918945,
        -60.23102569580078,
        -59.72188186645508,
        -59.90686798095703
    ]
}