{
    "loss": [
        0.5927994251251221,
        0.08026794344186783,
        0.0578235387802124,
        0.04328852519392967,
        0.03405259549617767,
        0.027100080624222755,
        0.022111445665359497,
        0.018255408853292465,
        0.015020552091300488,
        0.012693099677562714
    ],
    "val_loss": [
        0.014417792670428753,
        0.01884324662387371,
        0.01920154131948948,
        0.011424179188907146,
        0.011900224722921848,
        0.009021786972880363,
        0.0046816421672701836,
        0.01060920488089323,
        0.010539868846535683,
        0.006778963841497898
    ],
    "mae": [
        0.4398788511753082,
        0.2003447264432907,
        0.16708362102508545,
        0.1424206793308258,
        0.12537507712841034,
        0.1112789511680603,
        0.0997665748000145,
        0.09058091044425964,
        0.08180689811706543,
        0.07499486207962036
    ],
    "val_mae": [
        0.07961609959602356,
        0.09701190143823624,
        0.1009323000907898,
        0.07084358483552933,
        0.0799732655286789,
        0.060923054814338684,
        0.0388372503221035,
        0.06300331652164459,
        0.05899878218770027,
        0.04634673148393631
    ],
    "r2_metric": [
        -61.15666961669922,
        -62.93852233886719,
        -62.91089630126953,
        -62.855472564697266,
        -62.851844787597656,
        -62.857276916503906,
        -62.87396240234375,
        -62.877986907958984,
        -62.89247512817383,
        -62.905025482177734
    ],
    "val_r2_metric": [
        -62.3803825378418,
        -60.890899658203125,
        -60.0996208190918,
        -60.98091125488281,
        -60.8186149597168,
        -61.26225662231445,
        -62.21744155883789,
        -60.975616455078125,
        -61.034278869628906,
        -61.643802642822266
    ]
}