{
    "loss": [
        0.4701974391937256,
        0.06785832345485687,
        0.04522586613893509,
        0.03196503221988678,
        0.0232052281498909,
        0.01810241863131523,
        0.014660593122243881,
        0.011933785863220692,
        0.00978432223200798,
        0.007794007658958435
    ],
    "val_loss": [
        0.010680978186428547,
        0.012981154024600983,
        0.018939057365059853,
        0.011303597129881382,
        0.008154558017849922,
        0.003533331211656332,
        0.0057026175782084465,
        0.003760185558348894,
        0.002596674719825387,
        0.004134821239858866
    ],
    "mae": [
        0.3797481656074524,
        0.18027302622795105,
        0.14362046122550964,
        0.11992747336626053,
        0.10214804857969284,
        0.08964045345783234,
        0.08039458096027374,
        0.07089405506849289,
        0.06150460243225098,
        0.053127311170101166
    ],
    "val_mae": [
        0.07470662146806717,
        0.07619958370923996,
        0.09272226691246033,
        0.07479824870824814,
        0.05751713737845421,
        0.03773842751979828,
        0.04530131816864014,
        0.035570576786994934,
        0.026498660445213318,
        0.03234608843922615
    ],
    "r2_metric": [
        -61.98075866699219,
        -62.955543518066406,
        -62.87966537475586,
        -62.86809539794922,
        -62.87105941772461,
        -62.8836555480957,
        -62.89067077636719,
        -62.902976989746094,
        -62.91431427001953,
        -62.92611312866211
    ],
    "val_r2_metric": [
        -61.88665771484375,
        -60.770973205566406,
        -60.38887023925781,
        -60.845497131347656,
        -61.425148010253906,
        -62.70856857299805,
        -61.560115814208984,
        -62.18527603149414,
        -62.33347702026367,
        -62.06190872192383
    ]
}