{
    "loss": [
        0.5550482869148254,
        0.0774247869849205,
        0.054881539195775986,
        0.04037094861268997,
        0.030706878751516342,
        0.02433258295059204,
        0.020024489611387253,
        0.016671353951096535,
        0.014258036389946938,
        0.011965389363467693
    ],
    "val_loss": [
        0.03605193272233009,
        0.02206447347998619,
        0.010250014252960682,
        0.012395992875099182,
        0.007915396243333817,
        0.008431987836956978,
        0.00631497148424387,
        0.014339778572320938,
        0.0076087224297225475,
        0.006314587313681841
    ],
    "mae": [
        0.43225061893463135,
        0.19632554054260254,
        0.162924662232399,
        0.1378820389509201,
        0.11838892102241516,
        0.1042339876294136,
        0.09472876042127609,
        0.085318423807621,
        0.07865985482931137,
        0.07066081464290619
    ],
    "val_mae": [
        0.1380227953195572,
        0.10944046080112457,
        0.06284870207309723,
        0.0719088539481163,
        0.05525476485490799,
        0.05666719749569893,
        0.047934066504240036,
        0.07129985094070435,
        0.0462966114282608,
        0.04149947315454483
    ],
    "r2_metric": [
        -61.20655059814453,
        -62.93567657470703,
        -62.890567779541016,
        -62.85972213745117,
        -62.85731887817383,
        -62.89335250854492,
        -62.89494323730469,
        -62.90455627441406,
        -62.907920837402344,
        -62.92585372924805
    ],
    "val_r2_metric": [
        -60.18683624267578,
        -61.05031967163086,
        -61.61260223388672,
        -61.10495376586914,
        -61.50178146362305,
        -61.35710906982422,
        -61.66196823120117,
        -60.73384475708008,
        -61.49940872192383,
        -61.6690788269043
    ]
}