{
    "loss": [
        0.4619671702384949,
        0.06886035203933716,
        0.04812914505600929,
        0.034963008016347885,
        0.027019834145903587,
        0.02141810767352581,
        0.016815362498164177,
        0.014156029559671879,
        0.01138827484101057,
        0.009283479303121567
    ],
    "val_loss": [
        0.03243786469101906,
        0.006000171881169081,
        0.005538599099963903,
        0.010506619699299335,
        0.003401563735678792,
        0.00321437930688262,
        0.003062519012019038,
        0.002566828392446041,
        0.0021203679498285055,
        0.0016678019892424345
    ],
    "mae": [
        0.3728795349597931,
        0.18231873214244843,
        0.14968883991241455,
        0.12588530778884888,
        0.1106310784816742,
        0.09800867736339569,
        0.08655410259962082,
        0.07871075719594955,
        0.06933851540088654,
        0.061309341341257095
    ],
    "val_mae": [
        0.1382848024368286,
        0.044653210788965225,
        0.04590526595711708,
        0.06467638909816742,
        0.03248164802789688,
        0.029933344572782516,
        0.03191712126135826,
        0.03160848468542099,
        0.02292536571621895,
        0.016306836158037186
    ],
    "r2_metric": [
        -61.9358024597168,
        -62.97576904296875,
        -62.909934997558594,
        -62.86048889160156,
        -62.87550354003906,
        -62.880638122558594,
        -62.89372634887695,
        -62.89720153808594,
        -62.90291976928711,
        -62.91481018066406
    ],
    "val_r2_metric": [
        -59.9490852355957,
        -62.34757995605469,
        -62.56272506713867,
        -61.40407180786133,
        -62.373111724853516,
        -63.303157806396484,
        -62.28314208984375,
        -63.33496856689453,
        -62.382503509521484,
        -62.70620346069336
    ]
}