{
    "loss": [
        0.7827221155166626,
        0.09611151367425919,
        0.07029411196708679,
        0.056261032819747925,
        0.045776769518852234,
        0.03860589861869812,
        0.032769106328487396,
        0.028644494712352753,
        0.024913670495152473,
        0.021164949983358383
    ],
    "val_loss": [
        0.02439204603433609,
        0.029702484607696533,
        0.03277646750211716,
        0.03299621492624283,
        0.04734957218170166,
        0.01203555054962635,
        0.02647009678184986,
        0.01728939823806286,
        0.02230754867196083,
        0.009538557380437851
    ],
    "mae": [
        0.5252716541290283,
        0.22030578553676605,
        0.1866116225719452,
        0.16476857662200928,
        0.14687420427799225,
        0.13453716039657593,
        0.12394722551107407,
        0.11638213694095612,
        0.10799102485179901,
        0.09906308352947235
    ],
    "val_mae": [
        0.11384724080562592,
        0.1274029016494751,
        0.13127760589122772,
        0.12643463909626007,
        0.1533283144235611,
        0.06704812496900558,
        0.10914041846990585,
        0.08256277441978455,
        0.09652934223413467,
        0.06051868572831154
    ],
    "r2_metric": [
        -60.628414154052734,
        -62.95912170410156,
        -62.93983459472656,
        -62.914161682128906,
        -62.88943099975586,
        -62.83646011352539,
        -62.86171340942383,
        -62.86111068725586,
        -62.87446594238281,
        -62.88048553466797
    ],
    "val_r2_metric": [
        -61.54424285888672,
        -60.01076889038086,
        -59.75653076171875,
        -59.716941833496094,
        -58.97835922241211,
        -61.3442497253418,
        -60.19853973388672,
        -60.55185317993164,
        -59.95795440673828,
        -61.38108825683594
    ]
}