{
    "loss": [
        0.6836045384407043,
        0.09313184767961502,
        0.07166828960180283,
        0.057144857943058014,
        0.047688715159893036,
        0.039788007736206055,
        0.03351067751646042,
        0.027449239045381546,
        0.025255469605326653,
        0.023401590064167976
    ],
    "val_loss": [
        0.01714192144572735,
        0.011785666458308697,
        0.012084792368113995,
        0.015179158188402653,
        0.016182059422135353,
        0.012260164134204388,
        0.013779251836240292,
        0.007407265715301037,
        0.008887570351362228,
        0.005709386896342039
    ],
    "mae": [
        0.4871172606945038,
        0.21682991087436676,
        0.1872333288192749,
        0.16534242033958435,
        0.14913082122802734,
        0.13544757664203644,
        0.1237015500664711,
        0.1107332706451416,
        0.10597015917301178,
        0.10158147662878036
    ],
    "val_mae": [
        0.08546903729438782,
        0.0666273906826973,
        0.07505662739276886,
        0.08337078243494034,
        0.08458150178194046,
        0.0727483332157135,
        0.07592306286096573,
        0.052905380725860596,
        0.05420932546257973,
        0.04184814915060997
    ],
    "r2_metric": [
        -60.64889907836914,
        -62.98526382446289,
        -62.954349517822266,
        -62.925662994384766,
        -62.89237594604492,
        -62.853694915771484,
        -62.86107635498047,
        -62.879703521728516,
        -62.884098052978516,
        -62.88758850097656
    ],
    "val_r2_metric": [
        -62.40781784057617,
        -63.069454193115234,
        -61.219547271728516,
        -60.63243103027344,
        -60.52497863769531,
        -60.87809753417969,
        -60.987117767333984,
        -61.528690338134766,
        -61.297882080078125,
        -61.89155197143555
    ]
}