{
    "loss": [
        1.7611076831817627,
        0.20245417952537537,
        0.13848243653774261,
        0.11750824749469757,
        0.1050863265991211,
        0.09359317272901535,
        0.0847567692399025,
        0.07691572606563568,
        0.07012628763914108,
        0.0661330446600914
    ],
    "val_loss": [
        0.11650510877370834,
        0.05935616418719292,
        0.03364561125636101,
        0.0210704505443573,
        0.03987675532698631,
        0.034436386078596115,
        0.024619493633508682,
        0.019701777026057243,
        0.017861301079392433,
        0.01839250698685646
    ],
    "mae": [
        0.903831422328949,
        0.3345952332019806,
        0.27103424072265625,
        0.24817931652069092,
        0.23274272680282593,
        0.21716882288455963,
        0.207118421792984,
        0.19708718359470367,
        0.18767324090003967,
        0.18161541223526
    ],
    "val_mae": [
        0.2406487911939621,
        0.17942103743553162,
        0.1211450919508934,
        0.07856983691453934,
        0.148058220744133,
        0.13400031626224518,
        0.10535616427659988,
        0.08699789643287659,
        0.08114653825759888,
        0.0884164348244667
    ],
    "r2_metric": [
        -57.18540954589844,
        -62.433868408203125,
        -62.74071502685547,
        -62.86663055419922,
        -62.87839889526367,
        -62.885066986083984,
        -62.86634063720703,
        -62.88487243652344,
        -62.8771858215332,
        -62.844932556152344
    ],
    "val_r2_metric": [
        -64.48886108398438,
        -61.272918701171875,
        -61.97063064575195,
        -62.6735725402832,
        -61.07285690307617,
        -60.1336555480957,
        -61.79862976074219,
        -61.11239242553711,
        -61.13791275024414,
        -62.29132080078125
    ]
}