{
    "loss": [
        2.22039794921875,
        0.20868971943855286,
        0.13881196081638336,
        0.11457381397485733,
        0.10122478008270264,
        0.09012243151664734,
        0.08509140461683273,
        0.07551957666873932,
        0.0718606635928154,
        0.06676159054040909
    ],
    "val_loss": [
        0.17936338484287262,
        0.04291670396924019,
        0.02563718892633915,
        0.03440536558628082,
        0.029298672452569008,
        0.019780894741415977,
        0.03465637192130089,
        0.019644426181912422,
        0.016959166154265404,
        0.026756880804896355
    ],
    "mae": [
        1.0374524593353271,
        0.34143292903900146,
        0.2712368071079254,
        0.2431178241968155,
        0.22708094120025635,
        0.2115185558795929,
        0.20511601865291595,
        0.19290927052497864,
        0.18796686828136444,
        0.18016204237937927
    ],
    "val_mae": [
        0.31261417269706726,
        0.1319509595632553,
        0.09258338809013367,
        0.12543073296546936,
        0.10872279852628708,
        0.07967019081115723,
        0.1341957002878189,
        0.08289844542741776,
        0.07226456701755524,
        0.11061624437570572
    ],
    "r2_metric": [
        -57.62667465209961,
        -62.34847640991211,
        -62.75283432006836,
        -62.88477325439453,
        -62.89255905151367,
        -62.88896942138672,
        -62.873233795166016,
        -62.83316421508789,
        -62.85273742675781,
        -62.87611770629883
    ],
    "val_r2_metric": [
        -62.939788818359375,
        -63.20041275024414,
        -63.43271255493164,
        -61.25084686279297,
        -60.82183837890625,
        -61.46257019042969,
        -60.955413818359375,
        -61.2993049621582,
        -61.713722229003906,
        -60.576148986816406
    ]
}