{
    "loss": [
        0.5813373923301697,
        0.08101672679185867,
        0.05890290439128876,
        0.04468369856476784,
        0.03470988944172859,
        0.02816162072122097,
        0.021904446184635162,
        0.019723789766430855,
        0.01791716180741787,
        0.016335345804691315
    ],
    "val_loss": [
        0.008998161181807518,
        0.013096430338919163,
        0.027126625180244446,
        0.031363893300294876,
        0.018036065623164177,
        0.013206173665821552,
        0.0173772182315588,
        0.01411045715212822,
        0.011776021681725979,
        0.013767621479928493
    ],
    "mae": [
        0.43827879428863525,
        0.19962933659553528,
        0.16711044311523438,
        0.1427135020494461,
        0.1257469207048416,
        0.11299233138561249,
        0.09989427030086517,
        0.09472217410802841,
        0.09015527367591858,
        0.0862639844417572
    ],
    "val_mae": [
        0.05338962748646736,
        0.07361847162246704,
        0.12106875330209732,
        0.1287892907857895,
        0.0846816822886467,
        0.07386651635169983,
        0.08368367701768875,
        0.06928683817386627,
        0.06084132939577103,
        0.06927645206451416
    ],
    "r2_metric": [
        -61.19743728637695,
        -62.9588737487793,
        -62.93424606323242,
        -62.87078857421875,
        -62.846309661865234,
        -62.86045837402344,
        -62.884010314941406,
        -62.887451171875,
        -62.88772201538086,
        -62.8909912109375
    ],
    "val_r2_metric": [
        -63.15545654296875,
        -61.2918815612793,
        -60.18645477294922,
        -60.03124237060547,
        -60.57612991333008,
        -60.788978576660156,
        -60.26520919799805,
        -60.67527389526367,
        -61.00876235961914,
        -60.75590896606445
    ]
}