{
    "loss": [
        0.49764713644981384,
        0.07242976129055023,
        0.04952215403318405,
        0.03702208027243614,
        0.028405502438545227,
        0.021638013422489166,
        0.017630768939852715,
        0.014467442408204079,
        0.011709487065672874,
        0.009087370708584785
    ],
    "val_loss": [
        0.057909466326236725,
        0.045566804707050323,
        0.05375579744577408,
        0.0165223591029644,
        0.02821928821504116,
        0.027615509927272797,
        0.02712065912783146,
        0.04400120675563812,
        0.04077444225549698,
        0.046686455607414246
    ],
    "mae": [
        0.40323442220687866,
        0.18776638805866241,
        0.15164725482463837,
        0.13029587268829346,
        0.11298926919698715,
        0.09732465445995331,
        0.08728770911693573,
        0.07852131873369217,
        0.06985748559236526,
        0.06073844060301781
    ],
    "val_mae": [
        0.19619619846343994,
        0.15984193980693817,
        0.17019659280776978,
        0.08623023331165314,
        0.10844652354717255,
        0.10326697677373886,
        0.09503262490034103,
        0.126230850815773,
        0.11531563848257065,
        0.11719673126935959
    ],
    "r2_metric": [
        -61.7642936706543,
        -62.9788932800293,
        -62.912452697753906,
        -62.85907745361328,
        -62.890594482421875,
        -62.89457702636719,
        -62.904449462890625,
        -62.91029739379883,
        -62.93235397338867,
        -62.941078186035156
    ],
    "val_r2_metric": [
        -59.81626892089844,
        -59.149166107177734,
        -58.62337112426758,
        -60.430511474609375,
        -59.6036376953125,
        -59.702362060546875,
        -59.758750915527344,
        -59.059444427490234,
        -59.131378173828125,
        -58.92424774169922
    ]
}