{
    "loss": [
        0.6120237112045288,
        0.08719728142023087,
        0.0627947673201561,
        0.04803893342614174,
        0.037922557443380356,
        0.031087160110473633,
        0.02526969276368618,
        0.021354835480451584,
        0.018762094900012016,
        0.01589343510568142
    ],
    "val_loss": [
        0.021435795351862907,
        0.009709445759654045,
        0.010093096643686295,
        0.01044676173478365,
        0.01027215551584959,
        0.005211412440985441,
        0.005288965068757534,
        0.004025904927402735,
        0.002796858549118042,
        0.005096154287457466
    ],
    "mae": [
        0.45971202850341797,
        0.20854254066944122,
        0.17445360124111176,
        0.1510271430015564,
        0.13350312411785126,
        0.12022411078214645,
        0.10723717510700226,
        0.09703923016786575,
        0.08962839096784592,
        0.08233741670846939
    ],
    "val_mae": [
        0.10299905389547348,
        0.06023571267724037,
        0.07125703245401382,
        0.07091663777828217,
        0.0702258050441742,
        0.04680321365594864,
        0.04561581090092659,
        0.037878308445215225,
        0.02596590481698513,
        0.04255272075533867
    ],
    "r2_metric": [
        -61.195594787597656,
        -62.967613220214844,
        -62.93204116821289,
        -62.86882781982422,
        -62.85797882080078,
        -62.86651611328125,
        -62.88562774658203,
        -62.91035079956055,
        -62.90953063964844,
        -62.910972595214844
    ],
    "val_r2_metric": [
        -61.06534194946289,
        -62.82149887084961,
        -61.818359375,
        -61.199283599853516,
        -61.001792907714844,
        -62.00144577026367,
        -61.914947509765625,
        -62.27949142456055,
        -62.51713180541992,
        -61.723594665527344
    ]
}