{
    "loss": [
        0.6014186143875122,
        0.07879678905010223,
        0.05653487518429756,
        0.04279699549078941,
        0.03429926931858063,
        0.02815481834113598,
        0.0220747422426939,
        0.019741995260119438,
        0.017643103376030922,
        0.016049260273575783
    ],
    "val_loss": [
        0.014911877922713757,
        0.049502916634082794,
        0.024207668378949165,
        0.02947995252907276,
        0.03621451556682587,
        0.05796187371015549,
        0.03596028685569763,
        0.03038623556494713,
        0.022044822573661804,
        0.018075374886393547
    ],
    "mae": [
        0.4390878677368164,
        0.19675280153751373,
        0.16346929967403412,
        0.13998785614967346,
        0.1257457584142685,
        0.11323216557502747,
        0.09931250661611557,
        0.09382990747690201,
        0.08846256881952286,
        0.08372997492551804
    ],
    "val_mae": [
        0.08343572914600372,
        0.17665861546993256,
        0.10698652267456055,
        0.11389201134443283,
        0.12718932330608368,
        0.1631726175546646,
        0.12281887233257294,
        0.10854139178991318,
        0.0835578516125679,
        0.0790599063038826
    ],
    "r2_metric": [
        -61.35851287841797,
        -62.978858947753906,
        -62.929805755615234,
        -62.867515563964844,
        -62.85546875,
        -62.84999465942383,
        -62.88274002075195,
        -62.882354736328125,
        -62.87824630737305,
        -62.8879508972168
    ],
    "val_r2_metric": [
        -729.8529052734375,
        -3250.296630859375,
        -2963.042236328125,
        -2968.3564453125,
        -3626.039794921875,
        -10138.55859375,
        -6149.30908203125,
        -5446.10546875,
        -4644.77490234375,
        -2912.252685546875
    ]
}