{
    "loss": [
        1.1394832134246826,
        0.12774808704853058,
        0.09689557552337646,
        0.08115027099847794,
        0.06923730671405792,
        0.059865109622478485,
        0.052745603024959564,
        0.045205406844615936,
        0.04233936965465546,
        0.03895701467990875
    ],
    "val_loss": [
        0.028282983228564262,
        0.014150912873446941,
        0.024388683959841728,
        0.019197965040802956,
        0.028929853811860085,
        0.023005258291959763,
        0.014936953783035278,
        0.006460338365286589,
        0.007101529277861118,
        0.01177059393376112
    ],
    "mae": [
        0.6493485569953918,
        0.2550981938838959,
        0.21819902956485748,
        0.19664496183395386,
        0.18146181106567383,
        0.16782638430595398,
        0.1568109095096588,
        0.14308275282382965,
        0.1384429931640625,
        0.13330742716789246
    ],
    "val_mae": [
        0.11668868362903595,
        0.07002980262041092,
        0.11390280723571777,
        0.09082920104265213,
        0.1264522224664688,
        0.11225764453411102,
        0.08501442521810532,
        0.04591483250260353,
        0.0522930882871151,
        0.07606146484613419
    ],
    "r2_metric": [
        -60.56580352783203,
        -62.98761749267578,
        -62.98326873779297,
        -63.001041412353516,
        -62.96970748901367,
        -62.95743179321289,
        -62.91958236694336,
        -62.90447998046875,
        -62.8805046081543,
        -62.882572174072266
    ],
    "val_r2_metric": [
        -61.95425033569336,
        -62.07666778564453,
        -61.07778549194336,
        -60.49995040893555,
        -60.523136138916016,
        -60.78888702392578,
        -61.12190246582031,
        -61.89094543457031,
        -61.677127838134766,
        -60.77944564819336
    ]
}