{
    "loss": [
        0.615512490272522,
        0.08167434483766556,
        0.060402762144804,
        0.045649413019418716,
        0.035276856273412704,
        0.027407120913267136,
        0.022375160828232765,
        0.0176599882543087,
        0.01624768041074276,
        0.014978780411183834
    ],
    "val_loss": [
        0.015429570339620113,
        0.013388854451477528,
        0.020003240555524826,
        0.014532530680298805,
        0.01985584758222103,
        0.014627295546233654,
        0.014913608320057392,
        0.00605045398697257,
        0.010720373131334782,
        0.005800276529043913
    ],
    "mae": [
        0.44565829634666443,
        0.20005345344543457,
        0.168483167886734,
        0.14455796778202057,
        0.12592600286006927,
        0.10999173671007156,
        0.0992056354880333,
        0.08844775706529617,
        0.08502212166786194,
        0.08164487034082413
    ],
    "val_mae": [
        0.0905894786119461,
        0.08027640730142593,
        0.1040918305516243,
        0.08630889654159546,
        0.09910009801387787,
        0.07449346780776978,
        0.07464801520109177,
        0.04321468621492386,
        0.06098568066954613,
        0.04653242230415344
    ],
    "r2_metric": [
        -61.45061492919922,
        -63.0014762878418,
        -62.94072341918945,
        -62.87642288208008,
        -62.84457778930664,
        -62.87302017211914,
        -62.878562927246094,
        -62.8824348449707,
        -62.89139175415039,
        -62.89837646484375
    ],
    "val_r2_metric": [
        -63.25886154174805,
        -62.14960479736328,
        -60.627593994140625,
        -60.915462493896484,
        -60.01594924926758,
        -60.67719650268555,
        -60.812740325927734,
        -61.7419548034668,
        -61.09675979614258,
        -61.82407760620117
    ]
}