{
    "loss": [
        0.6456196904182434,
        0.09004896134138107,
        0.06805676221847534,
        0.0522654689848423,
        0.041184309870004654,
        0.03367389366030693,
        0.028423771262168884,
        0.023987863212823868,
        0.020502906292676926,
        0.01736675389111042
    ],
    "val_loss": [
        0.026085514575242996,
        0.0445050373673439,
        0.025345098227262497,
        0.010049211792647839,
        0.007669907528907061,
        0.013429214246571064,
        0.009278855286538601,
        0.004040784202516079,
        0.009829318150877953,
        0.00624754698947072
    ],
    "mae": [
        0.4707368314266205,
        0.21277505159378052,
        0.18122027814388275,
        0.1579006165266037,
        0.13965670764446259,
        0.12638546526432037,
        0.11584354192018509,
        0.1060974970459938,
        0.09706027060747147,
        0.08859939128160477
    ],
    "val_mae": [
        0.11628084629774094,
        0.16299211978912354,
        0.13013337552547455,
        0.06267298012971878,
        0.0596349835395813,
        0.0779736265540123,
        0.06265504658222198,
        0.03336202725768089,
        0.061731066554784775,
        0.047752488404512405
    ],
    "r2_metric": [
        -60.9427375793457,
        -62.971256256103516,
        -62.94400405883789,
        -62.91776657104492,
        -62.86370086669922,
        -62.84806823730469,
        -62.861995697021484,
        -62.87747573852539,
        -62.89796447753906,
        -62.89167022705078
    ],
    "val_r2_metric": [
        -60.75762176513672,
        -59.594425201416016,
        -61.79884338378906,
        -61.582401275634766,
        -62.1686897277832,
        -60.703330993652344,
        -61.13462829589844,
        -63.22041320800781,
        -61.346343994140625,
        -61.5916633605957
    ]
}