{
    "loss": [
        0.6990926861763,
        0.0918964296579361,
        0.06813544034957886,
        0.053865525871515274,
        0.043485093861818314,
        0.03600631654262543,
        0.030287200585007668,
        0.025227494537830353,
        0.021826867014169693,
        0.01926868036389351
    ],
    "val_loss": [
        0.018601905554533005,
        0.028782693669199944,
        0.011991969309747219,
        0.009897441603243351,
        0.01920313574373722,
        0.00798307079821825,
        0.004676559939980507,
        0.0058962153270840645,
        0.004643840715289116,
        0.0048120287247002125
    ],
    "mae": [
        0.4776269495487213,
        0.21354274451732635,
        0.1809392273426056,
        0.16017815470695496,
        0.14248989522457123,
        0.1296340376138687,
        0.11850821226835251,
        0.10697084665298462,
        0.09822978079319,
        0.09200382977724075
    ],
    "val_mae": [
        0.09526130557060242,
        0.13164333999156952,
        0.07217235118150711,
        0.06424085795879364,
        0.10045352578163147,
        0.06459347903728485,
        0.03939715772867203,
        0.045937392860651016,
        0.03949277102947235,
        0.0407467745244503
    ],
    "r2_metric": [
        -61.24691390991211,
        -63.01763916015625,
        -62.959373474121094,
        -62.91489028930664,
        -62.86164855957031,
        -62.84009552001953,
        -62.86295700073242,
        -62.881561279296875,
        -62.89318084716797,
        -62.89113235473633
    ],
    "val_r2_metric": [
        -61.30448532104492,
        -60.96780776977539,
        -61.390411376953125,
        -61.197662353515625,
        -59.98249053955078,
        -62.37034225463867,
        -62.13498306274414,
        -61.88935089111328,
        -62.92985534667969,
        -61.99783706665039
    ]
}