{
    "loss": [
        2.0270321369171143,
        0.1933676302433014,
        0.14138449728488922,
        0.11544393002986908,
        0.10253902524709702,
        0.0935279056429863,
        0.08716544508934021,
        0.07784692198038101,
        0.07123590260744095,
        0.06723009794950485
    ],
    "val_loss": [
        0.10765670239925385,
        0.063100166618824,
        0.03491111844778061,
        0.026735717430710793,
        0.022878658026456833,
        0.017145315185189247,
        0.019872087985277176,
        0.02966451458632946,
        0.051009804010391235,
        0.030248304829001427
    ],
    "mae": [
        0.969137966632843,
        0.32761886715888977,
        0.2744283080101013,
        0.24445840716362,
        0.22876466810703278,
        0.21683862805366516,
        0.20932045578956604,
        0.19797591865062714,
        0.18798914551734924,
        0.18185347318649292
    ],
    "val_mae": [
        0.22998474538326263,
        0.1871807724237442,
        0.1233702078461647,
        0.10094603896141052,
        0.08697615563869476,
        0.06570897251367569,
        0.08321712166070938,
        0.12044906616210938,
        0.16643701493740082,
        0.1192927360534668
    ],
    "r2_metric": [
        -57.156368255615234,
        -62.57556915283203,
        -62.81005096435547,
        -62.90382385253906,
        -62.886924743652344,
        -62.92505645751953,
        -62.86619186401367,
        -62.90916061401367,
        -62.88886642456055,
        -62.86408615112305
    ],
    "val_r2_metric": [
        -62.3524169921875,
        -60.91482162475586,
        -62.06678771972656,
        -61.553810119628906,
        -61.8658332824707,
        -62.28425979614258,
        -61.402557373046875,
        -60.43303298950195,
        -59.24695587158203,
        -60.897098541259766
    ]
}