{
    "loss": [
        0.686736524105072,
        0.09190446883440018,
        0.06737688928842545,
        0.05345983803272247,
        0.04168327897787094,
        0.03478783369064331,
        0.028362160548567772,
        0.023893188685178757,
        0.020797505974769592,
        0.017598960548639297
    ],
    "val_loss": [
        0.022277511656284332,
        0.0272379033267498,
        0.015773648396134377,
        0.01744980365037918,
        0.01817231811583042,
        0.014999425038695335,
        0.015767257660627365,
        0.007184377871453762,
        0.01727251149713993,
        0.010776128619909286
    ],
    "mae": [
        0.48352786898612976,
        0.21432814002037048,
        0.18104688823223114,
        0.15943029522895813,
        0.140123188495636,
        0.1284133493900299,
        0.11512402445077896,
        0.10429520905017853,
        0.0972193032503128,
        0.08972989767789841
    ],
    "val_mae": [
        0.1064380407333374,
        0.12402325868606567,
        0.08802992105484009,
        0.09535868465900421,
        0.09293533861637115,
        0.07643581181764603,
        0.07130324840545654,
        0.048551321029663086,
        0.08456109464168549,
        0.0625634491443634
    ],
    "r2_metric": [
        -60.948516845703125,
        -62.96328353881836,
        -62.93134689331055,
        -62.8643913269043,
        -62.82853698730469,
        -62.838623046875,
        -62.849571228027344,
        -62.857749938964844,
        -62.87534713745117,
        -62.88383865356445
    ],
    "val_r2_metric": [
        -62.758872985839844,
        -60.84792709350586,
        -61.505615234375,
        -60.23234939575195,
        -60.239933013916016,
        -60.62763595581055,
        -60.8320198059082,
        -61.87613296508789,
        -60.56198501586914,
        -61.1641731262207
    ]
}