{
    "loss": [
        0.8517157435417175,
        0.10216087102890015,
        0.07979080826044083,
        0.0656825378537178,
        0.055568140000104904,
        0.04734443128108978,
        0.039762139320373535,
        0.034957416355609894,
        0.029091255739331245,
        0.027109622955322266
    ],
    "val_loss": [
        0.018167439848184586,
        0.024288218468427658,
        0.016603240743279457,
        0.036009740084409714,
        0.025248073041439056,
        0.04393874853849411,
        0.02020077407360077,
        0.03726719319820404,
        0.025316068902611732,
        0.02100454829633236
    ],
    "mae": [
        0.5491493344306946,
        0.22764341533184052,
        0.19793696701526642,
        0.17806126177310944,
        0.16186757385730743,
        0.14737805724143982,
        0.13510113954544067,
        0.12694582343101501,
        0.11443837732076645,
        0.11036385595798492
    ],
    "val_mae": [
        0.09157881140708923,
        0.11194364726543427,
        0.08773215115070343,
        0.1395939439535141,
        0.1102677658200264,
        0.14825934171676636,
        0.09918748587369919,
        0.13764263689517975,
        0.10651209205389023,
        0.09390130639076233
    ],
    "r2_metric": [
        -60.34515380859375,
        -62.970848083496094,
        -62.95969009399414,
        -62.91694259643555,
        -62.91019821166992,
        -62.86861801147461,
        -62.82388687133789,
        -62.83883285522461,
        -62.851234436035156,
        -62.85280990600586
    ],
    "val_r2_metric": [
        -62.84197998046875,
        -60.45904541015625,
        -60.887908935546875,
        -59.7966194152832,
        -59.67173385620117,
        -58.85979461669922,
        -60.326786041259766,
        -59.33679962158203,
        -59.697452545166016,
        -60.10183334350586
    ]
}