{
    "loss": [
        0.8678986430168152,
        0.10262797027826309,
        0.07778716087341309,
        0.06251125037670135,
        0.052871063351631165,
        0.04427536949515343,
        0.037469282746315,
        0.03255776688456535,
        0.02836526744067669,
        0.025160104036331177
    ],
    "val_loss": [
        0.018417388200759888,
        0.052208032459020615,
        0.0197818111628294,
        0.025082824751734734,
        0.020908834412693977,
        0.009207281284034252,
        0.013006109744310379,
        0.010130944661796093,
        0.00775560550391674,
        0.006655962206423283
    ],
    "mae": [
        0.5538628697395325,
        0.2286210060119629,
        0.19633549451828003,
        0.1749315708875656,
        0.1595156341791153,
        0.14534926414489746,
        0.13395799696445465,
        0.12474951148033142,
        0.1158551573753357,
        0.10884685069322586
    ],
    "val_mae": [
        0.08725020289421082,
        0.19281873106956482,
        0.09589149057865143,
        0.12077809125185013,
        0.10091378539800644,
        0.06212376430630684,
        0.07471855729818344,
        0.06903573125600815,
        0.057206444442272186,
        0.04732583463191986
    ],
    "r2_metric": [
        -60.44597625732422,
        -62.984928131103516,
        -62.9481315612793,
        -62.91458511352539,
        -62.892154693603516,
        -62.853641510009766,
        -62.83871078491211,
        -62.853424072265625,
        -62.85917663574219,
        -62.86387252807617
    ],
    "val_r2_metric": [
        -62.759498596191406,
        -60.60635757446289,
        -61.35853576660156,
        -60.94812774658203,
        -60.11885070800781,
        -61.58970260620117,
        -60.917030334472656,
        -61.05878829956055,
        -61.41938018798828,
        -62.045692443847656
    ]
}