{
    "loss": [
        7.9004340171813965,
        3.0119645595550537,
        1.3347843885421753,
        0.8163852095603943,
        0.6051357984542847,
        0.4788939654827118,
        0.40707895159721375,
        0.3463488519191742,
        0.2992604672908783,
        0.2593129575252533
    ],
    "val_loss": [
        4.463465213775635,
        1.5283758640289307,
        0.8482796549797058,
        0.5264615416526794,
        0.3682132661342621,
        0.27446532249450684,
        0.20937682688236237,
        0.17213645577430725,
        0.1775093972682953,
        0.1379355937242508
    ],
    "mae": [
        2.3530819416046143,
        1.449324131011963,
        0.9254261255264282,
        0.7216728925704956,
        0.6033994555473328,
        0.539291262626648,
        0.49183520674705505,
        0.4534341096878052,
        0.4237924814224243,
        0.3929254114627838
    ],
    "val_mae": [
        1.8413256406784058,
        0.9922635555267334,
        0.7124535441398621,
        0.5376063585281372,
        0.4383641481399536,
        0.3785015046596527,
        0.32715490460395813,
        0.2895053029060364,
        0.31824028491973877,
        0.2610437273979187
    ],
    "r2_metric": [
        -57.67981719970703,
        -41.49625778198242,
        -55.56635284423828,
        -58.12791442871094,
        -60.14224624633789,
        -60.77853012084961,
        -61.313961029052734,
        -61.86369323730469,
        -62.01823043823242,
        -62.38742446899414
    ],
    "val_r2_metric": [
        -34.155052185058594,
        -52.53239440917969,
        -56.82079315185547,
        -59.61774444580078,
        -61.07025146484375,
        -61.722511291503906,
        -61.74878692626953,
        -62.45954132080078,
        -63.2167854309082,
        -62.01353454589844
    ]
}