{
    "loss": [
        0.7840025424957275,
        0.09754262864589691,
        0.07536435127258301,
        0.06026969850063324,
        0.048727553337812424,
        0.04093014448881149,
        0.0337267704308033,
        0.030648168176412582,
        0.02815139666199684,
        0.025834621861577034
    ],
    "val_loss": [
        0.01890130154788494,
        0.019451376050710678,
        0.021243581548333168,
        0.04723512753844261,
        0.0319027304649353,
        0.024265184998512268,
        0.03490149974822998,
        0.03467215225100517,
        0.03842414170503616,
        0.0334271565079689
    ],
    "mae": [
        0.5220720171928406,
        0.2220137119293213,
        0.19133546948432922,
        0.16923539340496063,
        0.1504286527633667,
        0.13677486777305603,
        0.1228194534778595,
        0.11787842959165573,
        0.11337268352508545,
        0.108789823949337
    ],
    "val_mae": [
        0.0905444547533989,
        0.1006268635392189,
        0.1012842133641243,
        0.1620972752571106,
        0.12926195561885834,
        0.10348936170339584,
        0.12795871496200562,
        0.12368597090244293,
        0.13287919759750366,
        0.11827249825000763
    ],
    "r2_metric": [
        -60.89408493041992,
        -62.965152740478516,
        -62.975013732910156,
        -62.96768569946289,
        -62.91579055786133,
        -62.860076904296875,
        -62.87320327758789,
        -62.88961410522461,
        -62.883724212646484,
        -62.878482818603516
    ],
    "val_r2_metric": [
        -62.496192932128906,
        -61.612422943115234,
        -60.31276321411133,
        -59.02471160888672,
        -59.79153060913086,
        -59.86650848388672,
        -59.07589340209961,
        -59.180442810058594,
        -58.93612289428711,
        -59.3228874206543
    ]
}