{
    "loss": [
        0.9625452160835266,
        0.11877703666687012,
        0.09196837991476059,
        0.07572516053915024,
        0.06342844665050507,
        0.054098911583423615,
        0.044630322605371475,
        0.03916455805301666,
        0.034639354795217514,
        0.030705858021974564
    ],
    "val_loss": [
        0.02230079658329487,
        0.028700437396764755,
        0.015481710433959961,
        0.027763646095991135,
        0.010442569851875305,
        0.026101237162947655,
        0.008881501853466034,
        0.022561833262443542,
        0.04124740883708,
        0.025942692533135414
    ],
    "mae": [
        0.6033554673194885,
        0.24631094932556152,
        0.21275947988033295,
        0.19057640433311462,
        0.17288485169410706,
        0.15876317024230957,
        0.1439613401889801,
        0.13515393435955048,
        0.12678350508213043,
        0.1191917434334755
    ],
    "val_mae": [
        0.10082738846540451,
        0.1303313672542572,
        0.07986575365066528,
        0.12641184031963348,
        0.06171990931034088,
        0.11292573064565659,
        0.06134580075740814,
        0.1062377467751503,
        0.14128762483596802,
        0.11019580066204071
    ],
    "r2_metric": [
        -59.83479690551758,
        -62.94866943359375,
        -62.938472747802734,
        -62.95077896118164,
        -62.894256591796875,
        -62.896671295166016,
        -62.839725494384766,
        -62.84415817260742,
        -62.852333068847656,
        -62.857994079589844
    ],
    "val_r2_metric": [
        -62.9896125793457,
        -61.30016326904297,
        -61.30863952636719,
        -60.91283416748047,
        -61.90913391113281,
        -59.65039825439453,
        -61.52342987060547,
        -60.09624481201172,
        -58.89321517944336,
        -59.6093635559082
    ]
}