{
    "loss": [
        0.6095343828201294,
        0.08607945591211319,
        0.060676366090774536,
        0.045187849551439285,
        0.0358726866543293,
        0.0290993619710207,
        0.02420666627585888,
        0.02076762728393078,
        0.0175700131803751,
        0.015450631268322468
    ],
    "val_loss": [
        0.035514384508132935,
        0.09496018290519714,
        0.031680263578891754,
        0.04551943019032478,
        0.018748005852103233,
        0.02975803054869175,
        0.023298494517803192,
        0.014115971513092518,
        0.019044240936636925,
        0.019248997792601585
    ],
    "mae": [
        0.4575768709182739,
        0.20742526650428772,
        0.17194686830043793,
        0.14666417241096497,
        0.130131334066391,
        0.11633667349815369,
        0.10464313626289368,
        0.09679225087165833,
        0.08899211883544922,
        0.08269229531288147
    ],
    "val_mae": [
        0.15104182064533234,
        0.25707775354385376,
        0.13581959903240204,
        0.16233015060424805,
        0.0959913432598114,
        0.10951562970876694,
        0.09604480117559433,
        0.07382071018218994,
        0.0867132842540741,
        0.08474473655223846
    ],
    "r2_metric": [
        -61.072723388671875,
        -62.93349075317383,
        -62.88990783691406,
        -62.85458755493164,
        -62.820796966552734,
        -62.835872650146484,
        -62.86083221435547,
        -62.860164642333984,
        -62.88213348388672,
        -62.897789001464844
    ],
    "val_r2_metric": [
        -61.31293487548828,
        -58.96895217895508,
        -60.702293395996094,
        -59.61687088012695,
        -60.06816101074219,
        -59.59602355957031,
        -59.93360900878906,
        -60.74996566772461,
        -60.209442138671875,
        -60.460899353027344
    ]
}