{
    "loss": [
        1.1214419603347778,
        0.12400023639202118,
        0.09912397712469101,
        0.07961437106132507,
        0.06840428709983826,
        0.058461397886276245,
        0.051111143082380295,
        0.04488879069685936,
        0.03922443091869354,
        0.03474724665284157
    ],
    "val_loss": [
        0.04626872017979622,
        0.01280993316322565,
        0.0513608418405056,
        0.01954476162791252,
        0.011968052946031094,
        0.013120452873408794,
        0.010773111134767532,
        0.014641789719462395,
        0.006287451833486557,
        0.005342820193618536
    ],
    "mae": [
        0.6473238468170166,
        0.25238528847694397,
        0.2213364988565445,
        0.19645710289478302,
        0.18106359243392944,
        0.16667450964450836,
        0.15516723692417145,
        0.14419353008270264,
        0.13458113372325897,
        0.12606452405452728
    ],
    "val_mae": [
        0.1677374392747879,
        0.06445975601673126,
        0.19377559423446655,
        0.10102317482233047,
        0.07088488340377808,
        0.07152043282985687,
        0.06762415915727615,
        0.08250623196363449,
        0.041653942316770554,
        0.03669882193207741
    ],
    "r2_metric": [
        -59.961116790771484,
        -62.93134307861328,
        -62.965118408203125,
        -62.95535659790039,
        -62.92726516723633,
        -62.895938873291016,
        -62.86890411376953,
        -62.84030532836914,
        -62.83576965332031,
        -62.84987258911133
    ],
    "val_r2_metric": [
        -62.087276458740234,
        -62.45744705200195,
        -62.181827545166016,
        -61.43632888793945,
        -61.14780807495117,
        -61.390235900878906,
        -62.11141586303711,
        -61.793575286865234,
        -62.080650329589844,
        -62.710777282714844
    ]
}