{
    "loss": [
        1.4260801076889038,
        0.15576907992362976,
        0.11302577704191208,
        0.09493174403905869,
        0.08351968228816986,
        0.07289548963308334,
        0.06652969866991043,
        0.058821722865104675,
        0.05295063927769661,
        0.048028431832790375
    ],
    "val_loss": [
        0.12030329555273056,
        0.046730559319257736,
        0.0257494505494833,
        0.05229673534631729,
        0.02407878264784813,
        0.023448053747415543,
        0.033885277807712555,
        0.020184671506285667,
        0.04063062742352486,
        0.05248349905014038
    ],
    "mae": [
        0.7863345146179199,
        0.29078686237335205,
        0.24228926002979279,
        0.220193549990654,
        0.20458325743675232,
        0.18944190442562103,
        0.18153591454029083,
        0.16895082592964172,
        0.15954720973968506,
        0.15133064985275269
    ],
    "val_mae": [
        0.26835379004478455,
        0.16144871711730957,
        0.10294727981090546,
        0.1796252578496933,
        0.1034751683473587,
        0.10191131383180618,
        0.12938708066940308,
        0.08823374658823013,
        0.1394324004650116,
        0.16424442827701569
    ],
    "r2_metric": [
        -58.06697463989258,
        -62.63581466674805,
        -62.849952697753906,
        -62.87898254394531,
        -62.88645553588867,
        -62.87106704711914,
        -62.844600677490234,
        -62.88330078125,
        -62.84794998168945,
        -62.829952239990234
    ],
    "val_r2_metric": [
        -61.32128143310547,
        -60.764957427978516,
        -62.28752899169922,
        -60.49165725708008,
        -60.41078186035156,
        -61.57926559448242,
        -59.84232711791992,
        -60.7032356262207,
        -59.34975814819336,
        -58.723365783691406
    ]
}