{
    "loss": [
        0.46494802832603455,
        0.06766417622566223,
        0.04448579624295235,
        0.03187737986445427,
        0.024113167077302933,
        0.019310830160975456,
        0.015995290130376816,
        0.013129363767802715,
        0.010803380981087685,
        0.008531791158020496
    ],
    "val_loss": [
        0.016932353377342224,
        0.017353875562548637,
        0.022786932066082954,
        0.008349042385816574,
        0.008281175047159195,
        0.004731366410851479,
        0.00532193761318922,
        0.002815498970448971,
        0.001998970517888665,
        0.004102562554180622
    ],
    "mae": [
        0.37913408875465393,
        0.18093600869178772,
        0.14450819790363312,
        0.12041805684566498,
        0.10288504511117935,
        0.09148366749286652,
        0.0830049067735672,
        0.07420263439416885,
        0.06524655222892761,
        0.05684893578290939
    ],
    "val_mae": [
        0.09141667932271957,
        0.08146287500858307,
        0.10614333301782608,
        0.06310240179300308,
        0.05761844664812088,
        0.041360702365636826,
        0.04291479289531708,
        0.03035568632185459,
        0.020104339346289635,
        0.033344775438308716
    ],
    "r2_metric": [
        -61.80612564086914,
        -62.955928802490234,
        -62.88893127441406,
        -62.86866760253906,
        -62.896183013916016,
        -62.896324157714844,
        -62.90215301513672,
        -62.912750244140625,
        -62.91969299316406,
        -62.92540740966797
    ],
    "val_r2_metric": [
        -61.221527099609375,
        -60.64441680908203,
        -59.82970428466797,
        -61.28109359741211,
        -61.347679138183594,
        -62.04981231689453,
        -61.7004508972168,
        -62.811946868896484,
        -62.54862976074219,
        -61.89210510253906
    ]
}