{
    "loss": [
        1.900194525718689,
        0.17668956518173218,
        0.12869897484779358,
        0.11214104294776917,
        0.10032602399587631,
        0.08901213109493256,
        0.0809568390250206,
        0.07516223192214966,
        0.06745311617851257,
        0.06513132154941559
    ],
    "val_loss": [
        0.1016816794872284,
        0.055149901658296585,
        0.026269305497407913,
        0.0464605987071991,
        0.024283932521939278,
        0.017273638397455215,
        0.022339515388011932,
        0.05092255398631096,
        0.0387304462492466,
        0.020107928663492203
    ],
    "mae": [
        0.9407493472099304,
        0.3133097290992737,
        0.2580208480358124,
        0.23833945393562317,
        0.2253490388393402,
        0.21112176775932312,
        0.20013047754764557,
        0.19179145991802216,
        0.18306684494018555,
        0.1790861338376999
    ],
    "val_mae": [
        0.22590284049510956,
        0.16830655932426453,
        0.09114926308393478,
        0.16612055897712708,
        0.09711365401744843,
        0.06882017850875854,
        0.09586944431066513,
        0.16627506911754608,
        0.14731092751026154,
        0.09110229462385178
    ],
    "r2_metric": [
        -56.82746124267578,
        -62.498619079589844,
        -62.787925720214844,
        -62.861541748046875,
        -62.83843994140625,
        -62.86057662963867,
        -62.84861755371094,
        -62.846031188964844,
        -62.83768844604492,
        -62.87554931640625
    ],
    "val_r2_metric": [
        -62.71684646606445,
        -63.750186920166016,
        -62.13180160522461,
        -61.981571197509766,
        -62.98365020751953,
        -62.298194885253906,
        -60.84662628173828,
        -59.318668365478516,
        -60.34835433959961,
        -60.891929626464844
    ]
}