{
    "loss": [
        0.6624314785003662,
        0.08845376968383789,
        0.06653144210577011,
        0.051216818392276764,
        0.04014507308602333,
        0.03142593428492546,
        0.02487521804869175,
        0.020308975130319595,
        0.017334073781967163,
        0.015176302753388882
    ],
    "val_loss": [
        0.02490081638097763,
        0.02320420742034912,
        0.016465580090880394,
        0.020070543512701988,
        0.011863850988447666,
        0.021722204983234406,
        0.010076053440570831,
        0.010800771415233612,
        0.011728508397936821,
        0.0050925612449646
    ],
    "mae": [
        0.46101486682891846,
        0.20694811642169952,
        0.17651686072349548,
        0.15258878469467163,
        0.1335039883852005,
        0.11701600253582001,
        0.1042543575167656,
        0.09450827538967133,
        0.08728646486997604,
        0.08159279078245163
    ],
    "val_mae": [
        0.11016549915075302,
        0.10875049978494644,
        0.09034253656864166,
        0.09913282841444016,
        0.07802999764680862,
        0.10980166494846344,
        0.06354766339063644,
        0.06586392968893051,
        0.07010893523693085,
        0.046606648713350296
    ],
    "r2_metric": [
        -61.649688720703125,
        -63.01682662963867,
        -62.96903991699219,
        -62.903053283691406,
        -62.87239074707031,
        -62.881099700927734,
        -62.87857437133789,
        -62.88991928100586,
        -62.90314483642578,
        -62.907020568847656
    ],
    "val_r2_metric": [
        -60.40234375,
        -60.37467575073242,
        -60.46844482421875,
        -60.06614303588867,
        -60.903446197509766,
        -60.14092254638672,
        -61.04754638671875,
        -61.290809631347656,
        -61.00345230102539,
        -61.864959716796875
    ]
}