{
    "loss": [
        2.1239452362060547,
        0.1924159824848175,
        0.13822370767593384,
        0.1179671511054039,
        0.10521417111158371,
        0.09441141784191132,
        0.08750825375318527,
        0.0816512480378151,
        0.075905941426754,
        0.07026680558919907
    ],
    "val_loss": [
        0.12122292816638947,
        0.03643369302153587,
        0.03225985914468765,
        0.05420369654893875,
        0.026377590373158455,
        0.01837662234902382,
        0.021038897335529327,
        0.036960870027542114,
        0.013327864930033684,
        0.0136183500289917
    ],
    "mae": [
        1.0097569227218628,
        0.32910966873168945,
        0.2685930132865906,
        0.2443547546863556,
        0.22960630059242249,
        0.217018723487854,
        0.20897184312343597,
        0.20068593323230743,
        0.19189700484275818,
        0.18442469835281372
    ],
    "val_mae": [
        0.243666410446167,
        0.12359854578971863,
        0.11727777868509293,
        0.18088877201080322,
        0.10669594258069992,
        0.07519371807575226,
        0.08970383554697037,
        0.1467093825340271,
        0.05892018601298332,
        0.06574025005102158
    ],
    "r2_metric": [
        -56.51464080810547,
        -62.50259017944336,
        -62.87411117553711,
        -62.902610778808594,
        -62.92812728881836,
        -62.91210174560547,
        -62.87992858886719,
        -62.922340393066406,
        -62.890708923339844,
        -62.90455627441406
    ],
    "val_r2_metric": [
        -63.31962585449219,
        -61.400306701660156,
        -60.59931182861328,
        -60.304508209228516,
        -61.0930061340332,
        -61.74551010131836,
        -61.55659484863281,
        -60.659271240234375,
        -61.91633987426758,
        -61.48827362060547
    ]
}