{
    "loss": [
        3.3029661178588867,
        0.36756396293640137,
        0.22065986692905426,
        0.1684897094964981,
        0.1479012817144394,
        0.1294461190700531,
        0.11770547181367874,
        0.10855114459991455,
        0.10151077061891556,
        0.09692547470331192
    ],
    "val_loss": [
        0.3052331209182739,
        0.09485357999801636,
        0.05430781841278076,
        0.04096216708421707,
        0.04012925177812576,
        0.03031742200255394,
        0.027805324643850327,
        0.025949634611606598,
        0.045717205852270126,
        0.0460241362452507
    ],
    "mae": [
        1.3564536571502686,
        0.46186521649360657,
        0.3517279028892517,
        0.30179640650749207,
        0.2793010175228119,
        0.26107197999954224,
        0.24779802560806274,
        0.23662203550338745,
        0.2285706102848053,
        0.22289276123046875
    ],
    "val_mae": [
        0.4112398326396942,
        0.21492472290992737,
        0.15282182395458221,
        0.12501657009124756,
        0.12542042136192322,
        0.09639028459787369,
        0.08849048614501953,
        0.08736637979745865,
        0.1595439910888672,
        0.16249284148216248
    ],
    "r2_metric": [
        -53.46068572998047,
        -61.55912780761719,
        -62.420352935791016,
        -62.6791877746582,
        -62.84444046020508,
        -62.839839935302734,
        -62.884254455566406,
        -62.888153076171875,
        -62.903480529785156,
        -62.91487503051758
    ],
    "val_r2_metric": [
        -60.969703674316406,
        -63.652069091796875,
        -62.697566986083984,
        -61.72188949584961,
        -61.410667419433594,
        -61.76384353637695,
        -62.27309799194336,
        -62.048675537109375,
        -60.99681091308594,
        -60.846370697021484
    ]
}