{
    "loss": [
        1.0902928113937378,
        0.12672720849514008,
        0.09829574823379517,
        0.08194144070148468,
        0.07046760618686676,
        0.06068206951022148,
        0.051931072026491165,
        0.0443260483443737,
        0.04034911096096039,
        0.03568277880549431
    ],
    "val_loss": [
        0.036471400409936905,
        0.02691129967570305,
        0.03406228870153427,
        0.02403724007308483,
        0.01195039413869381,
        0.03012402355670929,
        0.011161954142153263,
        0.01880005933344364,
        0.014950727112591267,
        0.01857771910727024
    ],
    "mae": [
        0.6495280265808105,
        0.2565573751926422,
        0.22201530635356903,
        0.20055142045021057,
        0.18481063842773438,
        0.1703236997127533,
        0.15744154155254364,
        0.1444620043039322,
        0.13792335987091064,
        0.1294473260641098
    ],
    "val_mae": [
        0.1341620534658432,
        0.11394953727722168,
        0.13926160335540771,
        0.10852738469839096,
        0.06688938289880753,
        0.1265673190355301,
        0.06742985546588898,
        0.09305683523416519,
        0.08578355610370636,
        0.09523313492536545
    ],
    "r2_metric": [
        -59.64435958862305,
        -62.93601608276367,
        -62.983795166015625,
        -62.93599319458008,
        -62.919166564941406,
        -62.91887283325195,
        -62.89055633544922,
        -62.855133056640625,
        -62.84203338623047,
        -62.84531784057617
    ],
    "val_r2_metric": [
        -60.65787124633789,
        -60.384334564208984,
        -60.617366790771484,
        -60.71847152709961,
        -61.47498321533203,
        -60.41352844238281,
        -61.4764404296875,
        -60.559940338134766,
        -60.54226303100586,
        -60.67824172973633
    ]
}