{
    "loss": [
        1.8711284399032593,
        0.16754968464374542,
        0.12277000397443771,
        0.10483159124851227,
        0.09220179915428162,
        0.08131251484155655,
        0.0752650648355484,
        0.06713378429412842,
        0.0620700977742672,
        0.05436401069164276
    ],
    "val_loss": [
        0.06327641755342484,
        0.02693522535264492,
        0.02183758094906807,
        0.027727073058485985,
        0.05980172008275986,
        0.029808664694428444,
        0.06299126893281937,
        0.01967957243323326,
        0.04054920747876167,
        0.03687060624361038
    ],
    "mae": [
        0.9023913145065308,
        0.29805296659469604,
        0.24934178590774536,
        0.22789622843265533,
        0.21271450817584991,
        0.19953744113445282,
        0.19163215160369873,
        0.17947913706302643,
        0.17210201919078827,
        0.16055819392204285
    ],
    "val_mae": [
        0.1751396656036377,
        0.10356652736663818,
        0.09149812161922455,
        0.11299891024827957,
        0.18024182319641113,
        0.11907003819942474,
        0.19418767094612122,
        0.08644864708185196,
        0.15128563344478607,
        0.13282862305641174
    ],
    "r2_metric": [
        -57.16990661621094,
        -62.64760971069336,
        -62.83165740966797,
        -62.86935043334961,
        -62.912357330322266,
        -62.8586540222168,
        -62.90843963623047,
        -62.877262115478516,
        -62.870391845703125,
        -62.848392486572266
    ],
    "val_r2_metric": [
        -62.34540557861328,
        -62.100406646728516,
        -62.599586486816406,
        -61.408321380615234,
        -59.23048400878906,
        -60.844276428222656,
        -59.12697982788086,
        -61.12518310546875,
        -60.213157653808594,
        -59.650146484375
    ]
}