{
    "loss": [
        3.033930778503418,
        0.35117074847221375,
        0.21329928934574127,
        0.1641390025615692,
        0.1407942920923233,
        0.1271931529045105,
        0.1179216057062149,
        0.10815338790416718,
        0.10070224106311798,
        0.09557833522558212
    ],
    "val_loss": [
        0.33293408155441284,
        0.09046687185764313,
        0.05572153627872467,
        0.059524279087781906,
        0.03890741243958473,
        0.0398024283349514,
        0.04702240601181984,
        0.026621444150805473,
        0.0247575081884861,
        0.031711556017398834
    ],
    "mae": [
        1.283841609954834,
        0.45420533418655396,
        0.348520964384079,
        0.29826056957244873,
        0.27638518810272217,
        0.2589491903781891,
        0.2473234385251999,
        0.23860393464565277,
        0.22749483585357666,
        0.22188915312290192
    ],
    "val_mae": [
        0.45109763741493225,
        0.2181500941514969,
        0.15296585857868195,
        0.18033605813980103,
        0.12716907262802124,
        0.13538695871829987,
        0.15762017667293549,
        0.09162483364343643,
        0.08657810091972351,
        0.11481959372758865
    ],
    "r2_metric": [
        -54.33882141113281,
        -61.35875701904297,
        -62.408287048339844,
        -62.64457702636719,
        -62.72536849975586,
        -62.79011917114258,
        -62.85667037963867,
        -62.77982711791992,
        -62.79909896850586,
        -62.80029296875
    ],
    "val_r2_metric": [
        -59.652740478515625,
        -61.37386703491211,
        -61.86140441894531,
        -61.61354446411133,
        -60.92143630981445,
        -61.98112487792969,
        -60.90287399291992,
        -61.82645797729492,
        -62.49398422241211,
        -60.402015686035156
    ]
}