{
    "loss": [
        0.6240050196647644,
        0.08911330997943878,
        0.06079444661736488,
        0.043316587805747986,
        0.03308854624629021,
        0.026080898940563202,
        0.02028110809624195,
        0.016461241990327835,
        0.013523079454898834,
        0.011302534490823746
    ],
    "val_loss": [
        0.017019787803292274,
        0.011338346637785435,
        0.011940861120820045,
        0.00934593379497528,
        0.010683630593121052,
        0.008891131728887558,
        0.007782626897096634,
        0.013861805200576782,
        0.008474895730614662,
        0.005651204381138086
    ],
    "mae": [
        0.45975953340530396,
        0.2091175615787506,
        0.17067576944828033,
        0.1437063366174698,
        0.12581609189510345,
        0.11176180839538574,
        0.0970597043633461,
        0.08596145361661911,
        0.07730771601200104,
        0.070097416639328
    ],
    "val_mae": [
        0.0915447399020195,
        0.06755980104207993,
        0.0702037513256073,
        0.06824576109647751,
        0.06744910776615143,
        0.05875805765390396,
        0.054384805262088776,
        0.06852157413959503,
        0.05084063857793808,
        0.043426040560007095
    ],
    "r2_metric": [
        -61.395267486572266,
        -62.981529235839844,
        -62.905357360839844,
        -62.859580993652344,
        -62.84682083129883,
        -62.85701370239258,
        -62.876373291015625,
        -62.89144515991211,
        -62.90257263183594,
        -62.92192840576172
    ],
    "val_r2_metric": [
        -61.574214935302734,
        -61.696006774902344,
        -61.631866455078125,
        -61.195194244384766,
        -61.05027389526367,
        -61.19526672363281,
        -61.44701385498047,
        -60.7800407409668,
        -61.257911682128906,
        -61.733516693115234
    ]
}