{
    "loss": [
        0.6411750316619873,
        0.0918249785900116,
        0.06862657517194748,
        0.05267052352428436,
        0.041436582803726196,
        0.033934544771909714,
        0.027920881286263466,
        0.022859998047351837,
        0.019073737785220146,
        0.016367953270673752
    ],
    "val_loss": [
        0.013427815400063992,
        0.01929006725549698,
        0.015724075958132744,
        0.014078354462981224,
        0.011795957572758198,
        0.010452364571392536,
        0.008742057718336582,
        0.005500958766788244,
        0.006792754400521517,
        0.0038570091128349304
    ],
    "mae": [
        0.47139859199523926,
        0.21451111137866974,
        0.1824076920747757,
        0.15834853053092957,
        0.13977597653865814,
        0.12670238316059113,
        0.11486362665891647,
        0.10312476009130478,
        0.09263396263122559,
        0.08490994572639465
    ],
    "val_mae": [
        0.07231470197439194,
        0.1035599485039711,
        0.08522626012563705,
        0.08204100281000137,
        0.0749678835272789,
        0.06570053845643997,
        0.06002071872353554,
        0.04076055437326431,
        0.053784649819135666,
        0.03442269191145897
    ],
    "r2_metric": [
        -60.8662109375,
        -62.97292709350586,
        -62.931243896484375,
        -62.87471389770508,
        -62.83015441894531,
        -62.834224700927734,
        -62.84355926513672,
        -62.84877395629883,
        -62.85572052001953,
        -62.87858581542969
    ],
    "val_r2_metric": [
        -63.69316482543945,
        -63.76728820800781,
        -60.99947738647461,
        -60.619041442871094,
        -61.43211364746094,
        -62.08578872680664,
        -61.28218078613281,
        -61.987525939941406,
        -61.57466506958008,
        -62.08482360839844
    ]
}