{
    "loss": [
        2.486067533493042,
        0.25595611333847046,
        0.170879527926445,
        0.14455421268939972,
        0.12554754316806793,
        0.11605526506900787,
        0.10496801137924194,
        0.09848932921886444,
        0.09105860441923141,
        0.0843164399266243
    ],
    "val_loss": [
        0.1885400414466858,
        0.06818610429763794,
        0.04277774319052696,
        0.03596097230911255,
        0.05208707973361015,
        0.028498442843556404,
        0.03388018161058426,
        0.043999236077070236,
        0.0307577196508646,
        0.022835150361061096
    ],
    "mae": [
        1.1281590461730957,
        0.38252753019332886,
        0.3052285313606262,
        0.274934858083725,
        0.25530117750167847,
        0.2431458681821823,
        0.23154687881469727,
        0.22317589819431305,
        0.21502883732318878,
        0.20551587641239166
    ],
    "val_mae": [
        0.3150339722633362,
        0.1748187243938446,
        0.12411727011203766,
        0.10989215970039368,
        0.15806283056735992,
        0.09227064996957779,
        0.11195968836545944,
        0.1500866562128067,
        0.10559636354446411,
        0.08182793110609055
    ],
    "r2_metric": [
        -55.27351760864258,
        -62.085697174072266,
        -62.55228805541992,
        -62.79557800292969,
        -62.86052322387695,
        -62.86210632324219,
        -62.883811950683594,
        -62.86200714111328,
        -62.851192474365234,
        -62.86933135986328
    ],
    "val_r2_metric": [
        -6785.61279296875,
        -4352.37548828125,
        -2294.762939453125,
        -3719.756591796875,
        -4570.1923828125,
        -192.5972137451172,
        -8005.18212890625,
        -1826.90576171875,
        -249.05581665039062,
        -758.3651733398438
    ]
}