{
    "loss": [
        0.930038332939148,
        0.10768991708755493,
        0.0830255076289177,
        0.06753721088171005,
        0.05761227011680603,
        0.04919426888227463,
        0.04193538427352905,
        0.03670728951692581,
        0.03277057781815529,
        0.02835109457373619
    ],
    "val_loss": [
        0.020615043118596077,
        0.012630387209355831,
        0.01080777682363987,
        0.012166199274361134,
        0.026339340955018997,
        0.018106725066900253,
        0.009946785867214203,
        0.013201165944337845,
        0.008265993557870388,
        0.008695969358086586
    ],
    "mae": [
        0.5702954530715942,
        0.2329087108373642,
        0.20244109630584717,
        0.18028046190738678,
        0.1647515594959259,
        0.15117813646793365,
        0.13948757946491241,
        0.13032439351081848,
        0.12312877923250198,
        0.11408055573701859
    ],
    "val_mae": [
        0.09383681416511536,
        0.06832139194011688,
        0.05876956880092621,
        0.06717050075531006,
        0.11867163330316544,
        0.08832486718893051,
        0.05990726128220558,
        0.08291120082139969,
        0.05558246746659279,
        0.06259491294622421
    ],
    "r2_metric": [
        -60.065528869628906,
        -62.95711135864258,
        -62.9235725402832,
        -62.91545867919922,
        -62.89808654785156,
        -62.83060836791992,
        -62.83641052246094,
        -62.81338119506836,
        -62.825950622558594,
        -62.81814193725586
    ],
    "val_r2_metric": [
        -62.141231536865234,
        -62.051883697509766,
        -62.40629196166992,
        -61.51864242553711,
        -60.569759368896484,
        -60.691688537597656,
        -61.94065856933594,
        -60.83737564086914,
        -61.74063491821289,
        -62.23020935058594
    ]
}