{
    "loss": [
        4.252413272857666,
        0.6612237095832825,
        0.32764869928359985,
        0.23443898558616638,
        0.19657926261425018,
        0.16423852741718292,
        0.14604541659355164,
        0.14315436780452728,
        0.12737779319286346,
        0.11665551364421844
    ],
    "val_loss": [
        0.8367499709129333,
        0.22558416426181793,
        0.11350604891777039,
        0.10392697900533676,
        0.06439846009016037,
        0.0609038881957531,
        0.054981015622615814,
        0.048359476029872894,
        0.05379895865917206,
        0.03420478478074074
    ],
    "mae": [
        1.628315806388855,
        0.6409992575645447,
        0.43268927931785583,
        0.36183103919029236,
        0.32833871245384216,
        0.2985832095146179,
        0.2786870300769806,
        0.2735958993434906,
        0.25741487741470337,
        0.2449030876159668
    ],
    "val_mae": [
        0.7340997457504272,
        0.3478030562400818,
        0.23241303861141205,
        0.2381904423236847,
        0.17181986570358276,
        0.1724352389574051,
        0.1595691740512848,
        0.14858002960681915,
        0.1634664535522461,
        0.10824889689683914
    ],
    "r2_metric": [
        -51.77693176269531,
        -59.08383560180664,
        -61.77744674682617,
        -62.382362365722656,
        -62.474178314208984,
        -62.74015808105469,
        -62.83964920043945,
        -62.87374496459961,
        -62.88719940185547,
        -62.911991119384766
    ],
    "val_r2_metric": [
        -55.853126525878906,
        -61.65543746948242,
        -61.249237060546875,
        -60.72018051147461,
        -62.09394073486328,
        -61.40666580200195,
        -62.1716194152832,
        -60.96905517578125,
        -60.1881103515625,
        -61.965999603271484
    ]
}